المعرف,العنوان,مرجع_الآيات,نوع_الربط,رقم_حدث_الدرر,عنوان_حدث_الدرر,رابط_حدث_الدرر,رمز_المرحلة,المرحلة,طريقة_العرض,الموضع_في_الخط_الزمني,يظهر_بعد_حدث,سبب_الموضع,النطاق_من,النطاق_من_حدث,النطاق_إلى,النطاق_إلى_حدث,نص_الربط_في_الواجهة,نص_الربط_في_الواجهة_EN
ASB-001,بدء الوحي في غار حراء,96:1-5,مباشر,12.0,أوَّلُ نُزولِ الوَحيِ ونُبوءةُ النَّبيِّ صلَّى الله عَليهِ وسلَّم .,https://dorar.net/history/event/12,P01,مكة: بدء الوحي,على بطاقة الحدث,12.0,أوَّلُ نُزولِ الوَحيِ ونُبوءةُ النَّبيِّ صلَّى الله عَليهِ وسلَّم .,الحدث مذكور في الحديث نفسه,12.0,أوَّلُ نُزولِ الوَحيِ ونُبوءةُ النَّبيِّ صلَّى الله عَليهِ وسلَّم .,14.0,أوَّلُ النَّاسِ إيمانًا بالله ورسولِه .,مرتبطة بهذا الحدث,Linked to this event
ASB-002,فترة الوحي ثم نزول صدر سورة المدثر,74:1-5,مباشر,12,أوَّلُ نُزولِ الوَحيِ ونُبوءةُ النَّبيِّ صلَّى الله عَليهِ وسلَّم .,https://dorar.net/history/event/12,P01,مكة: بدء الوحي,على بطاقة الحدث,12,أوَّلُ نُزولِ الوَحيِ ونُبوءةُ النَّبيِّ صلَّى الله عَليهِ وسلَّم .,الدرر تذكر نزول صدر سورة المدثر ضمن هذا الحدث,12.0,أوَّلُ نُزولِ الوَحيِ ونُبوءةُ النَّبيِّ صلَّى الله عَليهِ وسلَّم .,14.0,أوَّلُ النَّاسِ إيمانًا بالله ورسولِه .,مرتبطة بهذا الحدث,Linked to this event
ASB-003,إسلام سعد بن أبي وقاص وموقف أمه,29:8; 31:15,مباشر,14.0,أوَّلُ النَّاسِ إيمانًا بالله ورسولِه .,https://dorar.net/history/event/14,P02,مكة: الدعوة والجهر بها,على بطاقة الحدث,14.0,أوَّلُ النَّاسِ إيمانًا بالله ورسولِه .,الحدث مذكور في الحديث نفسه,15.0,ما لقِي الصَّحابةُ من إيذاءِ قُريشٍ .,17.0,الهِجرةُ الأُولى إلى الحَبشةِ .,مرتبطة بهذا الحدث,Linked to this event
ASB-004,النهي عن الجهر الشديد بالقراءة في الصلاة بمكة,17:110,مرحلة,,,,P02,مكة: الدعوة والجهر بها,قسم «آيات نزلت في هذه السنوات» في نهاية المرحلة,17.0,الهِجرةُ الأُولى إلى الحَبشةِ .,مرحلة النزول معروفة دون حدث محدد,15.0,ما لقِي الصَّحابةُ من إيذاءِ قُريشٍ .,17.0,الهِجرةُ الأُولى إلى الحَبشةِ .,وقعت في هذه المرحلة، ولا يُعرف تاريخها بدقة,Took place in this stage; its exact date is not known
ASB-005,الصدع بالدعوة على الصفا,26:214,سياق,16.0,طلب قريش من أبي طالب أن يكف عنهم رسول الله صلى الله عليه وسلم .,https://dorar.net/history/event/16,P02,مكة: الدعوة والجهر بها,رابط سياق من بطاقة الحدث,16.0,طلب قريش من أبي طالب أن يكف عنهم رسول الله صلى الله عليه وسلم .,من أحداث المرحلة نفسها في مكة,15.0,ما لقِي الصَّحابةُ من إيذاءِ قُريشٍ .,17.0,الهِجرةُ الأُولى إلى الحَبشةِ .,مرتبطة بأحداث هذه المرحلة عمومًا، لا بهذا الحدث تحديدًا,"Linked to the events of this stage in general, not to this event specifically"
ASB-006,قول أبي لهب على الصفا ونزول سورة المسد,111:1-5,سياق,16.0,طلب قريش من أبي طالب أن يكف عنهم رسول الله صلى الله عليه وسلم .,https://dorar.net/history/event/16,P02,مكة: الدعوة والجهر بها,رابط سياق من بطاقة الحدث,16.0,طلب قريش من أبي طالب أن يكف عنهم رسول الله صلى الله عليه وسلم .,من أحداث المرحلة نفسها في مكة,15.0,ما لقِي الصَّحابةُ من إيذاءِ قُريشٍ .,17.0,الهِجرةُ الأُولى إلى الحَبشةِ .,مرتبطة بأحداث هذه المرحلة عمومًا، لا بهذا الحدث تحديدًا,"Linked to the events of this stage in general, not to this event specifically"
ASB-007,طلب المشركين إبعاد ضعفاء المسلمين عن مجلس النبي ﷺ,6:52,سياق,15.0,ما لقِي الصَّحابةُ من إيذاءِ قُريشٍ .,https://dorar.net/history/event/15,P03,مكة: الأذى والمجادلات,رابط سياق من بطاقة الحدث,15.0,ما لقِي الصَّحابةُ من إيذاءِ قُريشٍ .,من أحداث المرحلة نفسها في مكة,15.0,ما لقِي الصَّحابةُ من إيذاءِ قُريشٍ .,23.0,نَقْضُ قريش لمِيثاقِ الصَّحيفةِ .,مرتبطة بأحداث هذه المرحلة عمومًا، لا بهذا الحدث تحديدًا,"Linked to the events of this stage in general, not to this event specifically"
ASB-008,وعيد أبي جهل للنبي ﷺ وهو يصلي عند الكعبة,96:6-19,سياق,15.0,ما لقِي الصَّحابةُ من إيذاءِ قُريشٍ .,https://dorar.net/history/event/15,P03,مكة: الأذى والمجادلات,رابط سياق من بطاقة الحدث,15.0,ما لقِي الصَّحابةُ من إيذاءِ قُريشٍ .,من أحداث المرحلة نفسها في مكة,15.0,ما لقِي الصَّحابةُ من إيذاءِ قُريشٍ .,23.0,نَقْضُ قريش لمِيثاقِ الصَّحيفةِ .,مرتبطة بأحداث هذه المرحلة عمومًا، لا بهذا الحدث تحديدًا,"Linked to the events of this stage in general, not to this event specifically"
ASB-009,قول أبي جهل: «اللهم إن كان هذا هو الحق من عندك»,8:32-33,سياق,15.0,ما لقِي الصَّحابةُ من إيذاءِ قُريشٍ .,https://dorar.net/history/event/15,P03,مكة: الأذى والمجادلات,رابط سياق من بطاقة الحدث,15.0,ما لقِي الصَّحابةُ من إيذاءِ قُريشٍ .,من أحداث المرحلة نفسها في مكة,15.0,ما لقِي الصَّحابةُ من إيذاءِ قُريشٍ .,23.0,نَقْضُ قريش لمِيثاقِ الصَّحيفةِ .,مرتبطة بأحداث هذه المرحلة عمومًا، لا بهذا الحدث تحديدًا,"Linked to the events of this stage in general, not to this event specifically"
ASB-010,دَين خبّاب عند العاص بن وائل,19:77-80,سياق,15.0,ما لقِي الصَّحابةُ من إيذاءِ قُريشٍ .,https://dorar.net/history/event/15,P03,مكة: الأذى والمجادلات,رابط سياق من بطاقة الحدث,15.0,ما لقِي الصَّحابةُ من إيذاءِ قُريشٍ .,من أحداث المرحلة نفسها في مكة,15.0,ما لقِي الصَّحابةُ من إيذاءِ قُريشٍ .,23.0,نَقْضُ قريش لمِيثاقِ الصَّحيفةِ .,مرتبطة بأحداث هذه المرحلة عمومًا، لا بهذا الحدث تحديدًا,"Linked to the events of this stage in general, not to this event specifically"
ASB-011,حديث النفر الثلاثة عند الكعبة,41:22-23,سياق,15.0,ما لقِي الصَّحابةُ من إيذاءِ قُريشٍ .,https://dorar.net/history/event/15,P03,مكة: الأذى والمجادلات,رابط سياق من بطاقة الحدث,15.0,ما لقِي الصَّحابةُ من إيذاءِ قُريشٍ .,من أحداث المرحلة نفسها في مكة,15.0,ما لقِي الصَّحابةُ من إيذاءِ قُريشٍ .,23.0,نَقْضُ قريش لمِيثاقِ الصَّحيفةِ .,مرتبطة بأحداث هذه المرحلة عمومًا، لا بهذا الحدث تحديدًا,"Linked to the events of this stage in general, not to this event specifically"
ASB-012,سؤال المشركين عن التوبة بعد القتل والزنا,25:68-70; 39:53,سياق,15.0,ما لقِي الصَّحابةُ من إيذاءِ قُريشٍ .,https://dorar.net/history/event/15,P03,مكة: الأذى والمجادلات,رابط سياق من بطاقة الحدث,15.0,ما لقِي الصَّحابةُ من إيذاءِ قُريشٍ .,من أحداث المرحلة نفسها في مكة,15.0,ما لقِي الصَّحابةُ من إيذاءِ قُريشٍ .,23.0,نَقْضُ قريش لمِيثاقِ الصَّحيفةِ .,مرتبطة بأحداث هذه المرحلة عمومًا، لا بهذا الحدث تحديدًا,"Linked to the events of this stage in general, not to this event specifically"
ASB-013,استماع الجن للقرآن بنخلة,72:1-2,مباشر,26.0,إِسلامُ الجِنِّ وتَوافُدهُم على النَّبيِّ صلَّى الله عَليهِ وسلَّم .,https://dorar.net/history/event/26,P04,مكة: عام الحزن والطائف,على بطاقة الحدث,26.0,إِسلامُ الجِنِّ وتَوافُدهُم على النَّبيِّ صلَّى الله عَليهِ وسلَّم .,الحدث مذكور في الحديث نفسه,24.0,وَفاةُ أمِّ المؤمنين خَديجةَ بنتِ خويلدٍ رضِي الله عنها .,29.0,بداية دخول الأنصار في الإسلام .,مرتبطة بهذا الحدث,Linked to this event
ASB-014,وفاة أبي طالب,9:113; 28:56,مباشر,27.0,وَفاةُ أبي طالبٍ عَمِّ النَّبيِّ صلَّى الله عَليهِ وسلَّم .,https://dorar.net/history/event/27,P04,مكة: عام الحزن والطائف,على بطاقة الحدث,27.0,وَفاةُ أبي طالبٍ عَمِّ النَّبيِّ صلَّى الله عَليهِ وسلَّم .,الحدث مذكور في الحديث نفسه,24.0,وَفاةُ أمِّ المؤمنين خَديجةَ بنتِ خويلدٍ رضِي الله عنها .,29.0,بداية دخول الأنصار في الإسلام .,مرتبطة بهذا الحدث,Linked to this event
ASB-015,احتباس الوحي ونزول سورة الضحى,93:1-3,مباشر,13.0,فُتورُ الوحيِ عن رسولِ الله صلَّى الله عَليهِ وسلَّم .,https://dorar.net/history/event/13,P05,مكة: زمن غير محدد,على بطاقة الحدث,13.0,فُتورُ الوحيِ عن رسولِ الله صلَّى الله عَليهِ وسلَّم .,الحدث مذكور في الحديث نفسه,12.0,أوَّلُ نُزولِ الوَحيِ ونُبوءةُ النَّبيِّ صلَّى الله عَليهِ وسلَّم .,38.0,اجتماعُ المُشركين في دارِ النَّدوَةِ واتِّفاقُهم على قَتلِ النَّبيِّ صلَّى الله عليه وسلَّم .,مرتبطة بهذا الحدث,Linked to this event
ASB-017,عتاب المؤمنين في خشوع القلوب,57:16,مرحلة,,,,P05,مكة: زمن غير محدد,قسم «آيات نزلت في هذه السنوات» في أحداث النطاق,20.0,إِسلامُ عُمَرَ رضِي الله عنهُ .,قال ابن مسعود: بين إسلامنا والعتاب أربع سنين، وكان من السابقين إلى الإسلام (أول الإيمان 13 ق هـ)، فالأرجح نحو 9 ق هـ وما بعدها؛ ولا يُعرف عام إسلامه بدقة، فتُعرض على نطاق لا على حدث معين,15.0,ما لقِي الصَّحابةُ من إيذاءِ قُريشٍ .,20.0,إِسلامُ عُمَرَ رضِي الله عنهُ .,قال ابن مسعود إن بين إسلامهم ونزولها أربع سنين، وكان من السابقين؛ فتُعرض في هذه السنوات من العهد المكي دون ربطها بحدث معين,"Ibn Mas'ud said four years passed between their Islam and this ayah, and he was among the earliest Muslims; so it is shown across these Makkan years, not tied to one event"
ASB-018,تفسير ابن عباس لقوله تعالى: ﴿لَرَادُّكَ إِلَىٰ مَعَادٍ﴾,28:85,موضع مقترح,,,,P05,مكة: زمن غير محدد,في الخط الزمني بعد الحدث المذكور (موضع تقديري),39.0,هِجرةُ الرَّسولِ صلَّى الله عليه وسلَّم وأبي بكرٍ رضِي الله عنه إلى المدينةِ .,فسّر ابن عباس «معاد» بمكة، وهو وعد بالرجوع إليها، فموضعه عند الخروج منها في الهجرة,12.0,أوَّلُ نُزولِ الوَحيِ ونُبوءةُ النَّبيِّ صلَّى الله عَليهِ وسلَّم .,38.0,اجتماعُ المُشركين في دارِ النَّدوَةِ واتِّفاقُهم على قَتلِ النَّبيِّ صلَّى الله عليه وسلَّم .,لا يُعرف تاريخها بدقة، فوُضعت هنا تقديرًا بحسب سياق السيرة,"Its exact date is not known, so it is placed here as an estimate from the context of the Sirah"
ASB-020,إسلام عبد الله بن سلام عند قدوم النبي ﷺ المدينة,2:97,مباشر,37.0,إسلام عبد الله بن سلَام رَضي اللهُ عنه .,https://dorar.net/history/event/37,P06,المدينة: الهجرة والتأسيس (1–2 هـ),على بطاقة الحدث,43.0,إسلام عبد الله بن سلَام رَضي اللهُ عنه .,الحدث مذكور في الحديث نفسه,37.0,هِجرةُ الصَّحابةِ إلى المدينةِ .,57.0,نزول فَرْضية زكاةِ الفِطرِ .,مرتبطة بهذا الحدث,Linked to this event
ASB-021,التوارث بالمؤاخاة ثم نسخه,4:33,مباشر,45.0,المُؤاخاةُ بين المُهاجِرين والأنصارِ .,https://dorar.net/history/event/45,P06,المدينة: الهجرة والتأسيس (1–2 هـ),على بطاقة الحدث,42.0,المُؤاخاةُ بين المُهاجِرين والأنصارِ .,الحدث مذكور في الحديث نفسه,37.0,هِجرةُ الصَّحابةِ إلى المدينةِ .,57.0,نزول فَرْضية زكاةِ الفِطرِ .,مرتبطة بهذا الحدث,Linked to this event
ASB-022,تحويل القبلة إلى الكعبة,2:142-144,مباشر,55.0,تَحويلُ القِبلَةِ إلى الكعبة .,https://dorar.net/history/event/55,P06,المدينة: الهجرة والتأسيس (1–2 هـ),على بطاقة الحدث,55.0,تَحويلُ القِبلَةِ إلى الكعبة .,الحدث مذكور في الحديث نفسه,37.0,هِجرةُ الصَّحابةِ إلى المدينةِ .,57.0,نزول فَرْضية زكاةِ الفِطرِ .,مرتبطة بهذا الحدث,Linked to this event
ASB-023,فرض صيام رمضان ونسخ التخيير,2:184-185,مباشر,56.0,نزول فَرْضِيَّة صِيامِ شَهرِ رَمضانَ .,https://dorar.net/history/event/56,P06,المدينة: الهجرة والتأسيس (1–2 هـ),على بطاقة الحدث,56.0,نزول فَرْضِيَّة صِيامِ شَهرِ رَمضانَ .,الحدث مذكور في الحديث نفسه,37.0,هِجرةُ الصَّحابةِ إلى المدينةِ .,57.0,نزول فَرْضية زكاةِ الفِطرِ .,مرتبطة بهذا الحدث,Linked to this event
ASB-024,قصة قيس بن صرمة ورخصة ليالي الصيام,2:187,مباشر,56.0,نزول فَرْضِيَّة صِيامِ شَهرِ رَمضانَ .,https://dorar.net/history/event/56,P06,المدينة: الهجرة والتأسيس (1–2 هـ),على بطاقة الحدث,56.0,نزول فَرْضِيَّة صِيامِ شَهرِ رَمضانَ .,الحدث مذكور في الحديث نفسه,37.0,هِجرةُ الصَّحابةِ إلى المدينةِ .,57.0,نزول فَرْضية زكاةِ الفِطرِ .,مرتبطة بهذا الحدث,Linked to this event
ASB-025,مرور النبي ﷺ بمجلس فيه عبد الله بن أبي قبل بدر,3:186,مرحلة,,,,P06,المدينة: الهجرة والتأسيس (1–2 هـ),قسم «آيات نزلت في هذه السنوات» في نهاية المرحلة,57.0,نزول فَرْضية زكاةِ الفِطرِ .,مرحلة النزول معروفة دون حدث محدد,37.0,هِجرةُ الصَّحابةِ إلى المدينةِ .,57.0,نزول فَرْضية زكاةِ الفِطرِ .,وقعت في هذه المرحلة، ولا يُعرف تاريخها بدقة,Took place in this stage; its exact date is not known
ASB-026,غنائم بدر وسؤال سعد عن السيف,8:1,مباشر,59.0,غَزوةُ بدرٍ (الكُبرى) وانْتصارُ المُسلمين .,https://dorar.net/history/event/59,P07,المدينة: غزوة بدر (2 هـ),على بطاقة الحدث,59.0,غَزوةُ بدرٍ (الكُبرى) وانْتصارُ المُسلمين .,الحدث مذكور في الحديث نفسه,59.0,غَزوةُ بدرٍ (الكُبرى) وانْتصارُ المُسلمين .,63.0,غزوة السويق أو غزوة بني سليم (قرقرة الكدر) .,مرتبطة بهذا الحدث,Linked to this event
ASB-027,استغاثة النبي ﷺ يوم بدر وأسرى بدر,8:9; 8:67-69,مباشر,59.0,غَزوةُ بدرٍ (الكُبرى) وانْتصارُ المُسلمين .,https://dorar.net/history/event/59,P07,المدينة: غزوة بدر (2 هـ),على بطاقة الحدث,59.0,غَزوةُ بدرٍ (الكُبرى) وانْتصارُ المُسلمين .,الحدث مذكور في الحديث نفسه,59.0,غَزوةُ بدرٍ (الكُبرى) وانْتصارُ المُسلمين .,63.0,غزوة السويق أو غزوة بني سليم (قرقرة الكدر) .,مرتبطة بهذا الحدث,Linked to this event
ASB-028,تخفيف مصابرة العدو,8:65-66,مرحلة,,,,P07,المدينة: غزوة بدر (2 هـ),قسم «آيات نزلت في هذه السنوات» في نهاية المرحلة,63.0,غزوة السويق أو غزوة بني سليم (قرقرة الكدر) .,مرحلة النزول معروفة دون حدث محدد,59.0,غَزوةُ بدرٍ (الكُبرى) وانْتصارُ المُسلمين .,63.0,غزوة السويق أو غزوة بني سليم (قرقرة الكدر) .,وقعت في هذه المرحلة، ولا يُعرف تاريخها بدقة,Took place in this stage; its exact date is not known
ASB-029,المبارزة يوم بدر,22:19,مباشر,59.0,غَزوةُ بدرٍ (الكُبرى) وانْتصارُ المُسلمين .,https://dorar.net/history/event/59,P07,المدينة: غزوة بدر (2 هـ),على بطاقة الحدث,59.0,غَزوةُ بدرٍ (الكُبرى) وانْتصارُ المُسلمين .,الحدث مذكور في الحديث نفسه,59.0,غَزوةُ بدرٍ (الكُبرى) وانْتصارُ المُسلمين .,63.0,غزوة السويق أو غزوة بني سليم (قرقرة الكدر) .,مرتبطة بهذا الحدث,Linked to this event
ASB-030,القاعدون عن بدر وأولو الضرر,4:95,مباشر,59.0,غَزوةُ بدرٍ (الكُبرى) وانْتصارُ المُسلمين .,https://dorar.net/history/event/59,P07,المدينة: غزوة بدر (2 هـ),على بطاقة الحدث,59.0,غَزوةُ بدرٍ (الكُبرى) وانْتصارُ المُسلمين .,الحدث مذكور في الحديث نفسه,59.0,غَزوةُ بدرٍ (الكُبرى) وانْتصارُ المُسلمين .,63.0,غزوة السويق أو غزوة بني سليم (قرقرة الكدر) .,مرتبطة بهذا الحدث,Linked to this event
ASB-031,همّ بني سلمة وبني حارثة يوم أحد,3:122,مباشر,69.0,غَزوةُ أُحُدٍ وسبب هزيمة المسلمين .,https://dorar.net/history/event/69,P08,المدينة: أحد وما بعدها (3–4 هـ),على بطاقة الحدث,68.0,غَزوةُ أُحُدٍ وسبب هزيمة المسلمين .,الحدث مذكور في الحديث نفسه,64.0,مَقتَلُ كعبِ بنِ الأَشرفِ .,76.0,غزوة بدر الموعد (بدر الثانية) .,مرتبطة بهذا الحدث,Linked to this event
ASB-032,جرح النبي ﷺ يوم أحد,3:128,مباشر,69.0,غَزوةُ أُحُدٍ وسبب هزيمة المسلمين .,https://dorar.net/history/event/69,P08,المدينة: أحد وما بعدها (3–4 هـ),على بطاقة الحدث,68.0,غَزوةُ أُحُدٍ وسبب هزيمة المسلمين .,الحدث مذكور في الحديث نفسه,64.0,مَقتَلُ كعبِ بنِ الأَشرفِ .,76.0,غزوة بدر الموعد (بدر الثانية) .,مرتبطة بهذا الحدث,Linked to this event
ASB-033,اختلاف الصحابة فيمن رجع يوم أحد,4:88,مباشر,69.0,غَزوةُ أُحُدٍ وسبب هزيمة المسلمين .,https://dorar.net/history/event/69,P08,المدينة: أحد وما بعدها (3–4 هـ),على بطاقة الحدث,68.0,غَزوةُ أُحُدٍ وسبب هزيمة المسلمين .,الحدث مذكور في الحديث نفسه,64.0,مَقتَلُ كعبِ بنِ الأَشرفِ .,76.0,غزوة بدر الموعد (بدر الثانية) .,مرتبطة بهذا الحدث,Linked to this event
ASB-034,أنس بن النضر يوم أحد,33:23,مباشر,69.0,غَزوةُ أُحُدٍ وسبب هزيمة المسلمين .,https://dorar.net/history/event/69,P08,المدينة: أحد وما بعدها (3–4 هـ),على بطاقة الحدث,68.0,غَزوةُ أُحُدٍ وسبب هزيمة المسلمين .,الحدث مذكور في الحديث نفسه,64.0,مَقتَلُ كعبِ بنِ الأَشرفِ .,76.0,غزوة بدر الموعد (بدر الثانية) .,مرتبطة بهذا الحدث,Linked to this event
ASB-036,قطع نخل بني النضير,59:5,مباشر,76.0,غَزوةُ بني النَّضيرِ .,https://dorar.net/history/event/76,P08,المدينة: أحد وما بعدها (3–4 هـ),على بطاقة الحدث,75.0,غَزوةُ بني النَّضيرِ .,الحدث مذكور في الحديث نفسه,64.0,مَقتَلُ كعبِ بنِ الأَشرفِ .,76.0,غزوة بدر الموعد (بدر الثانية) .,مرتبطة بهذا الحدث,Linked to this event
ASB-037,تحريم الخمر,5:90-93,مرحلة,,,,P08,المدينة: أحد وما بعدها (3–4 هـ),قسم «آيات نزلت في هذه السنوات» في نهاية المرحلة,76.0,غزوة بدر الموعد (بدر الثانية) .,مرحلة النزول معروفة دون حدث محدد,64.0,مَقتَلُ كعبِ بنِ الأَشرفِ .,76.0,غزوة بدر الموعد (بدر الثانية) .,وقعت في هذه المرحلة، ولا يُعرف تاريخها بدقة,Took place in this stage; its exact date is not known
ASB-038,إبطال التبني,33:5,مرحلة,,,,P09,المدينة: الأحزاب وبنو المصطلق (5 هـ),قسم «آيات نزلت في هذه السنوات» في نهاية المرحلة,82.0,غَزوةُ يَهودِ بني قُرَيْظَةَ .,مرحلة النزول معروفة دون حدث محدد,77.0,غزوة دومة الجندل .,82.0,غَزوةُ يَهودِ بني قُرَيْظَةَ .,وقعت في هذه المرحلة، ولا يُعرف تاريخها بدقة,Took place in this stage; its exact date is not known
ASB-039,وليمة زواج أم المؤمنين زينب بنت جحش ونزول آية الحجاب,33:53,مباشر,85.0,نُزولُ آيةِ الحِجابِ .,https://dorar.net/history/event/85,P09,المدينة: الأحزاب وبنو المصطلق (5 هـ),على بطاقة الحدث,81.0,نُزولُ آيةِ الحِجابِ .,الحدث مذكور في الحديث نفسه,77.0,غزوة دومة الجندل .,82.0,غَزوةُ يَهودِ بني قُرَيْظَةَ .,مرتبطة بهذا الحدث,Linked to this event
ASB-040,قول عبد الله بن أبي في غزوة بني المصطلق,63:1-8,مباشر,83.0,غزوة بني المصطلق (المريسيع) .,https://dorar.net/history/event/83,P09,المدينة: الأحزاب وبنو المصطلق (5 هـ),على بطاقة الحدث,78.0,غزوة بني المصطلق (المريسيع) .,الحدث مذكور في الحديث نفسه,77.0,غزوة دومة الجندل .,82.0,غَزوةُ يَهودِ بني قُرَيْظَةَ .,مرتبطة بهذا الحدث,Linked to this event
ASB-041,انقطاع عقد أم المؤمنين عائشة ونزول آية التيمم,5:6,موضع مقترح,,,,P09,المدينة: الأحزاب وبنو المصطلق (5 هـ),في الخط الزمني بعد الحدث المذكور (موضع تقديري),79.0,حادِثةُ الإفْكِ .,الحديث لا يسمّي الغزوة، وتحديدها من كلام أهل السير (انظر ملاحظات_علمية في الملف 1)؛ فوُضعت هنا تقديرًا عند حادثة الإفك، ولا يُعرض الربط على أنه ثابت,77.0,غزوة دومة الجندل .,82.0,غَزوةُ يَهودِ بني قُرَيْظَةَ .,لا يُعرف تاريخها بدقة، فوُضعت هنا تقديرًا بحسب سياق السيرة,"Its exact date is not known, so it is placed here as an estimate from the context of the Sirah"
ASB-042,حادثة الإفك وبراءة أم المؤمنين عائشة,24:11-20,مباشر,79.0,حادِثةُ الإفْكِ .,https://dorar.net/history/event/79,P09,المدينة: الأحزاب وبنو المصطلق (5 هـ),على بطاقة الحدث,79.0,حادِثةُ الإفْكِ .,الحدث مذكور في الحديث نفسه,77.0,غزوة دومة الجندل .,82.0,غَزوةُ يَهودِ بني قُرَيْظَةَ .,مرتبطة بهذا الحدث,Linked to this event
ASB-043,يمين أبي بكر على مسطح,24:22,مباشر,79.0,حادِثةُ الإفْكِ .,https://dorar.net/history/event/79,P09,المدينة: الأحزاب وبنو المصطلق (5 هـ),على بطاقة الحدث,79.0,حادِثةُ الإفْكِ .,الحدث مذكور في الحديث نفسه,77.0,غزوة دومة الجندل .,82.0,غَزوةُ يَهودِ بني قُرَيْظَةَ .,مرتبطة بهذا الحدث,Linked to this event
ASB-044,نزول سورة الفتح في الرجوع من الحديبية,48:1-5,مباشر,101.0,صُلْحُ الحُدَيبيةِ .,https://dorar.net/history/event/101,P10,المدينة: الحديبية (6 هـ),على بطاقة الحدث,97.0,صُلْحُ الحُدَيبيةِ .,الحدث مذكور في الحديث نفسه,83.0,مَقتلُ سَلَّامِ بنِ أبي الحُقَيْقِ اليَهوديِّ .,97.0,صُلْحُ الحُدَيبيةِ .,مرتبطة بهذا الحدث,Linked to this event
ASB-045,كفّ أيدي المشركين في الحديبية,48:24,مباشر,101.0,صُلْحُ الحُدَيبيةِ .,https://dorar.net/history/event/101,P10,المدينة: الحديبية (6 هـ),على بطاقة الحدث,97.0,صُلْحُ الحُدَيبيةِ .,الحدث مذكور في الحديث نفسه,83.0,مَقتلُ سَلَّامِ بنِ أبي الحُقَيْقِ اليَهوديِّ .,97.0,صُلْحُ الحُدَيبيةِ .,مرتبطة بهذا الحدث,Linked to this event
ASB-046,فدية الأذى لكعب بن عجرة,2:196,مباشر,101.0,صُلْحُ الحُدَيبيةِ .,https://dorar.net/history/event/101,P10,المدينة: الحديبية (6 هـ),على بطاقة الحدث,97.0,صُلْحُ الحُدَيبيةِ .,الحدث مذكور في الحديث نفسه,83.0,مَقتلُ سَلَّامِ بنِ أبي الحُقَيْقِ اليَهوديِّ .,97.0,صُلْحُ الحُدَيبيةِ .,مرتبطة بهذا الحدث,Linked to this event
ASB-047,امتحان المؤمنات المهاجرات,60:10-12,مباشر,101.0,صُلْحُ الحُدَيبيةِ .,https://dorar.net/history/event/101,P10,المدينة: الحديبية (6 هـ),على بطاقة الحدث,97.0,صُلْحُ الحُدَيبيةِ .,الحدث مذكور في الحديث نفسه,83.0,مَقتلُ سَلَّامِ بنِ أبي الحُقَيْقِ اليَهوديِّ .,97.0,صُلْحُ الحُدَيبيةِ .,مرتبطة بهذا الحدث,Linked to this event
ASB-048,بيعة الرضوان تحت الشجرة,48:18,مباشر,101.0,صُلْحُ الحُدَيبيةِ .,https://dorar.net/history/event/101,P10,المدينة: الحديبية (6 هـ),على بطاقة الحدث,97.0,صُلْحُ الحُدَيبيةِ .,الحدث مذكور في الحديث نفسه,83.0,مَقتلُ سَلَّامِ بنِ أبي الحُقَيْقِ اليَهوديِّ .,97.0,صُلْحُ الحُدَيبيةِ .,مرتبطة بهذا الحدث,Linked to this event
ASB-049,كتاب حاطب بن أبي بلتعة إلى قريش,60:1,موضع مقترح,,,,P11,المدينة: فتح مكة وحنين (8 هـ),في الخط الزمني بعد الحدث المذكور (موضع تقديري),123.0,غَزوةُ فَتحِ مكَّةَ .,الحديث لا يسمّي الحدث في متنه، لكن البخاري أورده (4274) تحت «باب غَزْوَةِ الْفَتْحِ»، وفيه أن حاطبًا كتب إلى مشركي مكة يخبرهم ببعض أمر النبي ﷺ؛ فوُضعت عند فتح مكة، ولا يُعرض الربط على أنه ثابت,113.0,وَفاةُ زَينبَ رضِي الله عنها بنتِ رسولِ الله صلَّى الله عليه وسلَّم .,130.0,عُمرَةُ الجِعْرانَةِ .,لا يُعرف تاريخها بدقة، فوُضعت هنا تقديرًا بحسب سياق السيرة,"Its exact date is not known, so it is placed here as an estimate from the context of the Sirah"
ASB-050,يوم حنين وثبات النبي ﷺ,9:25-26,مباشر,132.0,غَزوةُ حُنينٍ (هَوازِنَ) .,https://dorar.net/history/event/132,P11,المدينة: فتح مكة وحنين (8 هـ),على بطاقة الحدث,127.0,غَزوةُ حُنينٍ (هَوازِنَ) .,الحدث مذكور في الحديث نفسه,113.0,وَفاةُ زَينبَ رضِي الله عنها بنتِ رسولِ الله صلَّى الله عليه وسلَّم .,130.0,عُمرَةُ الجِعْرانَةِ .,مرتبطة بهذا الحدث,Linked to this event
ASB-051,وفد بني تميم واختلاف أبي بكر وعمر,49:1-2,مباشر,135.0,عامُ الوُفودِ .,https://dorar.net/history/event/135,P12,المدينة: تبوك وعام الوفود (9 هـ),على بطاقة الحدث,132.0,عامُ الوُفودِ .,الحدث مذكور في الحديث نفسه,131.0,وَفاةُ أمِّ كُلثومٍ بنتِ رسولِ الله صلَّى الله عليه وسلَّم .,137.0,حَجَّةُ أبي بكرٍ الصِّدِّيقِ ونُزولُ سُورةِ بَراءَة .,مرتبطة بهذا الحدث,Linked to this event
ASB-052,توبة الثلاثة الذين خُلّفوا,9:117-118,مباشر,138.0,غَزوةُ تَبوكَ وجَيشُ العُسْرَةِ .,https://dorar.net/history/event/138,P12,المدينة: تبوك وعام الوفود (9 هـ),على بطاقة الحدث,135.0,غَزوةُ تَبوكَ وجَيشُ العُسْرَةِ .,الحدث مذكور في الحديث نفسه,131.0,وَفاةُ أمِّ كُلثومٍ بنتِ رسولِ الله صلَّى الله عليه وسلَّم .,137.0,حَجَّةُ أبي بكرٍ الصِّدِّيقِ ونُزولُ سُورةِ بَراءَة .,مرتبطة بهذا الحدث,Linked to this event
ASB-053,لمز المنافقين للمتصدقين,9:79,مباشر,138.0,غَزوةُ تَبوكَ وجَيشُ العُسْرَةِ .,https://dorar.net/history/event/138,P12,المدينة: تبوك وعام الوفود (9 هـ),على بطاقة الحدث,135.0,غَزوةُ تَبوكَ وجَيشُ العُسْرَةِ .,الحدث مذكور في الحديث نفسه,131.0,وَفاةُ أمِّ كُلثومٍ بنتِ رسولِ الله صلَّى الله عليه وسلَّم .,137.0,حَجَّةُ أبي بكرٍ الصِّدِّيقِ ونُزولُ سُورةِ بَراءَة .,مرتبطة بهذا الحدث,Linked to this event
ASB-054,المسجد الذي أسس على التقوى,9:108,مرحلة,,,,P12,المدينة: تبوك وعام الوفود (9 هـ),قسم «آيات نزلت في هذه السنوات» في نهاية المرحلة,137.0,حَجَّةُ أبي بكرٍ الصِّدِّيقِ ونُزولُ سُورةِ بَراءَة .,مرحلة النزول معروفة دون حدث محدد,131.0,وَفاةُ أمِّ كُلثومٍ بنتِ رسولِ الله صلَّى الله عليه وسلَّم .,137.0,حَجَّةُ أبي بكرٍ الصِّدِّيقِ ونُزولُ سُورةِ بَراءَة .,وقعت في هذه المرحلة، ولا يُعرف تاريخها بدقة,Took place in this stage; its exact date is not known
ASB-055,موت عبد الله بن أبي والصلاة عليه,9:80; 9:84,مباشر,139.0,وَفاةُ رَأْسِ المُنافقين عبدِ الله بنِ أُبَيٍّ ابنِ سَلولَ .,https://dorar.net/history/event/139,P12,المدينة: تبوك وعام الوفود (9 هـ),على بطاقة الحدث,136.0,وَفاةُ رَأْسِ المُنافقين عبدِ الله بنِ أُبَيٍّ ابنِ سَلولَ .,الحدث مذكور في الحديث نفسه,131.0,وَفاةُ أمِّ كُلثومٍ بنتِ رسولِ الله صلَّى الله عليه وسلَّم .,137.0,حَجَّةُ أبي بكرٍ الصِّدِّيقِ ونُزولُ سُورةِ بَراءَة .,مرتبطة بهذا الحدث,Linked to this event
ASB-056,حجة أبي بكر والأذان ببراءة,9:1-3,مباشر,140.0,حَجَّةُ أبي بكرٍ الصِّدِّيقِ ونُزولُ سُورةِ بَراءَة .,https://dorar.net/history/event/140,P12,المدينة: تبوك وعام الوفود (9 هـ),على بطاقة الحدث,137.0,حَجَّةُ أبي بكرٍ الصِّدِّيقِ ونُزولُ سُورةِ بَراءَة .,الحدث مذكور في الحديث نفسه,131.0,وَفاةُ أمِّ كُلثومٍ بنتِ رسولِ الله صلَّى الله عليه وسلَّم .,137.0,حَجَّةُ أبي بكرٍ الصِّدِّيقِ ونُزولُ سُورةِ بَراءَة .,مرتبطة بهذا الحدث,Linked to this event
ASB-057,يوم عرفة في حجة الوداع,5:3,مباشر,143.0,حَجَّةُ الوَداعِ وتسمى حَجَّةُ الإسلامِ أو حَجَّةُ البَلاغِ .,https://dorar.net/history/event/143,P13,المدينة: حجة الوداع وأواخر النزول (10–11 هـ),على بطاقة الحدث,140.0,حَجَّةُ الوَداعِ وتسمى حَجَّةُ الإسلامِ أو حَجَّةُ البَلاغِ .,الحدث مذكور في الحديث نفسه,138.0,تَتابُعُ الوُفودِ إلى النَّبيِّ صلَّى الله عليه وسلَّم .,142.0,مُصيبَةُ المسلمين الكُبرى بِوَفاةِ رسولِ الله صلَّى الله عليه وسلَّم .,مرتبطة بهذا الحدث,Linked to this event
ASB-058,آخر ما نزل: آيات الربا,2:275-281,مرحلة,,,,P13,المدينة: حجة الوداع وأواخر النزول (10–11 هـ),في آخر الخط الزمني قبل الوفاة (آخر ما نزل),141.0,خروج الأسود العنسي في اليمن وقتله على يد فيروز الديلمي .,مرحلة النزول معروفة دون حدث محدد,138.0,تَتابُعُ الوُفودِ إلى النَّبيِّ صلَّى الله عليه وسلَّم .,142.0,مُصيبَةُ المسلمين الكُبرى بِوَفاةِ رسولِ الله صلَّى الله عليه وسلَّم .,وقعت في هذه المرحلة، ولا يُعرف تاريخها بدقة,Took place in this stage; its exact date is not known
ASB-061,تحرّج الأنصار من السعي بين الصفا والمروة,2:158,موضع مقترح,,,,P14,المدينة: زمن غير محدد,في الخط الزمني بعد الحدث المذكور (موضع تقديري),111.0,عُمرَةُ الحُديبيةِ وتُسَمَّى (عُمرَةَ القَضاءِ) .,تحرّج الأنصار عند الطواف بين الصفا والمروة، وأول طواف للمسلمين بهما بعد الهجرة كان في عمرة القضاء,37.0,هِجرةُ الصَّحابةِ إلى المدينةِ .,142.0,مُصيبَةُ المسلمين الكُبرى بِوَفاةِ رسولِ الله صلَّى الله عليه وسلَّم .,لا يُعرف تاريخها بدقة، فوُضعت هنا تقديرًا بحسب سياق السيرة,"Its exact date is not known, so it is placed here as an estimate from the context of the Sirah"
ASB-070,خصومة الأشعث بن قيس واليمين الكاذبة,3:77,موضع مقترح,,,,P14,المدينة: زمن غير محدد,في الخط الزمني بعد الحدث المذكور (موضع تقديري),138.0,تَتابُعُ الوُفودِ إلى النَّبيِّ صلَّى الله عليه وسلَّم .,الأشعث بن قيس قدم في وفد كندة، فالقصة بعد قدومه مع الوفود,37.0,هِجرةُ الصَّحابةِ إلى المدينةِ .,142.0,مُصيبَةُ المسلمين الكُبرى بِوَفاةِ رسولِ الله صلَّى الله عليه وسلَّم .,لا يُعرف تاريخها بدقة، فوُضعت هنا تقديرًا بحسب سياق السيرة,"Its exact date is not known, so it is placed here as an estimate from the context of the Sirah"
ASB-078,مرض جابر وآية الميراث,4:176,موضع مقترح,,,,P14,المدينة: زمن غير محدد,في الخط الزمني بعد الحدث المذكور (موضع تقديري),142.0,مُصيبَةُ المسلمين الكُبرى بِوَفاةِ رسولِ الله صلَّى الله عليه وسلَّم .,قال البراء في الصحيحين (خ 4605، م 1618): آخر آية نزلت آية الكلالة، فتُعرض مع آخر الأحداث، عند وفاة النبي ﷺ، لا عند حدث لا صلة له بها,37.0,هِجرةُ الصَّحابةِ إلى المدينةِ .,142.0,مُصيبَةُ المسلمين الكُبرى بِوَفاةِ رسولِ الله صلَّى الله عليه وسلَّم .,لا يُعرف تاريخها بدقة، فوُضعت هنا تقديرًا بحسب سياق السيرة,"Its exact date is not known, so it is placed here as an estimate from the context of the Sirah"
ASB-080,أرواح الشهداء,3:169,مباشر,69.0,غَزوةُ أُحُدٍ وسبب هزيمة المسلمين .,https://dorar.net/history/event/69,P08,المدينة: أحد وما بعدها (3–4 هـ),على بطاقة الحدث,68.0,غَزوةُ أُحُدٍ وسبب هزيمة المسلمين .,الحدث مذكور في الحديث (أبو داود 2520),37.0,هِجرةُ الصَّحابةِ إلى المدينةِ .,142.0,مُصيبَةُ المسلمين الكُبرى بِوَفاةِ رسولِ الله صلَّى الله عليه وسلَّم .,مرتبطة بهذا الحدث,Linked to this event
ASB-082,الواهبات أنفسهن وإرجاء النبي ﷺ من يشاء,33:51,موضع مقترح,,,,P14,المدينة: زمن غير محدد,في الخط الزمني بعد الحدث المذكور (موضع تقديري),81.0,نُزولُ آيةِ الحِجابِ .,الآية في المقطع نفسه من سورة الأحزاب مع آية الحجاب (53) النازلة عند زواج زينب,37.0,هِجرةُ الصَّحابةِ إلى المدينةِ .,142.0,مُصيبَةُ المسلمين الكُبرى بِوَفاةِ رسولِ الله صلَّى الله عليه وسلَّم .,لا يُعرف تاريخها بدقة، فوُضعت هنا تقديرًا بحسب سياق السيرة,"Its exact date is not known, so it is placed here as an estimate from the context of the Sirah"
ASB-083,قصة هلال بن أمية وعويمر العجلاني وآيات اللعان,24:6-9,موضع مقترح,,,,P14,المدينة: زمن غير محدد,في الخط الزمني بعد الحدث المذكور (موضع تقديري),135.0,غَزوةُ تَبوكَ وجَيشُ العُسْرَةِ .,هلال بن أمية من الثلاثة الذين خُلّفوا في تبوك، وأرّخ أهل السير اللعان بعد تبوك؛ وفي تحديده خلاف,37.0,هِجرةُ الصَّحابةِ إلى المدينةِ .,142.0,مُصيبَةُ المسلمين الكُبرى بِوَفاةِ رسولِ الله صلَّى الله عليه وسلَّم .,لا يُعرف تاريخها بدقة، فوُضعت هنا تقديرًا بحسب سياق السيرة,"Its exact date is not known, so it is placed here as an estimate from the context of the Sirah"
ASB-084,قصة العسل ونزول صدر سورة التحريم,66:1-4,موضع مقترح,,,,P14,المدينة: زمن غير محدد,في الخط الزمني بعد الحدث المذكور (موضع تقديري),130.0,عُمرَةُ الجِعْرانَةِ .,في حديث عمر أن العرب حول النبي ﷺ قد استقامت له وأنهم يخافون غسان، وذلك بعد فتح مكة؛ فموضعه أول سنة 9 هـ,37.0,هِجرةُ الصَّحابةِ إلى المدينةِ .,142.0,مُصيبَةُ المسلمين الكُبرى بِوَفاةِ رسولِ الله صلَّى الله عليه وسلَّم .,لا يُعرف تاريخها بدقة، فوُضعت هنا تقديرًا بحسب سياق السيرة,"Its exact date is not known, so it is placed here as an estimate from the context of the Sirah"
TAF-01,سؤال المشركين عن القتال في الشهر الحرام بعد سرية نخلة,2:217-218,مباشر,54.0,سرية عبد الله بن جحش الأسدي إلى نخلة .,https://dorar.net/history/event/54,P06,المدينة: الهجرة والتأسيس (1–2 هـ),على بطاقة الحدث,54.0,سرية عبد الله بن جحش الأسدي إلى نخلة .,الحدث مذكور في الدليل,,,,,مرتبطة بهذا الحدث,Linked to this event
TAF-02,أبناء الأنصار في بني النضير عند إجلائهم,2:256,مباشر,76.0,غَزوةُ بني النَّضيرِ .,https://dorar.net/history/event/76,P08,المدينة: أحد وما بعدها (3–4 هـ),على بطاقة الحدث,75.0,غَزوةُ بني النَّضيرِ .,الحدث مذكور في الدليل,,,,,مرتبطة بهذا الحدث,Linked to this event
TAF-04,الاستجابة للخروج إلى حمراء الأسد بعد أحد,3:172,مباشر,71.0,غَزوةُ حَمراءِ الأَسدِ .,https://dorar.net/history/event/71,P08,المدينة: أحد وما بعدها (3–4 هـ),على بطاقة الحدث,70.0,غَزوةُ حَمراءِ الأَسدِ .,الحدث مذكور في الدليل,,,,,مرتبطة بهذا الحدث,Linked to this event
TAF-05,الخروج إلى موسم بدر في الموعد,3:174,مباشر,78.0,غزوة بدر الموعد (بدر الثانية) .,https://dorar.net/history/event/78,P08,المدينة: أحد وما بعدها (3–4 هـ),على بطاقة الحدث,76.0,غزوة بدر الموعد (بدر الثانية) .,الحدث مذكور في الدليل,,,,,مرتبطة بهذا الحدث,Linked to this event
TAF-06,صلاة النبي ﷺ على النجاشي,3:199,مباشر,137.0,وَفاةُ النَّجاشِيِّ صاحِبِ الحَبشةِ رضِي الله عنه .,https://dorar.net/history/event/137,P12,المدينة: تبوك وعام الوفود (9 هـ),على بطاقة الحدث,134.0,وَفاةُ النَّجاشِيِّ صاحِبِ الحَبشةِ رضِي الله عنه .,الحدث مذكور في الدليل,,,,,مرتبطة بهذا الحدث,Linked to this event
TAF-07,ابنتا سعد بن الربيع بعد استشهاد أبيهما في أحد,4:11,بعد الحدث,69.0,غَزوةُ أُحُدٍ وسبب هزيمة المسلمين .,https://dorar.net/history/event/69,P08,المدينة: أحد وما بعدها (3–4 هـ),على بطاقة الحدث، بوسم «نزلت بعد هذا الحدث»,68.0,غَزوةُ أُحُدٍ وسبب هزيمة المسلمين .,الدليل يذكر أن النزول كان بعد هذا الحدث,,,,,نزلت بعد هذا الحدث,Revealed after this event
TAF-08,سبايا أوطاس,4:24,مباشر,117.0,سريَّة أَوْطاسٍ (وادٍ بين مكة والطائف) .,https://dorar.net/history/event/117,P11,المدينة: فتح مكة وحنين (8 هـ),على بطاقة الحدث,128.0,سريَّة أَوْطاسٍ (وادٍ بين مكة والطائف) .,الحدث مذكور في الدليل,,,,,مرتبطة بهذا الحدث,Linked to this event
TAF-09,الأمر بالكف عن القتال في مكة ثم فرضه بعد الهجرة,4:77,مرحلة,,,,P06,المدينة: الهجرة والتأسيس (1–2 هـ),قسم «آيات مرتبطة» في المرحلة,45.0,مَشروعِيَّةُ الأَذانِ .,الدليل يحدد المرحلة دون حدث بعينه,,,,,وقعت في هذه المرحلة، ولا يُعرف تاريخها بدقة,Took place in this stage; its exact date is not known
TAF-10,المستضعفون من أهل مكة الذين أُخرجوا إلى بدر,4:97,مباشر,59.0,غَزوةُ بدرٍ (الكُبرى) وانْتصارُ المُسلمين .,https://dorar.net/history/event/59,P07,المدينة: غزوة بدر (2 هـ),على بطاقة الحدث,59.0,غَزوةُ بدرٍ (الكُبرى) وانْتصارُ المُسلمين .,الحدث مذكور في الدليل,,,,,مرتبطة بهذا الحدث,Linked to this event
TAF-11,فتنة من بقي بمكة من المسلمين بعد بدر,29:10; 16:110,بعد الحدث,59.0,غَزوةُ بدرٍ (الكُبرى) وانْتصارُ المُسلمين .,https://dorar.net/history/event/59,P07,المدينة: غزوة بدر (2 هـ),على بطاقة الحدث، بوسم «نزلت بعد هذا الحدث»,59.0,غَزوةُ بدرٍ (الكُبرى) وانْتصارُ المُسلمين .,الدليل يذكر أن النزول كان بعد هذا الحدث,,,,,نزلت بعد هذا الحدث,Revealed after this event
TAF-12,رمي النبي ﷺ الحصباء يوم بدر,8:17,مباشر,59.0,غَزوةُ بدرٍ (الكُبرى) وانْتصارُ المُسلمين .,https://dorar.net/history/event/59,P07,المدينة: غزوة بدر (2 هـ),على بطاقة الحدث,59.0,غَزوةُ بدرٍ (الكُبرى) وانْتصارُ المُسلمين .,الحدث مذكور في الدليل,,,,,مرتبطة بهذا الحدث,Linked to this event
TAF-13,سورة الأنفال نزلت في بدر,8:1-75,مباشر,59.0,غَزوةُ بدرٍ (الكُبرى) وانْتصارُ المُسلمين .,https://dorar.net/history/event/59,P07,المدينة: غزوة بدر (2 هـ),على بطاقة الحدث,59.0,غَزوةُ بدرٍ (الكُبرى) وانْتصارُ المُسلمين .,الحدث مذكور في الدليل,,,,,مرتبطة بهذا الحدث,Linked to this event
TAF-14,نقض بني قريظة العهد,8:56,مباشر,86.0,غَزوةُ يَهودِ بني قُرَيْظَةَ .,https://dorar.net/history/event/86,P09,المدينة: الأحزاب وبنو المصطلق (5 هـ),على بطاقة الحدث,82.0,غَزوةُ يَهودِ بني قُرَيْظَةَ .,الحدث مذكور في الدليل,,,,,مرتبطة بهذا الحدث,Linked to this event
TAF-15,استئذان الجد بن قيس في القعود عن تبوك,9:49,مباشر,138.0,غَزوةُ تَبوكَ وجَيشُ العُسْرَةِ .,https://dorar.net/history/event/138,P12,المدينة: تبوك وعام الوفود (9 هـ),على بطاقة الحدث,135.0,غَزوةُ تَبوكَ وجَيشُ العُسْرَةِ .,الحدث مذكور في الدليل,,,,,مرتبطة بهذا الحدث,Linked to this event
TAF-16,المستهزئون بالقرّاء في غزوة تبوك,9:65-66,مباشر,138.0,غَزوةُ تَبوكَ وجَيشُ العُسْرَةِ .,https://dorar.net/history/event/138,P12,المدينة: تبوك وعام الوفود (9 هـ),على بطاقة الحدث,135.0,غَزوةُ تَبوكَ وجَيشُ العُسْرَةِ .,الحدث مذكور في الدليل,,,,,مرتبطة بهذا الحدث,Linked to this event
TAF-17,سورة التوبة وغزوة تبوك,9:1-129,مباشر,138.0,غَزوةُ تَبوكَ وجَيشُ العُسْرَةِ .,https://dorar.net/history/event/138,P12,المدينة: تبوك وعام الوفود (9 هـ),على بطاقة الحدث,135.0,غَزوةُ تَبوكَ وجَيشُ العُسْرَةِ .,الحدث مذكور في الدليل,,,,,مرتبطة بهذا الحدث,Linked to this event
TAF-18,آية العقوبة بالمثل: نزلت يوم فتح مكة بعد التمثيل بشهداء أحد,16:126,مباشر,127.0,غَزوةُ فَتحِ مكَّةَ .,https://dorar.net/history/event/127,P11,المدينة: فتح مكة وحنين (8 هـ),على بطاقة الحدث,123.0,غَزوةُ فَتحِ مكَّةَ .,الحدث مذكور في الدليل,,,,,مرتبطة بهذا الحدث,Linked to this event
TAF-19,طلب أهل مكة أن يُجعل الصفا ذهبًا,17:59,مرحلة,,,,P03,مكة: الأذى والمجادلات,قسم «آيات مرتبطة» في المرحلة,21.0,إسلام الطّفيل بن عمرو الدوسي رَضي اللهُ عنه .,الدليل يحدد المرحلة دون حدث بعينه,,,,,وقعت في هذه المرحلة، ولا يُعرف تاريخها بدقة,Took place in this stage; its exact date is not known
TAF-20,سؤال قريش عن الروح بإيعاز من اليهود,17:85; 18:109,مرحلة,,,,P03,مكة: الأذى والمجادلات,قسم «آيات مرتبطة» في المرحلة,21.0,إسلام الطّفيل بن عمرو الدوسي رَضي اللهُ عنه .,الدليل يحدد المرحلة دون حدث بعينه,,,,,وقعت في هذه المرحلة، ولا يُعرف تاريخها بدقة,Took place in this stage; its exact date is not known
TAF-21,اعتراض ابن الزِّبَعرى على آية ﴿حَصَبُ جَهَنَّمَ﴾,21:98-101,مرحلة,,,,P03,مكة: الأذى والمجادلات,قسم «آيات مرتبطة» في المرحلة,21.0,إسلام الطّفيل بن عمرو الدوسي رَضي اللهُ عنه .,الدليل يحدد المرحلة دون حدث بعينه,,,,,وقعت في هذه المرحلة، ولا يُعرف تاريخها بدقة,Took place in this stage; its exact date is not known
TAF-22,مجادلة قريش في عيسى عليه السلام,43:57,مرحلة,,,,P03,مكة: الأذى والمجادلات,قسم «آيات مرتبطة» في المرحلة,21.0,إسلام الطّفيل بن عمرو الدوسي رَضي اللهُ عنه .,الدليل يحدد المرحلة دون حدث بعينه,,,,,وقعت في هذه المرحلة، ولا يُعرف تاريخها بدقة,Took place in this stage; its exact date is not known
TAF-23,حد القذف ورد شهادة القاذفين,24:4,مباشر,79.0,حادِثةُ الإفْكِ .,https://dorar.net/history/event/79,P09,المدينة: الأحزاب وبنو المصطلق (5 هـ),على بطاقة الحدث,79.0,حادِثةُ الإفْكِ .,الحدث مذكور في الدليل,,,,,مرتبطة بهذا الحدث,Linked to this event
TAF-24,المنافقون والمؤمنون يوم الأحزاب,33:12-17; 33:21-22,مباشر,84.0,غَزوةُ الخَندَقِ (الأَحزابِ) .,https://dorar.net/history/event/84,P09,المدينة: الأحزاب وبنو المصطلق (5 هـ),على بطاقة الحدث,80.0,غَزوةُ الخَندَقِ (الأَحزابِ) .,الحدث مذكور في الدليل,,,,,مرتبطة بهذا الحدث,Linked to this event
TAF-25,إنزال بني قريظة من حصونهم,33:26,مباشر,86.0,غَزوةُ يَهودِ بني قُرَيْظَةَ .,https://dorar.net/history/event/86,P09,المدينة: الأحزاب وبنو المصطلق (5 هـ),على بطاقة الحدث,82.0,غَزوةُ يَهودِ بني قُرَيْظَةَ .,الحدث مذكور في الدليل,,,,,مرتبطة بهذا الحدث,Linked to this event
TAF-26,زيد بن حارثة وزينب بنت جحش,33:37,مباشر,85.0,نُزولُ آيةِ الحِجابِ .,https://dorar.net/history/event/85,P09,المدينة: الأحزاب وبنو المصطلق (5 هـ),على بطاقة الحدث,81.0,نُزولُ آيةِ الحِجابِ .,الحدث مذكور في الدليل,,,,,مرتبطة بهذا الحدث,Linked to this event
TAF-27,النهي عن التنابز بالألقاب عند قدوم النبي ﷺ المدينة,49:11,مرحلة,,,,P06,المدينة: الهجرة والتأسيس (1–2 هـ),قسم «آيات مرتبطة» في المرحلة,45.0,مَشروعِيَّةُ الأَذانِ .,الدليل يحدد المرحلة دون حدث بعينه,,,,,وقعت في هذه المرحلة، ولا يُعرف تاريخها بدقة,Took place in this stage; its exact date is not known
TAF-28,رؤية النبي ﷺ جبريل عند سدرة المنتهى,53:13-18,مباشر,32.0,الإسراءُ والمِعراجُ وفرضُ الصَّلواتِ الخمسِ .,https://dorar.net/history/event/32,P04,مكة: عام الحزن والطائف,على بطاقة الحدث,32.0,الإسراءُ والمِعراجُ وفرضُ الصَّلواتِ الخمسِ .,الحدث مذكور في الدليل,,,,,مرتبطة بهذا الحدث,Linked to this event
TAF-29,انشقاق القمر وقول قريش: «هذا سحر»,54:1-2,مباشر,36.0,مُعجِزةُ انشِقاقِ القَمرِ .,https://dorar.net/history/event/36,P05,مكة: زمن غير محدد,على بطاقة الحدث,36.0,مُعجِزةُ انشِقاقِ القَمرِ .,الحدث مذكور في الدليل,,,,,مرتبطة بهذا الحدث,Linked to this event
TAF-30,مخاصمة مشركي قريش في القدر,54:47-49,مرحلة,,,,P03,مكة: الأذى والمجادلات,قسم «آيات مرتبطة» في المرحلة,21.0,إسلام الطّفيل بن عمرو الدوسي رَضي اللهُ عنه .,الدليل يحدد المرحلة دون حدث بعينه,,,,,وقعت في هذه المرحلة، ولا يُعرف تاريخها بدقة,Took place in this stage; its exact date is not known
TAF-31,سورة الحشر نزلت في بني النضير,59:1-24,مباشر,76.0,غَزوةُ بني النَّضيرِ .,https://dorar.net/history/event/76,P08,المدينة: أحد وما بعدها (3–4 هـ),على بطاقة الحدث,75.0,غَزوةُ بني النَّضيرِ .,الحدث مذكور في الدليل,,,,,مرتبطة بهذا الحدث,Linked to this event
TAF-32,ابن أم مكتوم وسورة عبس,80:1-10,مرحلة,,,,P03,مكة: الأذى والمجادلات,قسم «آيات مرتبطة» في المرحلة,21.0,إسلام الطّفيل بن عمرو الدوسي رَضي اللهُ عنه .,الدليل يحدد المرحلة دون حدث بعينه,,,,,وقعت في هذه المرحلة، ولا يُعرف تاريخها بدقة,Took place in this stage; its exact date is not known
TAF-33,التطفيف في الكيل عند قدوم النبي ﷺ المدينة,83:1-3,مرحلة,,,,P06,المدينة: الهجرة والتأسيس (1–2 هـ),قسم «آيات مرتبطة» في المرحلة,45.0,مَشروعِيَّةُ الأَذانِ .,الدليل يحدد المرحلة دون حدث بعينه,,,,,وقعت في هذه المرحلة، ولا يُعرف تاريخها بدقة,Took place in this stage; its exact date is not known
