رمز_المكان,الاسم,Name_EN,lat,lon,النوع,دقة_الإحداثيات,عدد_الأحداث,حدث_بلوغ_الإسلام,شاهد_بلوغ_الإسلام
mecca,مكة المكرمة (المسجد الحرام),Makkah (al-Masjid al-Haram),21.4225,39.8262,مدينة,مؤكد,18,14,كان أوَّلَ مَنْ آمنَ بالله ورسولِه
kaaba,الكعبة المشرفة,The Kaaba,21.4225,39.8262,معلم,مؤكد,4,,
safa,الصفا,al-Safa,21.4219,39.8277,معلم,مؤكد,1,,
shib,شعب أبي طالب,Shi'b Abi Talib,21.4245,39.8305,معلم,تقريبي – يحتاج تحقق,1,,
hira,غار حراء (جبل النور),Cave of Hira (Jabal al-Nur),21.4575,39.8592,جبل,مؤكد,1,,
thawr,غار ثور (جبل ثور),Cave of Thawr,21.3774,39.8496,جبل,مؤكد,0,,
aqaba,العقبة بمنى (مسجد البيعة),"al-Aqabah, Mina (Masjid al-Bay'ah)",21.4225,39.8731,معلم,مؤكد,3,,
mina,منى,Mina,21.4133,39.8933,معلم,مؤكد,1,,
arafat,عرفات (جبل الرحمة),Arafat (Jabal al-Rahmah),21.3549,39.9841,معلم,مؤكد,1,,
urana,بطن عُرَنة,Batn Uranah,21.352,39.963,وادٍ,مؤكد,1,,
jiranah,الجعرانة,al-Ji'ranah,21.565,39.954,معلم,مؤكد,1,,
taif,الطائف,al-Ta'if,21.2703,40.4158,مدينة,مؤكد,2,,
nakhla,وادي نخلة,Wadi Nakhlah,21.59,40.15,وادٍ,تقريبي – يحتاج تحقق,3,,
ukaz,سوق عكاظ,Suq Ukaz,21.67,40.43,معلم,تقريبي – يحتاج تحقق,1,,
hunayn,وادي حُنين,Wadi Hunayn,21.5,40.03,وادٍ,تقريبي – يحتاج تحقق,1,,
awtas,أوطاس,Awtas,21.8,40.4,وادٍ,تقريبي – يحتاج تحقق,1,,
hudaybiyyah,الحديبية (الشميسي),al-Hudaybiyyah (al-Shumaisi),21.443,39.617,معلم,مؤكد,2,,
usfan,عسفان,Usfan,21.92,39.37,بلدة,مؤكد,1,,
hada,الهدأة بين عسفان ومكة,al-Hada'ah (between Usfan and Makkah),21.7,39.48,موضع,تقريبي – يحتاج تحقق,1,,
qudayd,قُديد,Qudayd,22.35,39.3,بلدة,تقريبي – يحتاج تحقق,1,,
muraysi,المريسيع (ماء لبني المصطلق),al-Muraysi',22.25,39.2,ماء,تقريبي – يحتاج تحقق,1,,
rabigh,رابغ,Rabigh,22.7986,39.0347,بلدة,مؤكد,2,,
kharrar,الخرّار (قرب الجحفة),al-Kharrar (near al-Juhfah),22.75,39.17,وادٍ,تقريبي – يحتاج تحقق,1,,
abwa,الأبواء (ودّان),al-Abwa' (Waddan),23.1,39.05,موضع,تقريبي – يحتاج تحقق,2,,
badr,بدر,Badr,23.78,38.79,موضع,مؤكد,2,,
safawan,وادي سفوان (ناحية بدر),Wadi Safawan (near Badr),23.9,38.95,وادٍ,تقريبي – يحتاج تحقق,1,,
buwat,بواط (جبل قرب ينبع),Buwat (near Yanbu),24.25,38.6,جبل,تقريبي – يحتاج تحقق,1,,
ushayrah,العُشيرة (بطن ينبع),al-Ushayrah (Batn Yanbu),24.18,38.4,موضع,تقريبي – يحتاج تحقق,1,,
ais,العيص (سِيف البحر),al-Is (Red Sea coast),25.07,38.15,موضع,تقريبي – يحتاج تحقق,2,,
sif,سِيف البحر (ساحل البحر الأحمر),Sif al-Bahr (Red Sea coast),24.45,37.92,منطقة,تقريبي – يحتاج تحقق,1,,
medina,المدينة المنورة,al-Madinah,24.4672,39.6111,مدينة,مؤكد,25,34,وانتشر الإسلامُ في أهلِ يَثْرِبَ
masjid_nabawi,المسجد النبوي,The Prophet's Mosque,24.4672,39.6111,معلم,مؤكد,1,,
quba,قباء (مسجد قباء),Quba (Masjid Quba),24.4393,39.6172,معلم,مؤكد,3,,
uhud,جبل أحد (موقع المعركة),Mount Uhud (battlefield),24.502,39.6125,جبل,مؤكد,2,,
khandaq,الخندق (عند جبل سلع),al-Khandaq (by Mount Sal'),24.4775,39.5967,معلم,مؤكد,1,,
qaynuqa,ديار بني قينقاع,Banu Qaynuqa quarter,24.462,39.605,حي,تقريبي – يحتاج تحقق,1,,
nadir,ديار بني النضير (شرق المدينة),Banu al-Nadir lands,24.425,39.64,حي,تقريبي – يحتاج تحقق,2,,
qurayza,ديار بني قريظة,Banu Qurayzah lands,24.448,39.63,حي,تقريبي – يحتاج تحقق,1,,
hamra,حمراء الأسد,Hamra' al-Asad,24.38,39.5,موضع,تقريبي – يحتاج تحقق,1,,
ghaba,الغابة (شمال المدينة),al-Ghabah (north of Madinah),24.58,39.62,موضع,تقريبي – يحتاج تحقق,1,,
dhu_qarad,ذو قَرَد,Dhu Qarad,24.65,39.85,ماء,تقريبي – يحتاج تحقق,1,,
dhu_qassa,ذو القَصّة,Dhu al-Qassah,24.35,39.85,موضع,تقريبي – يحتاج تحقق,2,,
idam,بطن إضم,Batn Idam,24.9,39.2,وادٍ,تقريبي – يحتاج تحقق,1,,
khaybar,خيبر,Khaybar,25.695,39.29,بلدة,مؤكد,6,,
fadak,فدك (الحائط),Fadak (al-Ha'it),25.9933,40.4717,بلدة,تقريبي – يحتاج تحقق,2,,
wadi_qura,وادي القرى,Wadi al-Qura,26.61,37.92,وادٍ,تقريبي – يحتاج تحقق,1,,
dumat,دومة الجندل,Dumat al-Jandal,29.81,39.87,بلدة,مؤكد,2,80,فعَرَض عليه الإسلامَ فأسلَمَ
tabuk,تبوك,Tabuk,28.3838,36.555,بلدة,مؤكد,1,,
mutah,مؤتة (الأردن),Mu'tah (Jordan),31.079,35.693,بلدة,مؤكد,1,,
busra,بُصرى الشام,Bosra,32.5181,36.4817,مدينة,مؤكد,2,,
abyssinia,الحبشة (أكسوم),Abyssinia (Aksum),14.1211,38.7234,بلد,مؤكد,2,17,فنزلنا بخيرِ دارٍ إلى خيرِ جارٍ، أَمَّنَّا على دين
jerusalem,المسجد الأقصى,al-Masjid al-Aqsa,31.7761,35.2358,معلم,مؤكد,0,,
sanaa,صنعاء,Sana'a,15.3694,44.191,مدينة,مؤكد,1,6103,فكَتَب إلى عمَّالِ النَّبيِّ
turabah,تُربة,Turabah,21.21,41.63,بلدة,تقريبي – يحتاج تحقق,1,,
ruhat,رُهاط (موضع صنم سواع),Ruhat,22.3,40.6,موضع,تقريبي – يحتاج تحقق,1,129,قال: أَسلمتُ لله
qarqarat,قرقرة الكُدر (ماء لبني سليم),Qarqarat al-Kudr,25.2,40.6,ماء,تقريبي – يحتاج تحقق,1,,
dhu_amarr,ذو أمرّ (ناحية نجد),Dhu Amarr (Najd),24.95,40.55,ماء,تقريبي – يحتاج تحقق,1,,
bahran,بُحران (ناحية الفُرع),Buhran (al-Fur'),23.5,39.55,موضع,تقريبي – يحتاج تحقق,1,,
jamum,الجَموم (بطن نخل),al-Jamum,24.6,40.4,ماء,تقريبي – يحتاج تحقق,1,,
taraf,الطَّرَف (ماء على 36 ميلًا من المدينة),al-Taraf,24.8,40.1,ماء,تقريبي – يحتاج تحقق,1,,
bir_mauna,بئر معونة,Bi'r Ma'unah,24.0,40.9,ماء,تقريبي – يحتاج تحقق,1,,
najd,نجد (منطقة),Najd (region),25.0,42.0,منطقة,تقريبي – يحتاج تحقق,4,,
nakhl,نخل – ديار غطفان (ذات الرقاع),"Nakhl, Ghatafan lands",25.2,40.4,منطقة,تقريبي – يحتاج تحقق,1,,
hisma,حِسمى (وراء وادي القرى),Hisma,28.8,35.9,منطقة,تقريبي – يحتاج تحقق,1,,
sulaym,ديار بني سليم,Banu Sulaym lands,23.5,40.5,منطقة,تقريبي – يحتاج تحقق,1,,
asad,ديار بني أسد (نجد),Banu Asad lands (Najd),26.5,41.5,منطقة,تقريبي – يحتاج تحقق,2,,
quda,ديار قضاعة (شمال الحجاز),Quda'ah lands,28.0,37.5,منطقة,تقريبي – يحتاج تحقق,2,,
hawazin,ديار هوازن,Hawazin lands,22.5,41.0,منطقة,تقريبي – يحتاج تحقق,1,,
