معرف_الصحابي,الاسم,Name_EN,النوع,نبذة_موثقة,نبذة_موثقة_EN,الوفاة_أو_الاستشهاد,الوفاة_أو_الاستشهاد_EN,عدد_الحقائق,أحداث_الدرر_المرتبطة,أسباب_النزول_المرتبطة,المراجع,حالة_المراجعة,الفئة,وقت_الإسلام,وقت_الإسلام_EN,أسماء_أخرى,Aliases_EN
SAH-001,أبو بكر الصديق رضي الله عنه,Abu Bakr al-Siddiq,صحابي,من أول من آمن بالنبي ﷺ. أسلم بدعوته عثمان والزبير وسعد بن أبي وقاص وطلحة وعبد الرحمن بن عوف. صحب النبي ﷺ في الهجرة إلى المدينة. كان مع النبي ﷺ في غار ثور ثلاث ليال. أشار يوم بدر بفداء الأسرى. أمّره النبي ﷺ على سرية إلى بني فزارة. أمّره النبي ﷺ على الحج سنة 9 هـ.,"One of the first to believe in the Prophet ﷺ. Uthman, al-Zubayr, Sa'd ibn Abi Waqqas, Talhah and Abd al-Rahman ibn Awf accepted Islam through his call. He accompanied the Prophet ﷺ on the Hijrah to Madinah and was with him in the cave of Thawr for three nights. At Badr he advised ransoming the captives. The Prophet ﷺ placed him in command of an expedition to Banu Fazarah, and appointed him leader of the Hajj in 9 AH.",غير مذكورة في مصادر المشروع,,7,14، 42، 59، 98، 140,,الموسوعة التاريخية – الدرر السنية: أوَّلُ النَّاسِ إيمانًا بالله ورسولِه . | الموسوعة التاريخية – الدرر السنية: هِجرةُ الرَّسولِ صلَّى الله عليه وسلَّم وأبي بكرٍ رضِي الله عنه إلى المدينةِ . | الموسوعة التاريخية – الدرر السنية: غَزوةُ بدرٍ (الكُبرى) وانْتصارُ المُسلمين . | الموسوعة التاريخية – الدرر السنية: سرية أبي بكر الصديق رضي الله عنه إلى بني فزارة بوادي القرى . | الموسوعة التاريخية – الدرر السنية: حَجَّةُ أبي بكرٍ الصِّدِّيقِ ونُزولُ سُورةِ بَراءَة .,بانتظار مراجعة مسؤول المحتوى,الصحابة,من أول من آمن بالنبي ﷺ — 13 ق هـ (الدرر: حدث 14),Among the first to believe in the Prophet ﷺ — 13 BH (Dorar: event 14),,
SAH-002,عمر بن الخطاب رضي الله عنه,Umar ibn al-Khattab,صحابي,دعا النبي ﷺ أن يعز الله الإسلام به. أسلم في مكة سنة 7 قبل الهجرة. هاجر إلى المدينة في عشرين راكبًا. نزل الوحي موافقًا لرأيه في أسرى بدر. كان سببًا في نزول آية الحجاب. قاد سرية إلى تربة سنة 7 هـ.,"The Prophet ﷺ prayed that Allah would strengthen Islam through him. He accepted Islam in Makkah in 7 BH and emigrated to Madinah with twenty riders. Revelation agreed with his view on the captives of Badr, and he was a cause of the revelation of the verse of the hijab. He led an expedition to Turabah in 7 AH.",غير مذكورة في مصادر المشروع,,6,20، 40، 59، 85، 109,,الموسوعة التاريخية – الدرر السنية: إِسلامُ عُمَرَ رضِي الله عنهُ . | الموسوعة التاريخية – الدرر السنية: هِجرةُ الصَّحابةِ إلى المدينةِ . | الموسوعة التاريخية – الدرر السنية: غَزوةُ بدرٍ (الكُبرى) وانْتصارُ المُسلمين . | الموسوعة التاريخية – الدرر السنية: نُزولُ آيةِ الحِجابِ . | الموسوعة التاريخية – الدرر السنية: سَرِيَّةُ عُمَرَ بنِ الخطَّابِ رضِي الله عنه إلى (تُرَبَةَ) طائفةٍ مِن هَوازِنَ .,بانتظار مراجعة مسؤول المحتوى,الصحابة,في مكة قبل الهجرة — 7 ق هـ (الدرر: حدث 20),In Makkah before the Hijrah — 7 BH (Dorar: event 20),,
SAH-003,عثمان بن عفان رضي الله عنه,Uthman ibn Affan,صحابي,أسلم بدعوة أبي بكر الصديق. أول من هاجر إلى الحبشة ومعه زوجته رقية بنت النبي ﷺ. تخلف عن بدر بأمر النبي ﷺ ليمرّض رقية، وأسهم له النبي ﷺ. بايع النبي ﷺ عنه بيده في بيعة الرضوان. تزوج أم كلثوم بنت النبي ﷺ بعد وفاة رقية.,"He accepted Islam through the call of Abu Bakr al-Siddiq. He was the first to emigrate to Abyssinia, with his wife Ruqayyah, the daughter of the Prophet ﷺ. He stayed behind from Badr at the Prophet's ﷺ command to nurse Ruqayyah, and the Prophet ﷺ gave him a share of the spoils. At the Pledge of Ridwan the Prophet ﷺ pledged on his behalf with his own hand. He married Umm Kulthum, the Prophet's ﷺ daughter, after Ruqayyah died.",غير مذكورة في مصادر المشروع,,5,14، 17، 60، 100، 134,,الموسوعة التاريخية – الدرر السنية: أوَّلُ النَّاسِ إيمانًا بالله ورسولِه . | الموسوعة التاريخية – الدرر السنية: الهِجرةُ الأُولى إلى الحَبشةِ . | الموسوعة التاريخية – الدرر السنية: وفاةُ رُقَيَّةَ رضِي الله عنها . | الموسوعة التاريخية – الدرر السنية: بَيعةُ الرِّضْوانِ . | الموسوعة التاريخية – الدرر السنية: وَفاةُ أمِّ كُلثومٍ بنتِ رسولِ الله صلَّى الله عليه وسلَّم .,بانتظار مراجعة مسؤول المحتوى,الصحابة,في أول الدعوة، بدعوة أبي بكر — 13 ق هـ (الدرر: حدث 14),"At the start of the call, through Abu Bakr — 13 BH (Dorar: event 14)",,
SAH-004,علي بن أبي طالب رضي الله عنه,Ali ibn Abi Talib,صحابي,من أول من آمن بالنبي ﷺ. حمل لواء النبي ﷺ في غزوة بدر الأولى. فتح الله خيبر على يده. بلّغ سورة براءة في موسم الحج سنة 9 هـ. زوج فاطمة بنت النبي ﷺ.,"One of the first to believe in the Prophet ﷺ. He carried the Prophet's ﷺ banner in the first expedition of Badr. Allah granted the conquest of Khaybar at his hands. He proclaimed Surat Bara'ah at the Hajj season of 9 AH. He was the husband of Fatimah, the Prophet's ﷺ daughter.",غير مذكورة في مصادر المشروع,,5,14، 50، 102، 116، 140,,الموسوعة التاريخية – الدرر السنية: أوَّلُ النَّاسِ إيمانًا بالله ورسولِه . | الموسوعة التاريخية – الدرر السنية: غزوة بدر الأولى (وادي سفوان) . | الموسوعة التاريخية – الدرر السنية: غَزوةُ خَيبرَ . | الموسوعة التاريخية – الدرر السنية: حَجَّةُ أبي بكرٍ الصِّدِّيقِ ونُزولُ سُورةِ بَراءَة . | الموسوعة التاريخية – الدرر السنية: وَفاةُ زَينبَ رضِي الله عنها بنتِ رسولِ الله صلَّى الله عليه وسلَّم .,بانتظار مراجعة مسؤول المحتوى,الصحابة,من أول من آمن بالنبي ﷺ — 13 ق هـ (الدرر: حدث 14),Among the first to believe in the Prophet ﷺ — 13 BH (Dorar: event 14),,
SAH-005,خديجة بنت خويلد رضي الله عنها,Khadijah bint Khuwaylid,صحابية,كانت تاجرة ذات شرف ومال. تزوجها النبي ﷺ قبل البعثة. أول من آمن بالنبي ﷺ. بشّرها النبي ﷺ ببيت في الجنة. توفيت بمكة قبل الهجرة بثلاث سنين ودفنت بالحجون.,"A merchant of honour and wealth. The Prophet ﷺ married her before the prophethood. She was the first to believe in the Prophet ﷺ, and he gave her the glad tidings of a house in Paradise. She died in Makkah three years before the Hijrah and was buried at al-Hajun.",3 ق هـ بمكة (الدرر: حدث 24),3 BH in Makkah (Dorar: event 24),5,9، 10، 14، 24,,الموسوعة التاريخية – الدرر السنية: سفر النبي صلَّى اللهُ عليه وسلَّم للمرة الثانية إلى الشام . | الموسوعة التاريخية – الدرر السنية: زَواجُ النَّبيِّ صلَّى الله عَليهِ وسلَّم من خَديجةَ بنتِ خُويلدٍ رضِي الله عنها . | الموسوعة التاريخية – الدرر السنية: أوَّلُ النَّاسِ إيمانًا بالله ورسولِه . | الموسوعة التاريخية – الدرر السنية: وَفاةُ أمِّ المؤمنين خَديجةَ بنتِ خويلدٍ رضِي الله عنها .,بانتظار مراجعة مسؤول المحتوى,الصحابة,أول من آمن بالنبي ﷺ — 13 ق هـ (الدرر: حدث 14),The first to believe in the Prophet ﷺ — 13 BH (Dorar: event 14),,
SAH-006,عائشة بنت أبي بكر رضي الله عنها,Aishah bint Abi Bakr,صحابية,أم المؤمنين، عقد عليها النبي ﷺ قبل الهجرة وبنى بها بالمدينة. نزلت براءتها في حادثة الإفك. مُرّض النبي ﷺ في بيتها، ودفن في حجرتها.,"Mother of the Believers. The Prophet ﷺ contracted marriage with her before the Hijrah, and she joined him in Madinah. Her innocence was revealed in the incident of the slander (al-Ifk). The Prophet ﷺ was nursed in her house in his final illness and buried in her room.",غير مذكورة في مصادر المشروع,,3,30، 79، 145,,الموسوعة التاريخية – الدرر السنية: زَواجُ النَّبيِّ مِن عائشةَ بنتِ أبي بكرٍ الصِّدِّيقِ رضِي الله عنهُما . | الموسوعة التاريخية – الدرر السنية: حادِثةُ الإفْكِ . | الموسوعة التاريخية – الدرر السنية: مُصيبَةُ المسلمين الكُبرى بِوَفاةِ رسولِ الله صلَّى الله عليه وسلَّم .,بانتظار مراجعة مسؤول المحتوى,الصحابة,غير مذكور في مصادر المشروع,,,
SAH-007,زيد بن حارثة رضي الله عنه,Zayd ibn Harithah,صحابي,مولى النبي ﷺ، ومن أوائل من أسلم. رافق النبي ﷺ إلى الطائف ووقاه بنفسه. قاد عددًا من السرايا. كان أمير الجيش في غزوة مؤتة واستشهد فيها.,"The freed servant (mawla) of the Prophet ﷺ, and one of the earliest to accept Islam. He went with the Prophet ﷺ to al-Ta'if and shielded him with his own body. He led a number of expeditions, and was commander of the army at Mu'tah, where he was martyred.",استشهد في مؤتة 8 هـ (الدرر: حدث 122),"Martyred at Mu'tah, 8 AH (Dorar: event 122)",4,14، 25، 68، 122,,الموسوعة التاريخية – الدرر السنية: أوَّلُ النَّاسِ إيمانًا بالله ورسولِه . | الموسوعة التاريخية – الدرر السنية: خُروجُ رسولِ الله صلَّى الله عَليهِ وسلَّم إلى الطَّائفِ . | الموسوعة التاريخية – الدرر السنية: سَرِيَّةُ زيدِ بنِ حارِثةَ . | الموسوعة التاريخية – الدرر السنية: غَزوةُ مُؤْتَةَ .,بانتظار مراجعة مسؤول المحتوى,الصحابة,من أول من أسلم، بعد خديجة وأبي بكر وعلي — 13 ق هـ (الدرر: حدث 14),"Among the first to accept Islam, after Khadijah, Abu Bakr and Ali — 13 BH (Dorar: event 14)",,
SAH-008,حمزة بن عبد المطلب رضي الله عنه,Hamzah ibn Abd al-Muttalib,صحابي,عم النبي ﷺ، أسلم في مكة. كان لواؤه أول لواء عقده النبي ﷺ. استشهد في غزوة أحد.,Uncle of the Prophet ﷺ; he accepted Islam in Makkah. His banner was the first banner the Prophet ﷺ tied. He was martyred at the Battle of Uhud.,استشهد في أحد 3 هـ (الدرر: حدث 69),"Martyred at Uhud, 3 AH (Dorar: event 69)",3,18، 47، 69,,الموسوعة التاريخية – الدرر السنية: إسلام حمزة بن عبد المطلب رَضي اللهُ عنه . | الموسوعة التاريخية – الدرر السنية: سرية حمزة إلى سيف البحر . | الموسوعة التاريخية – الدرر السنية: غَزوةُ أُحُدٍ وسبب هزيمة المسلمين .,بانتظار مراجعة مسؤول المحتوى,الصحابة,في أواخر السنة السادسة من النبوة — 7 ق هـ (الدرر: حدث 18),Late in the sixth year of the prophethood — 7 BH (Dorar: event 18),,
SAH-009,جعفر بن أبي طالب رضي الله عنه,Ja'far ibn Abi Talib,صحابي,تكلم عن المسلمين أمام النجاشي في الحبشة. بقي في الحبشة حتى قدم عند فتح خيبر. حمل الراية في مؤتة واستشهد فيها.,"He spoke for the Muslims before the Negus in Abyssinia, and stayed there until he arrived at the time of the conquest of Khaybar. He carried the banner at Mu'tah and was martyred there.",استشهد في مؤتة 8 هـ (الدرر: حدث 122),"Martyred at Mu'tah, 8 AH (Dorar: event 122)",3,19، 104، 122,,الموسوعة التاريخية – الدرر السنية: الهِجرةُ الثَّانيةُ إلى الحَبشةِ . | الموسوعة التاريخية – الدرر السنية: هجرة أبي موسى الأشعري وأصحابه رضي الله عنهم إلى المدينة مروراً بالحَبشةِ . | الموسوعة التاريخية – الدرر السنية: غَزوةُ مُؤْتَةَ .,بانتظار مراجعة مسؤول المحتوى,الصحابة,غير مذكور في مصادر المشروع,,,
SAH-010,عبد الله بن رواحة رضي الله عنه,Abdullah ibn Rawahah,صحابي,قاد سرية إلى خيبر سنة 7 هـ. حمل الراية في مؤتة بعد جعفر واستشهد فيها.,He led an expedition to Khaybar in 7 AH. He carried the banner at Mu'tah after Ja'far and was martyred there.,استشهد في مؤتة 8 هـ (الدرر: حدث 122),"Martyred at Mu'tah, 8 AH (Dorar: event 122)",2,112، 122,,الموسوعة التاريخية – الدرر السنية: سَرِيَّةُ عبدِ الله بنِ رَواحةَ إلى خَيبرَ لِقَتلِ يَسيرِ بنِ رِزامٍ اليَهوديِّ . | الموسوعة التاريخية – الدرر السنية: غَزوةُ مُؤْتَةَ .,بانتظار مراجعة مسؤول المحتوى,الصحابة,غير مذكور في مصادر المشروع,,,
SAH-011,مصعب بن عمير رضي الله عنه,Mus'ab ibn Umayr,صحابي,أرسله النبي ﷺ إلى المدينة يعلّم أهلها القرآن. حمل اللواء يوم أحد واستشهد فيه.,The Prophet ﷺ sent him to Madinah to teach its people the Quran. He carried the banner on the day of Uhud and was martyred there.,استشهد في أحد 3 هـ (الدرر: حدث 69),"Martyred at Uhud, 3 AH (Dorar: event 69)",2,34، 69,,الموسوعة التاريخية – الدرر السنية: انتِشارُ الإسلامِ في يَثْرِبَ بعدَ العَقبةِ الأولى . | الموسوعة التاريخية – الدرر السنية: غَزوةُ أُحُدٍ وسبب هزيمة المسلمين .,بانتظار مراجعة مسؤول المحتوى,الصحابة,غير مذكور في مصادر المشروع,,,
SAH-012,سعد بن أبي وقاص رضي الله عنه,Sa'd ibn Abi Waqqas,صحابي,أسلم بدعوة أبي بكر الصديق. أول من رمى بسهم في سبيل الله. ثبت على إسلامه حين حلفت أمه لتردّه عنه، فنزلت فيه آيات.,"He accepted Islam through the call of Abu Bakr al-Siddiq. He was the first to shoot an arrow in the cause of Allah. He held firm to Islam when his mother swore an oath to turn him away from it, and verses were revealed about him.",غير مذكورة في مصادر المشروع,,3,14، 46,ASB-003,الموسوعة التاريخية – الدرر السنية: أوَّلُ النَّاسِ إيمانًا بالله ورسولِه . | الموسوعة التاريخية – الدرر السنية: سرية عبيدة بن الحارث بن المطلب إلى بطن رابغ . | صحيح مسلم 1748,بانتظار مراجعة مسؤول المحتوى,الصحابة,في أول الدعوة، بدعوة أبي بكر — 13 ق هـ (الدرر: حدث 14),"At the start of the call, through Abu Bakr — 13 BH (Dorar: event 14)",,
SAH-013,الزبير بن العوام رضي الله عنه,al-Zubayr ibn al-Awwam,صحابي,أسلم بدعوة أبي بكر الصديق. لقي النبي ﷺ في طريق الهجرة وكساه. أرسله النبي ﷺ ليعرف نية بني قريظة.,He accepted Islam through the call of Abu Bakr al-Siddiq. He met the Prophet ﷺ on the road of the Hijrah and gave him clothing. The Prophet ﷺ sent him to find out the intentions of Banu Qurayza.,غير مذكورة في مصادر المشروع,,3,14، 42، 86,,الموسوعة التاريخية – الدرر السنية: أوَّلُ النَّاسِ إيمانًا بالله ورسولِه . | الموسوعة التاريخية – الدرر السنية: هِجرةُ الرَّسولِ صلَّى الله عليه وسلَّم وأبي بكرٍ رضِي الله عنه إلى المدينةِ . | الموسوعة التاريخية – الدرر السنية: غَزوةُ يَهودِ بني قُرَيْظَةَ .,بانتظار مراجعة مسؤول المحتوى,الصحابة,في أول الدعوة، بدعوة أبي بكر — 13 ق هـ (الدرر: حدث 14),"At the start of the call, through Abu Bakr — 13 BH (Dorar: event 14)",,
SAH-014,عبد الرحمن بن عوف رضي الله عنه,Abd al-Rahman ibn Awf,صحابي,أسلم بدعوة أبي بكر الصديق. آخى النبي ﷺ بينه وبين سعد بن الربيع، فاشتغل بالتجارة. قاد سرية إلى دومة الجندل فأسلم ملكها.,"He accepted Islam through the call of Abu Bakr al-Siddiq. The Prophet ﷺ made him a brother of Sa'd ibn al-Rabi', and he took up trade. He led an expedition to Dumat al-Jandal, and its ruler accepted Islam.",غير مذكورة في مصادر المشروع,,3,14، 45، 97,,الموسوعة التاريخية – الدرر السنية: أوَّلُ النَّاسِ إيمانًا بالله ورسولِه . | الموسوعة التاريخية – الدرر السنية: المُؤاخاةُ بين المُهاجِرين والأنصارِ . | الموسوعة التاريخية – الدرر السنية: سرية عبد الرحمن بن عوف رضي الله عنه إلى دومة الجندل .,بانتظار مراجعة مسؤول المحتوى,الصحابة,في أول الدعوة، بدعوة أبي بكر — 13 ق هـ (الدرر: حدث 14),"At the start of the call, through Abu Bakr — 13 BH (Dorar: event 14)",,
SAH-015,أبو عبيدة بن الجراح رضي الله عنه,Abu Ubaydah ibn al-Jarrah,صحابي,من السابقين إلى الإسلام. قاد سرية سيف البحر (جيش الخبط).,One of the first to accept Islam. He led the expedition of Sif al-Bahr (the Army of al-Khabat).,غير مذكورة في مصادر المشروع,,2,14، 124,,الموسوعة التاريخية – الدرر السنية: أوَّلُ النَّاسِ إيمانًا بالله ورسولِه . | الموسوعة التاريخية – الدرر السنية: سَرِيَّةُ أبي عُبيدةَ بنِ الجَرَّاحِ رضِي الله عنه إلى سِيفِ البَحرِ .,بانتظار مراجعة مسؤول المحتوى,الصحابة,في أول الدعوة — 13 ق هـ (الدرر: حدث 14),At the start of the call — 13 BH (Dorar: event 14),,
SAH-016,بلال بن رباح رضي الله عنه,Bilal ibn Rabah,صحابي,عُذّب في مكة فثبت على الإسلام. اشتراه أبو بكر وأعتقه. أذّن بالأذان حين شُرع في المدينة.,He was tortured in Makkah and held firm to Islam. Abu Bakr bought him and set him free. He gave the call to prayer when it was instituted in Madinah.,غير مذكورة في مصادر المشروع,,3,15، 39,,الموسوعة التاريخية – الدرر السنية: ما لقِي الصَّحابةُ من إيذاءِ قُريشٍ . | الموسوعة التاريخية – الدرر السنية: مَشروعِيَّةُ الأَذانِ .,بانتظار مراجعة مسؤول المحتوى,الصحابة,من أول من أظهر إسلامه بمكة — 9 ق هـ (الدرر: حدث 15),Among the first to make his Islam public in Makkah — 9 BH (Dorar: event 15),,
SAH-017,عمار بن ياسر رضي الله عنه,Ammar ibn Yasir,صحابي,من أول من أظهر إسلامه بمكة، وعُذّب مع أمه سمية.,One of the first to make his Islam public in Makkah; he was tortured together with his mother Sumayyah.,غير مذكورة في مصادر المشروع,,1,15,,الموسوعة التاريخية – الدرر السنية: ما لقِي الصَّحابةُ من إيذاءِ قُريشٍ .,بانتظار مراجعة مسؤول المحتوى,الصحابة,من أول من أظهر إسلامه بمكة — 9 ق هـ (الدرر: حدث 15),Among the first to make his Islam public in Makkah — 9 BH (Dorar: event 15),,
SAH-018,سمية أم عمار رضي الله عنها,"Sumayyah, mother of Ammar",صحابية,من أول من أظهر إسلامه بمكة، وعُذّبت في الله.,One of the first to make her Islam public in Makkah; she was tortured for the sake of Allah.,غير مذكورة في مصادر المشروع,,1,15,,الموسوعة التاريخية – الدرر السنية: ما لقِي الصَّحابةُ من إيذاءِ قُريشٍ .,بانتظار مراجعة مسؤول المحتوى,الصحابة,من أول من أظهر إسلامه بمكة — 9 ق هـ (الدرر: حدث 15),Among the first to make her Islam public in Makkah — 9 BH (Dorar: event 15),,
SAH-019,خالد بن الوليد رضي الله عنه,Khalid ibn al-Walid,صحابي,كان على ميمنة خيل قريش يوم أحد قبل إسلامه. أسلم سنة 8 هـ مع عمرو بن العاص وعثمان بن طلحة. تولى القيادة في مؤتة وانحاز بالمسلمين. بعثه النبي ﷺ فهدم العزى.,Before accepting Islam he commanded the right flank of the Quraysh cavalry at Uhud. He accepted Islam in 8 AH with Amr ibn al-As and Uthman ibn Talhah. He took command at Mu'tah and withdrew the Muslims safely. The Prophet ﷺ sent him to destroy al-Uzza.,غير مذكورة في مصادر المشروع,,4,69، 118، 122، 128,,الموسوعة التاريخية – الدرر السنية: غَزوةُ أُحُدٍ وسبب هزيمة المسلمين . | الموسوعة التاريخية – الدرر السنية: إِسلامُ عَمرِو بنِ العاصِ وخالدِ بنِ الوليدِ وعُثمانَ بنِ طلحةَ رضِي الله عنهم . | الموسوعة التاريخية – الدرر السنية: غَزوةُ مُؤْتَةَ . | الموسوعة التاريخية – الدرر السنية: سَرِيَّةُ خالدِ بنِ الوليدِ رضِي الله عنه إلى العُزَّى بنَخْلَةَ .,بانتظار مراجعة مسؤول المحتوى,الصحابة,قبل فتح مكة — 8 هـ (الدرر: حدث 118),Before the Conquest of Makkah — 8 AH (Dorar: event 118),,
SAH-020,عمرو بن العاص رضي الله عنه,Amr ibn al-As,صحابي,أسلم سنة 8 هـ مع خالد بن الوليد وعثمان بن طلحة. كان أمير غزوة ذات السلاسل. بعثه النبي ﷺ فهدم صنم سواع. حمل كتاب النبي ﷺ إلى ملكي عمان.,"He accepted Islam in 8 AH with Khalid ibn al-Walid and Uthman ibn Talhah. He commanded the expedition of Dhat al-Salasil. The Prophet ﷺ sent him to destroy the idol Suwa', and he carried the Prophet's ﷺ letter to the two kings of Oman.",غير مذكورة في مصادر المشروع,,4,106، 118، 123، 129,,الموسوعة التاريخية – الدرر السنية: إِسلامُ عَمرِو بنِ العاصِ وخالدِ بنِ الوليدِ وعُثمانَ بنِ طلحةَ رضِي الله عنهم . | الموسوعة التاريخية – الدرر السنية: غَزوةُ ذاتِ السَّلاسِلِ . | الموسوعة التاريخية – الدرر السنية: سَرِيَّةُ عَمرِو بنِ العاصِ رضِي الله عنه إلى سُواعٍ، صَنَمِ هُذيلٍ . | الموسوعة التاريخية – الدرر السنية: مراسلة النبي صلى الله عليه وسلم إلى المُلوكِ يَدعوهُم إلى الإسلامِ .,بانتظار مراجعة مسؤول المحتوى,الصحابة,قبل فتح مكة — 8 هـ (الدرر: حدث 118),Before the Conquest of Makkah — 8 AH (Dorar: event 118),,
SAH-021,أبو موسى الأشعري رضي الله عنه,Abu Musa al-Ash'ari,صحابي,هاجر من اليمن ومرّ بالحبشة، وقدم على النبي ﷺ عند فتح خيبر. شهد سرية أوطاس بعد حنين.,He emigrated from Yemen by way of Abyssinia and came to the Prophet ﷺ at the conquest of Khaybar. He took part in the expedition of Awtas after Hunayn.,غير مذكورة في مصادر المشروع,,2,104، 117,,الموسوعة التاريخية – الدرر السنية: هجرة أبي موسى الأشعري وأصحابه رضي الله عنهم إلى المدينة مروراً بالحَبشةِ . | الموسوعة التاريخية – الدرر السنية: سريَّة أَوْطاسٍ (وادٍ بين مكة والطائف) .,بانتظار مراجعة مسؤول المحتوى,الصحابة,غير مذكور في مصادر المشروع,,,
SAH-022,عبد الله بن مسعود رضي الله عنه,Abdullah ibn Mas'ud,صحابي,من السابقين إلى الإسلام. روى حديث انشقاق القمر.,One of the first to accept Islam. He narrated the hadith of the splitting of the moon.,غير مذكورة في مصادر المشروع,,2,14، 36,,الموسوعة التاريخية – الدرر السنية: أوَّلُ النَّاسِ إيمانًا بالله ورسولِه . | الموسوعة التاريخية – الدرر السنية: مُعجِزةُ انشِقاقِ القَمرِ .,بانتظار مراجعة مسؤول المحتوى,الصحابة,غير مذكور في مصادر المشروع,,,
SAH-023,أبو هريرة رضي الله عنه,Abu Hurayrah,صحابي,كان من المؤذنين ببراءة في حج سنة 9 هـ.,He was among those who proclaimed Bara'ah at the Hajj of 9 AH.,غير مذكورة في مصادر المشروع,,1,140,,الموسوعة التاريخية – الدرر السنية: حَجَّةُ أبي بكرٍ الصِّدِّيقِ ونُزولُ سُورةِ بَراءَة .,بانتظار مراجعة مسؤول المحتوى,الصحابة,غير مذكور في مصادر المشروع,,,
SAH-024,أنس بن مالك رضي الله عنه,Anas ibn Malik,صحابي,شهد غزوة خيبر رديفًا لأبي طلحة. وصف رحمة النبي ﷺ بالعيال.,He took part in the expedition of Khaybar riding behind Abu Talhah. He described the Prophet's ﷺ tenderness towards children.,غير مذكورة في مصادر المشروع,,2,102، 142,,الموسوعة التاريخية – الدرر السنية: غَزوةُ خَيبرَ . | الموسوعة التاريخية – الدرر السنية: وَفاةُ إبراهيمَ ابنِ النَّبيِّ صلَّى الله عليه وسلَّم .,بانتظار مراجعة مسؤول المحتوى,الصحابة,غير مذكور في مصادر المشروع,,,
SAH-025,جابر بن عبد الله رضي الله عنهما,Jabir ibn Abdullah,صحابي,أذن له النبي ﷺ وحده بالخروج إلى حمراء الأسد مع من شهد أحدًا. شهد بيعة الرضوان.,The Prophet ﷺ gave him alone leave to go out to Hamra' al-Asad with those who had fought at Uhud. He was present at the Pledge of Ridwan.,غير مذكورة في مصادر المشروع,,2,71، 100,,الموسوعة التاريخية – الدرر السنية: غَزوةُ حَمراءِ الأَسدِ . | الموسوعة التاريخية – الدرر السنية: بَيعةُ الرِّضْوانِ .,بانتظار مراجعة مسؤول المحتوى,الصحابة,غير مذكور في مصادر المشروع,,,
SAH-026,عبد الله بن عمر رضي الله عنهما,Abdullah ibn Umar,صحابي,امتنع عن قتل الأسرى في سرية بني جذيمة.,He refused to kill the captives in the expedition to Banu Jadhimah.,غير مذكورة في مصادر المشروع,,1,130,,الموسوعة التاريخية – الدرر السنية: سَرِيَّةُ خالدِ بنِ الوليدِ رضِي الله عنه إلى بني جَذِيمَةَ .,بانتظار مراجعة مسؤول المحتوى,الصحابة,غير مذكور في مصادر المشروع,,,Ibn ‘Umar
SAH-027,عبد الله بن عباس رضي الله عنهما,Abdullah ibn Abbas,صحابي,روى أن مولد النبي ﷺ كان عام الفيل.,He narrated that the Prophet ﷺ was born in the Year of the Elephant.,غير مذكورة في مصادر المشروع,,1,1,,الموسوعة التاريخية – الدرر السنية: ولادة النبي محمد بن عبدالله صلى الله عليه وسلم .,بانتظار مراجعة مسؤول المحتوى,الصحابة,غير مذكور في مصادر المشروع,,,Ibn ‘Abbaas
SAH-028,البراء بن عازب رضي الله عنهما,al-Bara' ibn Azib,صحابي,روى حديث تحويل القبلة.,He narrated the hadith of the change of the qiblah.,غير مذكورة في مصادر المشروع,,1,55,,الموسوعة التاريخية – الدرر السنية: تَحويلُ القِبلَةِ إلى الكعبة .,بانتظار مراجعة مسؤول المحتوى,الصحابة,غير مذكور في مصادر المشروع,,,
SAH-029,أبو سلمة عبد الله بن عبد الأسد رضي الله عنه,Abu Salamah,صحابي,أول من هاجر إلى المدينة من قريش من بني مخزوم. قاد سرية إلى قطن سنة 4 هـ.,"The first of Quraysh, from Banu Makhzum, to emigrate to Madinah. He led an expedition to Qatan in 4 AH.",غير مذكورة في مصادر المشروع,,2,33، 72,,الموسوعة التاريخية – الدرر السنية: هِجرةُ أبي سَلمةَ وأمِّ سَلمةَ رضي الله عنهما . | الموسوعة التاريخية – الدرر السنية: سرية عبد الله بن عبد الأسد رضي الله عنه إلى قطن .,بانتظار مراجعة مسؤول المحتوى,الصحابة,في أول الدعوة — 13 ق هـ (الدرر: حدث 14),At the start of the call — 13 BH (Dorar: event 14),,
SAH-030,أم سلمة رضي الله عنها,Umm Salamah,صحابية,فُرّق بينها وبين زوجها وابنها عند الهجرة ثم لحقت بزوجها. أشارت على النبي ﷺ يوم الحديبية بأن ينحر ويحلق.,"At the Hijrah she was separated from her husband and her son, and later joined her husband. At al-Hudaybiyah she advised the Prophet ﷺ to sacrifice and shave his head.",غير مذكورة في مصادر المشروع,,2,33، 101,,الموسوعة التاريخية – الدرر السنية: هِجرةُ أبي سَلمةَ وأمِّ سَلمةَ رضي الله عنهما . | الموسوعة التاريخية – الدرر السنية: صُلْحُ الحُدَيبيةِ .,بانتظار مراجعة مسؤول المحتوى,الصحابة,غير مذكور في مصادر المشروع,,,
SAH-031,رقية بنت رسول الله ﷺ رضي الله عنها,"Ruqayyah, daughter of the Prophet ﷺ",صحابية,بنت النبي ﷺ، هاجرت مع زوجها عثمان إلى الحبشة. توفيت سنة 2 هـ أيام بدر.,"Daughter of the Prophet ﷺ. She emigrated to Abyssinia with her husband Uthman, and died in 2 AH, at the time of Badr.",2 هـ (الدرر: حدث 60),2 AH (Dorar: event 60),2,17، 60,,الموسوعة التاريخية – الدرر السنية: الهِجرةُ الأُولى إلى الحَبشةِ . | الموسوعة التاريخية – الدرر السنية: وفاةُ رُقَيَّةَ رضِي الله عنها .,بانتظار مراجعة مسؤول المحتوى,الصحابة,غير مذكور في مصادر المشروع,,,
SAH-032,زينب بنت رسول الله ﷺ رضي الله عنها,"Zaynab, daughter of the Prophet ﷺ",صحابية,كبرى بنات النبي ﷺ، توفيت سنة 8 هـ. أجارت زوجها أبا العاص فأجاز النبي ﷺ جوارها.,"The eldest daughter of the Prophet ﷺ; she died in 8 AH. She granted protection to her husband Abu al-As, and the Prophet ﷺ upheld her protection.",8 هـ (الدرر: حدث 116),8 AH (Dorar: event 116),2,95، 116,,الموسوعة التاريخية – الدرر السنية: وَفاةُ زَينبَ رضِي الله عنها بنتِ رسولِ الله صلَّى الله عليه وسلَّم . | الموسوعة التاريخية – الدرر السنية: سرية زيد بن حارثة رضي الله عنه إلى العيص .,بانتظار مراجعة مسؤول المحتوى,الصحابة,أسلمت وهاجرت قبل إسلام زوجها بست سنين — 8 هـ (الدرر: حدث 116),She accepted Islam and emigrated six years before her husband accepted Islam — 8 AH (Dorar: event 116),,
SAH-033,أم كلثوم بنت رسول الله ﷺ رضي الله عنها,"Umm Kulthum, daughter of the Prophet ﷺ",صحابية,بنت النبي ﷺ، تزوجها عثمان بعد رقية، وتوفيت سنة 9 هـ.,"Daughter of the Prophet ﷺ. Uthman married her after Ruqayyah, and she died in 9 AH.",9 هـ (الدرر: حدث 134),9 AH (Dorar: event 134),1,134,,الموسوعة التاريخية – الدرر السنية: وَفاةُ أمِّ كُلثومٍ بنتِ رسولِ الله صلَّى الله عليه وسلَّم .,بانتظار مراجعة مسؤول المحتوى,الصحابة,غير مذكور في مصادر المشروع,,,
SAH-034,فاطمة بنت رسول الله ﷺ رضي الله عنها,"Fatimah, daughter of the Prophet ﷺ",صحابية,من بنات النبي ﷺ من خديجة.,One of the daughters of the Prophet ﷺ by Khadijah.,غير مذكورة في مصادر المشروع,,1,24,,الموسوعة التاريخية – الدرر السنية: وَفاةُ أمِّ المؤمنين خَديجةَ بنتِ خويلدٍ رضِي الله عنها .,بانتظار مراجعة مسؤول المحتوى,الصحابة,غير مذكور في مصادر المشروع,,,
SAH-035,سودة بنت زمعة رضي الله عنها,Sawdah bint Zam'ah,صحابية,أول من تزوجها النبي ﷺ بعد خديجة.,The first woman the Prophet ﷺ married after Khadijah.,غير مذكورة في مصادر المشروع,,1,28,,الموسوعة التاريخية – الدرر السنية: زَواجُ النَّبيِّ صلَّى الله عَليهِ وسلَّم من سَوْدَةَ بنتِ زَمْعَةَ رضِي الله عنها .,بانتظار مراجعة مسؤول المحتوى,الصحابة,غير مذكور في مصادر المشروع,,,
SAH-036,أسامة بن زيد رضي الله عنهما,Usamah ibn Zayd,صحابي,ابن زيد بن حارثة وأم أيمن. كان رديف النبي ﷺ يوم مرّ بمجلس عبد الله بن أبي.,Son of Zayd ibn Harithah and Umm Ayman. He was riding behind the Prophet ﷺ on the day he passed by the gathering of Abdullah ibn Ubayy.,غير مذكورة في مصادر المشروع,,2,3,ASB-025,الموسوعة التاريخية – الدرر السنية: وفاة أم النبي آمنة بنت وهب وحضانة أم أيمن له صلى الله عليه وسلم . | صحيح البخاري 4566؛ صحيح مسلم 1798,بانتظار مراجعة مسؤول المحتوى,الصحابة,غير مذكور في مصادر المشروع,,,
SAH-037,سلمة بن الأكوع رضي الله عنه,Salamah ibn al-Akwa',صحابي,أدرك المغيرين يوم ذي قرد واستنقذ اللقاح.,On the day of Dhu Qarad he caught up with the raiders and recovered the milch camels.,غير مذكورة في مصادر المشروع,,1,88,,الموسوعة التاريخية – الدرر السنية: غَزوةُ ذي قَرَدٍ .,بانتظار مراجعة مسؤول المحتوى,الصحابة,غير مذكور في مصادر المشروع,,,
SAH-038,عبد الله بن سلام رضي الله عنه,Abdullah ibn Salam,صحابي,كان حبرًا من أحبار اليهود فأسلم عند قدوم النبي ﷺ المدينة.,"He was one of the rabbis of the Jews, and accepted Islam when the Prophet ﷺ arrived in Madinah.",غير مذكورة في مصادر المشروع,,1,37,,الموسوعة التاريخية – الدرر السنية: إسلام عبد الله بن سلَام رَضي اللهُ عنه .,بانتظار مراجعة مسؤول المحتوى,الصحابة,بعد قدوم النبي ﷺ المدينة — 1 هـ (الدرر: حدث 37),After the Prophet ﷺ arrived in Madinah — 1 AH (Dorar: event 37),,
SAH-039,سعد بن معاذ رضي الله عنه,Sa'd ibn Mu'adh,صحابي,سيد الأوس، أسلم على يد مصعب بن عمير. حكم في بني قريظة.,Chief of al-Aws; he accepted Islam at the hands of Mus'ab ibn Umayr. He gave the judgement concerning Banu Qurayza.,غير مذكورة في مصادر المشروع,,2,34، 86,,الموسوعة التاريخية – الدرر السنية: انتِشارُ الإسلامِ في يَثْرِبَ بعدَ العَقبةِ الأولى . | الموسوعة التاريخية – الدرر السنية: غَزوةُ يَهودِ بني قُرَيْظَةَ .,بانتظار مراجعة مسؤول المحتوى,الصحابة,غير مذكور في مصادر المشروع,,,
SAH-040,سعد بن عبادة رضي الله عنه,Sa'd ibn Ubadah,صحابي,استخلفه النبي ﷺ على المدينة في غزوة الأبواء.,The Prophet ﷺ left him in charge of Madinah during the expedition of al-Abwa'.,غير مذكورة في مصادر المشروع,,1,49,,الموسوعة التاريخية – الدرر السنية: غَزوةُ الأَبْواءِ (وَدَّانَ) ومُوادَعةُ بني ضَمْرَةَ .,بانتظار مراجعة مسؤول المحتوى,الصحابة,غير مذكور في مصادر المشروع,,,
SAH-041,خبيب بن عدي رضي الله عنه,Khubayb ibn Adi,صحابي,أُسر يوم الرجيع وقُتل بمكة، وسنّ الركعتين لمن يُقتل صبرًا.,He was captured on the day of al-Raji' and killed in Makkah. He established the practice of praying two rak'ahs before being executed.,قُتل بمكة بعد يوم الرجيع 4 هـ (الدرر: حدث 74),"Killed in Makkah after the day of al-Raji', 4 AH (Dorar: event 74)",1,74,,الموسوعة التاريخية – الدرر السنية: سرية يَوم الرَّجيعِ .,بانتظار مراجعة مسؤول المحتوى,الصحابة,غير مذكور في مصادر المشروع,,,
SAH-042,عاصم بن ثابت رضي الله عنه,Asim ibn Thabit,صحابي,أمير سرية الرجيع، استشهد فيها.,"Commander of the expedition of al-Raji', in which he was martyred.",استشهد يوم الرجيع 4 هـ (الدرر: حدث 74),"Martyred on the day of al-Raji', 4 AH (Dorar: event 74)",1,74,,الموسوعة التاريخية – الدرر السنية: سرية يَوم الرَّجيعِ .,بانتظار مراجعة مسؤول المحتوى,الصحابة,غير مذكور في مصادر المشروع,,,
SAH-043,زيد بن أرقم رضي الله عنه,Zayd ibn Arqam,صحابي,سمع مقالة ابن أبي في غزوة بني المصطلق فنزلت سورة المنافقون تصديقًا له.,"He heard what Ibn Ubayy said during the expedition of Banu al-Mustaliq, and Surat al-Munafiqun was revealed confirming him.",غير مذكورة في مصادر المشروع,,1,83,,الموسوعة التاريخية – الدرر السنية: غزوة بني المصطلق (المريسيع) .,بانتظار مراجعة مسؤول المحتوى,الصحابة,غير مذكور في مصادر المشروع,,,
SAH-044,عامر بن فهيرة رضي الله عنه,Amir ibn Fuhayrah,صحابي,مولى أبي بكر، كان يرعى الغنم على النبي ﷺ وأبي بكر في الغار.,Freed servant of Abu Bakr; he grazed sheep for the Prophet ﷺ and Abu Bakr while they were in the cave.,غير مذكورة في مصادر المشروع,,1,42,,الموسوعة التاريخية – الدرر السنية: هِجرةُ الرَّسولِ صلَّى الله عليه وسلَّم وأبي بكرٍ رضِي الله عنه إلى المدينةِ .,بانتظار مراجعة مسؤول المحتوى,الصحابة,غير مذكور في مصادر المشروع,,,
SAH-045,أسماء بنت أبي بكر رضي الله عنهما,Asma' bint Abi Bakr,صحابية,سميت ذات النطاقين لما ربطت زاد الهجرة بنطاقها.,"She was called Dhat al-Nitaqayn (""she of the two waistbands"") because she tied the provisions for the Hijrah with her waistband.",غير مذكورة في مصادر المشروع,,1,42,,الموسوعة التاريخية – الدرر السنية: هِجرةُ الرَّسولِ صلَّى الله عليه وسلَّم وأبي بكرٍ رضِي الله عنه إلى المدينةِ .,بانتظار مراجعة مسؤول المحتوى,الصحابة,غير مذكور في مصادر المشروع,,,
SAH-046,عبد الله بن جحش رضي الله عنه,Abdullah ibn Jahsh,صحابي,أمير سرية نخلة سنة 2 هـ.,Commander of the expedition of Nakhlah in 2 AH.,غير مذكورة في مصادر المشروع,,1,54,,الموسوعة التاريخية – الدرر السنية: سرية عبد الله بن جحش الأسدي إلى نخلة .,بانتظار مراجعة مسؤول المحتوى,الصحابة,غير مذكور في مصادر المشروع,,,
SAH-047,عبيدة بن الحارث رضي الله عنه,Ubaydah ibn al-Harith,صحابي,قاد سرية بطن رابغ سنة 1 هـ.,He led the expedition of Batn Rabigh in 1 AH.,غير مذكورة في مصادر المشروع,,1,46,,الموسوعة التاريخية – الدرر السنية: سرية عبيدة بن الحارث بن المطلب إلى بطن رابغ .,بانتظار مراجعة مسؤول المحتوى,الصحابة,غير مذكور في مصادر المشروع,,,
SAH-048,العباس بن عبد المطلب رضي الله عنه,al-Abbas ibn Abd al-Muttalib,صحابي,عم النبي ﷺ، نادى المسلمين بالثبات يوم حنين.,Uncle of the Prophet ﷺ. On the day of Hunayn he called out to the Muslims to stand firm.,غير مذكورة في مصادر المشروع,,1,132,,الموسوعة التاريخية – الدرر السنية: غَزوةُ حُنينٍ (هَوازِنَ) .,بانتظار مراجعة مسؤول المحتوى,الصحابة,غير مذكور في مصادر المشروع,,,
SAH-049,حاطب بن أبي بلتعة رضي الله عنه,Hatib ibn Abi Balta'ah,صحابي,حمل كتاب النبي ﷺ إلى المقوقس.,He carried the Prophet's ﷺ letter to al-Muqawqis.,غير مذكورة في مصادر المشروع,,1,106,,الموسوعة التاريخية – الدرر السنية: مراسلة النبي صلى الله عليه وسلم إلى المُلوكِ يَدعوهُم إلى الإسلامِ .,بانتظار مراجعة مسؤول المحتوى,الصحابة,غير مذكور في مصادر المشروع,,,
SAH-050,أبو أيوب الأنصاري رضي الله عنه,Abu Ayyub al-Ansari,صحابي,نزل النبي ﷺ بفنائه عند قدومه المدينة.,"When the Prophet ﷺ arrived in Madinah, he stayed at his home.",غير مذكورة في مصادر المشروع,,1,44,,الموسوعة التاريخية – الدرر السنية: بِناءُ المسجدِ النَّبوِيِّ .,بانتظار مراجعة مسؤول المحتوى,الصحابة,غير مذكور في مصادر المشروع,,,
SAH-051,عكاشة بن محصن رضي الله عنه,Ukkashah ibn Mihsan,صحابي,قاد سرية الغمر سنة 6 هـ.,He led the expedition of al-Ghamr in 6 AH.,غير مذكورة في مصادر المشروع,,1,90,,الموسوعة التاريخية – الدرر السنية: سرية عُكَّاشة بن مِحصَن رضي الله عنه إلى الغَمر (ماء بني أسد) .,بانتظار مراجعة مسؤول المحتوى,الصحابة,غير مذكور في مصادر المشروع,,,
SAH-052,الطفيل بن عمرو الدوسي رضي الله عنه,al-Tufayl ibn Amr al-Dawsi,صحابي,من أشراف دوس، أسلم بمكة ودعا قومه، واستشهد باليمامة.,"A noble of Daws; he accepted Islam in Makkah, called his people to it, and was martyred at al-Yamamah.",استشهد باليمامة (الدرر: حدث 21),Martyred at al-Yamamah (Dorar: event 21),1,21,,الموسوعة التاريخية – الدرر السنية: إسلام الطّفيل بن عمرو الدوسي رَضي اللهُ عنه .,بانتظار مراجعة مسؤول المحتوى,الصحابة,في مكة قبل الهجرة — 6 ق هـ (الدرر: حدث 21),In Makkah before the Hijrah — 6 BH (Dorar: event 21),,
SAH-053,معاذ بن جبل رضي الله عنه,Mu'adh ibn Jabal,صحابي,كان باليمن وقام بأمر النبي ﷺ في مواجهة الأسود العنسي.,He was in Yemen and carried out the Prophet's ﷺ command in confronting al-Aswad al-Ansi.,غير مذكورة في مصادر المشروع,,1,6103,,الموسوعة التاريخية – الدرر السنية: خروج الأسود العنسي في اليمن وقتله على يد فيروز الديلمي .,بانتظار مراجعة مسؤول المحتوى,الصحابة,غير مذكور في مصادر المشروع,,,
SAH-054,ثمامة بن أثال رضي الله عنه,Thumamah ibn Uthal,صحابي,سيد بني حنيفة، أُسر ثم أطلقه النبي ﷺ فأسلم.,"Chief of Banu Hanifah. He was taken captive, then the Prophet ﷺ released him and he accepted Islam.",غير مذكورة في مصادر المشروع,,1,89,,الموسوعة التاريخية – الدرر السنية: سرية محمد بن مسلمة رضي الله عنه إلى القرطاء .,بانتظار مراجعة مسؤول المحتوى,الصحابة,غير مذكور في مصادر المشروع,,,
SAH-055,أم أيمن بركة بنت ثعلبة رضي الله عنها,Umm Ayman (Barakah),صحابية,حاضنة النبي ﷺ، وتوفيت بعده بخمسة أشهر.,The Prophet's ﷺ nurse in childhood; she died five months after him.,بعد وفاة النبي ﷺ بخمسة أشهر (الدرر: حدث 3),Five months after the death of the Prophet ﷺ (Dorar: event 3),1,3,,الموسوعة التاريخية – الدرر السنية: وفاة أم النبي آمنة بنت وهب وحضانة أم أيمن له صلى الله عليه وسلم .,بانتظار مراجعة مسؤول المحتوى,الصحابة,غير مذكور في مصادر المشروع,,,
SAH-056,خباب بن الأرت رضي الله عنه,Khabbab ibn al-Aratt,صحابي,كان يقرئ فاطمة بنت الخطاب وزوجها القرآن يوم أسلم عمر.,He was teaching the Quran to Fatimah bint al-Khattab and her husband on the day Umar accepted Islam.,غير مذكورة في مصادر المشروع,,1,20,,الموسوعة التاريخية – الدرر السنية: إِسلامُ عُمَرَ رضِي الله عنهُ .,بانتظار مراجعة مسؤول المحتوى,الصحابة,غير مذكور في مصادر المشروع,,,
SAH-057,صهيب الرومي رضي الله عنه,Suhayb al-Rumi,صحابي,ترك ماله لقريش ليهاجر، فقال النبي ﷺ: ربح صهيب.,"He gave up his wealth to Quraysh in order to emigrate, and the Prophet ﷺ said: ""Suhayb has profited.""",غير مذكورة في مصادر المشروع,,1,40,,الموسوعة التاريخية – الدرر السنية: هِجرةُ الصَّحابةِ إلى المدينةِ .,بانتظار مراجعة مسؤول المحتوى,الصحابة,من أول من أظهر إسلامه بمكة — 9 ق هـ (الدرر: حدث 15),Among the first to make his Islam public in Makkah — 9 BH (Dorar: event 15),,
SAH-058,المقداد بن عمرو رضي الله عنه,al-Miqdad ibn Amr,صحابي,حمل اللواء في سرية الخرار.,He carried the banner in the expedition of al-Kharrar.,غير مذكورة في مصادر المشروع,,1,48,,الموسوعة التاريخية – الدرر السنية: سرية سعد بن أبي وقاص رضي الله عنه إلى الخَرّار .,بانتظار مراجعة مسؤول المحتوى,الصحابة,من أول من أظهر إسلامه بمكة — 9 ق هـ (الدرر: حدث 15),Among the first to make his Islam public in Makkah — 9 BH (Dorar: event 15),,
SAH-059,جويرية بنت الحارث رضي الله عنها,Juwayriyah bint al-Harith,صحابية,أم المؤمنين، تزوجها النبي ﷺ بعد غزوة بني المصطلق فأعتق الناس أسرى قومها.,"Mother of the Believers. The Prophet ﷺ married her after the expedition of Banu al-Mustaliq, and the people freed the captives of her tribe.",غير مذكورة في مصادر المشروع,,1,83,,الموسوعة التاريخية – الدرر السنية: غزوة بني المصطلق (المريسيع) .,بانتظار مراجعة مسؤول المحتوى,الصحابة,غير مذكور في مصادر المشروع,,,Juwairiyyah
SAH-060,صفية بنت حيي رضي الله عنها,Safiyyah bint Huyayy,صحابية,أم المؤمنين، أعتقها النبي ﷺ وتزوجها بعد خيبر.,Mother of the Believers. The Prophet ﷺ freed her and married her after Khaybar.,غير مذكورة في مصادر المشروع,,1,102,,الموسوعة التاريخية – الدرر السنية: غَزوةُ خَيبرَ .,بانتظار مراجعة مسؤول المحتوى,الصحابة,غير مذكور في مصادر المشروع,,,
SAH-061,عثمان بن طلحة رضي الله عنه,Uthman ibn Talhah,صحابي,صحب أم سلمة في هجرتها قبل إسلامه. أسلم سنة 8 هـ مع خالد بن الوليد.,Before accepting Islam he escorted Umm Salamah on her emigration. He accepted Islam in 8 AH with Khalid ibn al-Walid.,غير مذكورة في مصادر المشروع,,2,33، 118,,الموسوعة التاريخية – الدرر السنية: هِجرةُ أبي سَلمةَ وأمِّ سَلمةَ رضي الله عنهما . | الموسوعة التاريخية – الدرر السنية: إِسلامُ عَمرِو بنِ العاصِ وخالدِ بنِ الوليدِ وعُثمانَ بنِ طلحةَ رضِي الله عنهم .,بانتظار مراجعة مسؤول المحتوى,الصحابة,بعد الحديبية — 1 ق هـ (الدرر: حدث 33),After al-Hudaybiyah — 1 BH (Dorar: event 33),,
SAH-062,أبو قتادة الأنصاري رضي الله عنه,Abu Qatadah al-Ansari,صحابي,شهد غزوة ذي قرد. قاد سرية خضرة وسرية بطن إضم سنة 8 هـ.,He took part in the expedition of Dhu Qarad. He led the expeditions of Khadirah and Batn Idam in 8 AH.,غير مذكورة في مصادر المشروع,,2,88، 125,,الموسوعة التاريخية – الدرر السنية: غَزوةُ ذي قَرَدٍ . | الموسوعة التاريخية – الدرر السنية: سَرِيَّةُ أبي قَتادةَ الأَنصاريِّ إلى خَضِرَة .,بانتظار مراجعة مسؤول المحتوى,الصحابة,غير مذكور في مصادر المشروع,,,
SAH-063,محمد بن مسلمة رضي الله عنه,Muhammad ibn Maslamah,صحابي,قتل كعب بن الأشرف بإذن النبي ﷺ، وقاد عددًا من السرايا.,"He killed Ka'b ibn al-Ashraf with the Prophet's ﷺ permission, and led a number of expeditions.",غير مذكورة في مصادر المشروع,,1,65,,الموسوعة التاريخية – الدرر السنية: مَقتَلُ كعبِ بنِ الأَشرفِ .,بانتظار مراجعة مسؤول المحتوى,الصحابة,غير مذكور في مصادر المشروع,,,
SAH-064,أسعد بن زرارة رضي الله عنه,As'ad ibn Zurarah,صحابي,نزل عنده مصعب بن عمير في المدينة. شهد بيعة العقبة الثانية.,Mus'ab ibn Umayr stayed with him in Madinah. He was present at the second Pledge of al-Aqabah.,غير مذكورة في مصادر المشروع,,2,34، 35,,الموسوعة التاريخية – الدرر السنية: انتِشارُ الإسلامِ في يَثْرِبَ بعدَ العَقبةِ الأولى . | الموسوعة التاريخية – الدرر السنية: بَيعةُ العَقبةِ الثَّانيةِ .,بانتظار مراجعة مسؤول المحتوى,الصحابة,غير مذكور في مصادر المشروع,,,
SAH-065,زيد بن ثابت رضي الله عنه,Zayd ibn Thabit,صحابي,كتب الوحي بين يدي النبي ﷺ.,He wrote down the revelation in the presence of the Prophet ﷺ.,غير مذكورة في مصادر المشروع,,1,,ASB-030,صحيح البخاري 2831، 2832، 4592، 4593، 4595؛ صحيح مسلم 1898,بانتظار مراجعة مسؤول المحتوى,الصحابة,غير مذكور في مصادر المشروع,,,
SAH-066,كعب بن مالك رضي الله عنه,Ka'b ibn Malik,صحابي,أحد الثلاثة الذين خُلّفوا عن تبوك فتاب الله عليهم.,"One of the three who stayed behind from Tabuk, whose repentance Allah accepted.",غير مذكورة في مصادر المشروع,,1,,ASB-052,صحيح البخاري 4418، 4677؛ صحيح مسلم 2769,بانتظار مراجعة مسؤول المحتوى,الصحابة,غير مذكور في مصادر المشروع,,,
SAH-067,هلال بن أمية رضي الله عنه,Hilal ibn Umayyah,صحابي,أحد الثلاثة الذين خُلّفوا عن تبوك فتاب الله عليهم.,"One of the three who stayed behind from Tabuk, whose repentance Allah accepted.",غير مذكورة في مصادر المشروع,,1,,ASB-052,صحيح البخاري 4418، 4677؛ صحيح مسلم 2769,بانتظار مراجعة مسؤول المحتوى,الصحابة,غير مذكور في مصادر المشروع,,,
SAH-068,أنس بن النضر رضي الله عنه,Anas ibn al-Nadr,صحابي,استشهد يوم أحد وبه بضع وثمانون ضربة وطعنة ورمية.,"He was martyred on the day of Uhud with more than eighty sword blows, spear thrusts and arrow wounds.",استشهد في أحد 3 هـ (صحيح البخاري 2805),"Martyred at Uhud, 3 AH (Sahih al-Bukhari 2805)",1,,ASB-034,صحيح البخاري 2805، 4048، 4783؛ صحيح مسلم 1903,بانتظار مراجعة مسؤول المحتوى,الصحابة,غير مذكور في مصادر المشروع,,,
SAH-069,أبو ذر الغفاري رضي الله عنه,Abu Dharr al-Ghifari,صحابي,روى نزول آية «هذان خصمان» في مبارزة بدر.,He narrated that the verse «هذان خصمان» was revealed about the duel at Badr.,غير مذكورة في مصادر المشروع,,1,,ASB-029,صحيح البخاري 3965، 3966، 4743؛ صحيح مسلم 3033,بانتظار مراجعة مسؤول المحتوى,الصحابة,غير مذكور في مصادر المشروع,,,
SAH-070,أبو سعيد الخدري رضي الله عنه,Abu Sa'id al-Khudri,صحابي,روى تفسير النبي ﷺ للمسجد الذي أُسس على التقوى.,He narrated the Prophet's ﷺ explanation of the mosque founded on piety.,غير مذكورة في مصادر المشروع,,1,,ASB-054,صحيح مسلم 1398,بانتظار مراجعة مسؤول المحتوى,الصحابة,غير مذكور في مصادر المشروع,,,
SAH-071,الأشعث بن قيس رضي الله عنه,al-Ash'ath ibn Qays,صحابي,نزلت فيه آية اليمين الكاذبة في خصومة على بئر.,"The verse about the false oath was revealed concerning him, in a dispute over a well.",غير مذكورة في مصادر المشروع,,1,,ASB-070,صحيح البخاري 2356، 2357، 4549، 4550؛ صحيح مسلم 138,بانتظار مراجعة مسؤول المحتوى,الصحابة,غير مذكور في مصادر المشروع,,,
SAH-072,كعب بن عجرة رضي الله عنه,Ka'b ibn Ujrah,صحابي,نزلت فيه فدية الأذى بالحديبية.,The ransom for an ailment of the head was revealed concerning him at al-Hudaybiyah.,غير مذكورة في مصادر المشروع,,1,,ASB-046,صحيح البخاري 1814، 1816، 4517؛ صحيح مسلم 1201,بانتظار مراجعة مسؤول المحتوى,الصحابة,غير مذكور في مصادر المشروع,,,
SAH-073,حفصة بنت عمر رضي الله عنهما,Hafsah bint Umar,صحابية,أم المؤمنين، ذكرها حديث قصة العسل وسورة التحريم.,Mother of the Believers; she is mentioned in the hadith of the honey and Surat al-Tahrim.,غير مذكورة في مصادر المشروع,,1,,ASB-084,صحيح البخاري 4912، 4913، 5191؛ صحيح مسلم 1474، 1479,بانتظار مراجعة مسؤول المحتوى,الصحابة,غير مذكور في مصادر المشروع,,,
SAH-074,زينب بنت جحش رضي الله عنها,Zaynab bint Jahsh,صحابية,أم المؤمنين، نزلت آية الحجاب عند وليمة زواجها.,Mother of the Believers; the verse of the hijab was revealed at her wedding banquet.,غير مذكورة في مصادر المشروع,,1,,ASB-039,صحيح البخاري 4791، 4792، 4793؛ صحيح مسلم 1428,بانتظار مراجعة مسؤول المحتوى,الصحابة,غير مذكور في مصادر المشروع,,,
PER-001,أبو جهل عمرو بن هشام,Abu Jahl (Amr ibn Hisham),من مشركي قريش,آذى النبيَّ ﷺ عند الصفا وضربه بحجر فشجّه، فكان ذلك سبب إسلام حمزة. كان يُكنى أبا الحكم. رفض نقض صحيفة المقاطعة. ثنى أبا طالب عن قول كلمة التوحيد عند موته. اقترح في دار الندوة أن يُؤخذ من كل قبيلة فتى لقتل النبي ﷺ.,"He harmed the Prophet ﷺ at al-Safa and struck him with a stone, wounding him, which led to Hamzah's acceptance of Islam. He was known as Abu al-Hakam. He refused to annul the boycott document. He turned Abu Talib away from saying the word of tawhid at his death. In Dar al-Nadwah he proposed that a young man be taken from every tribe to kill the Prophet ﷺ.",قُتل يوم بدر — 2 هـ (الدرر: حدث 59),Killed at Badr — 2 AH (Dorar: event 59),5,18، 23، 27، 41، 59,,الموسوعة التاريخية – الدرر السنية: إسلام حمزة بن عبد المطلب رَضي اللهُ عنه . | الموسوعة التاريخية – الدرر السنية: اجتماعُ المُشركين في دارِ النَّدوَةِ واتِّفاقُهم على قَتلِ النَّبيِّ صلَّى الله عليه وسلَّم . | الموسوعة التاريخية – الدرر السنية: نَقْضُ قريش لمِيثاقِ الصَّحيفةِ . | الموسوعة التاريخية – الدرر السنية: وَفاةُ أبي طالبٍ عَمِّ النَّبيِّ صلَّى الله عَليهِ وسلَّم .,جديد – بانتظار مراجعة مسؤول المحتوى,مشركو قريش,لم يُسلم؛ قُتل مشركًا يوم بدر — 2 هـ (الدرر: حدث 59),He did not accept Islam; he was killed a polytheist at Badr — 2 AH (Dorar: event 59),أبو جهل؛ عمرو بن هشام؛ أبو الحكم,Abu Jahl; Amr ibn Hisham; Abu al-Hakam
PER-002,أبو لهب,Abu Lahab,من مشركي قريش,عمّ النبي ﷺ. كان من أشد الناس على النبي ﷺ، وهو عمّه. لما بُعث النبي ﷺ أمر ابنه بطلاق رقية بنت النبي ﷺ.,"Uncle of the Prophet ﷺ, and one of the harshest of people towards him. When the Prophet ﷺ was sent, he ordered his son to divorce Ruqayyah, the Prophet's ﷺ daughter.",غير مذكورة في مصادر المشروع,,2,16، 60,,الموسوعة التاريخية – الدرر السنية: طلب قريش من أبي طالب أن يكف عنهم رسول الله صلى الله عليه وسلم . | الموسوعة التاريخية – الدرر السنية: وفاةُ رُقَيَّةَ رضِي الله عنها .,جديد – بانتظار مراجعة مسؤول المحتوى,مشركو قريش,غير مذكور في مصادر المشروع,,أبو لهب,Abu Lahab
PER-003,أم جميل أروى بنت حرب,Umm Jamil (Arwa bint Harb),من مشركي قريش,زوج أبي لهب، وأخت أبي سفيان. زوج أبي لهب وأخت أبي سفيان. لما فتر الوحي قالت: أبطأ عليه شيطانه، فنزلت سورة الضحى. كانت هي وزوجها من أشد الناس على النبي ﷺ.,"Wife of Abu Lahab and sister of Abu Sufyan. When revelation paused she said, ""His devil has been slow to come to him,"" and Surat al-Duha was revealed. She and her husband were among the harshest of people towards the Prophet ﷺ.",غير مذكورة في مصادر المشروع,,3,13، 16,,الموسوعة التاريخية – الدرر السنية: طلب قريش من أبي طالب أن يكف عنهم رسول الله صلى الله عليه وسلم . | الموسوعة التاريخية – الدرر السنية: فُتورُ الوحيِ عن رسولِ الله صلَّى الله عَليهِ وسلَّم .,جديد – بانتظار مراجعة مسؤول المحتوى,مشركو قريش,غير مذكور في مصادر المشروع,,أم جميل؛ أروى بنت حرب,Umm Jamil; Arwa bint Harb
PER-004,أبو طالب بن عبد المطلب,Abu Talib ibn Abd al-Muttalib,من أسرة النبي ﷺ,عمّ النبي ﷺ وكافله بعد جده. تولّى أمر النبي ﷺ بعد وفاة جده عبد المطلب. أخذ النبيَّ ﷺ معه في تجارة إلى الشام وهو في الثانية عشرة. كان يحنو على النبي ﷺ ويدافع عنه مع أنه على دين قومه.,"Uncle of the Prophet ﷺ, who took care of him after his grandfather. He took charge of the Prophet ﷺ after the death of his grandfather Abd al-Muttalib, and took him on a trading journey to al-Sham when he was twelve. He was tender towards the Prophet ﷺ and defended him, though he remained on the religion of his people.",تُوفي بمكة قبل الهجرة — 3 ق هـ (الدرر: حدث 27),Died in Makkah before the Hijrah — 3 BH (Dorar: event 27),3,5، 6، 16، 27,,الموسوعة التاريخية – الدرر السنية: سفر النبي صلَّى اللهُ عليه وسلَّم مع عمه أبي طالب إلى الشام . | الموسوعة التاريخية – الدرر السنية: طلب قريش من أبي طالب أن يكف عنهم رسول الله صلى الله عليه وسلم . | الموسوعة التاريخية – الدرر السنية: وفاة عبد المطلب ووصيته لأبي طالب برسول الله صلَّى اللهُ عليه وسلَّم .,جديد – بانتظار مراجعة مسؤول المحتوى,أسرة النبي ﷺ,لم يُسلم؛ مات على ملّة عبد المطلب — 3 ق هـ (الدرر: حدث 27),He did not accept Islam; he died on the religion of Abd al-Muttalib — 3 BH (Dorar: event 27),أبو طالب,Abu Talib
PER-005,أبو سفيان بن حرب رضي الله عنه,Abu Sufyan ibn Harb,صحابي,كان يرأس قافلة قريش القادمة من الشام قبل بدر. بعد بدر نذر أن يغزو النبي ﷺ، فخرج في غزوة السويق. لما انصرف من أحد واعد المسلمين بدرًا العام المقبل. يوم الفتح قال النبي ﷺ: من دخل دار أبي سفيان فهو آمن.,"He led the Quraysh caravan returning from al-Sham before Badr. After Badr he vowed to raid the Prophet ﷺ, and set out on the expedition of al-Sawiq. As he left Uhud he challenged the Muslims to meet at Badr the following year. On the day of the Conquest the Prophet ﷺ said: ""Whoever enters the house of Abu Sufyan is safe.""",غير مذكورة في مصادر المشروع,,4,59، 63، 78، 127,,الموسوعة التاريخية – الدرر السنية: غزوة السويق أو غزوة بني سليم (قرقرة الكدر) . | الموسوعة التاريخية – الدرر السنية: غزوة بدر الموعد (بدر الثانية) . | الموسوعة التاريخية – الدرر السنية: غَزوةُ بدرٍ (الكُبرى) وانْتصارُ المُسلمين . | الموسوعة التاريخية – الدرر السنية: غَزوةُ فَتحِ مكَّةَ .,جديد – بانتظار مراجعة مسؤول المحتوى,الصحابة,أسلم قُبيل فتح مكة — 8 هـ (الدرر: حدث 127),He accepted Islam shortly before the Conquest of Makkah — 8 AH (Dorar: event 127),أبو سفيان بن حرب؛ أبو سفيان,Abu Sufyan ibn Harb; Abu Sufyan
PER-006,أمية بن خلف,Umayyah ibn Khalaf,من مشركي قريش,كان أشد من عذّب بلالًا رضي الله عنه.,He was the harshest of those who tortured Bilal (may Allah be pleased with him).,قُتل يوم بدر — 2 هـ (الدرر: حدث 59),Killed at Badr — 2 AH (Dorar: event 59),1,15، 59,,الموسوعة التاريخية – الدرر السنية: ما لقِي الصَّحابةُ من إيذاءِ قُريشٍ .,جديد – بانتظار مراجعة مسؤول المحتوى,مشركو قريش,لم يُسلم؛ قُتل مشركًا يوم بدر — 2 هـ (الدرر: حدث 59),He did not accept Islam; he was killed a polytheist at Badr — 2 AH (Dorar: event 59),أمية بن خلف,Umayyah ibn Khalaf
PER-007,عبد الله بن أبيّ ابن سلول,Abdullah ibn Ubayy ibn Salul,من المنافقين,رأس المنافقين في المدينة. رجع يوم أحد بثلث الجيش. وعد بني النضير بالنصرة. تولّى كبر حادثة الإفك. قال: لئن رجعنا إلى المدينة ليخرجن الأعز منها الأذل، فنزلت سورة المنافقون.,"Head of the hypocrites in Madinah. On the day of Uhud he turned back with a third of the army. He promised Banu al-Nadir his support. He took the leading part in the slander (al-Ifk). He said, ""If we return to Madinah, the more honoured will surely expel the more humble from it,"" and Surat al-Munafiqun was revealed.",مات بالمدينة بعد الرجوع من تبوك — 9 هـ (الدرر: حدث 139),Died in Madinah after the return from Tabuk — 9 AH (Dorar: event 139),5,69، 76، 79، 83، 139,,الموسوعة التاريخية – الدرر السنية: حادِثةُ الإفْكِ . | الموسوعة التاريخية – الدرر السنية: غزوة بني المصطلق (المريسيع) . | الموسوعة التاريخية – الدرر السنية: غَزوةُ أُحُدٍ وسبب هزيمة المسلمين . | الموسوعة التاريخية – الدرر السنية: غَزوةُ بني النَّضيرِ . | الموسوعة التاريخية – الدرر السنية: وَفاةُ رَأْسِ المُنافقين عبدِ الله بنِ أُبَيٍّ ابنِ سَلولَ .,جديد – بانتظار مراجعة مسؤول المحتوى,المنافقون,غير مذكور في مصادر المشروع,,ابن سلول؛ عبد الله بن أبيّ,Ibn Salul; Abdullah ibn Ubayy
PER-008,حيي بن أخطب,Huyayy ibn Akhtab,من يهود بني النضير,كان ممن حزّب الأحزاب على المسلمين. حرّض بني قريظة على نقض العهد.,"He was among those who gathered the Confederates against the Muslims, and he incited Banu Qurayza to break their treaty.",قُتل مع بني قريظة — 6 هـ (الدرر: حدث 87),Killed with Banu Qurayza — 6 AH (Dorar: event 87),2,84، 86، 87,,الموسوعة التاريخية – الدرر السنية: غَزوةُ الخَندَقِ (الأَحزابِ) . | الموسوعة التاريخية – الدرر السنية: غَزوةُ يَهودِ بني قُرَيْظَةَ .,جديد – بانتظار مراجعة مسؤول المحتوى,يهود المدينة,غير مذكور في مصادر المشروع,,حيي بن أخطب,Huyayy ibn Akhtab
PER-009,كعب بن الأشرف,Ka'b ibn al-Ashraf,من يهود المدينة,رجل من طيء، أمه من يهود بني النضير. كان شاعرًا يهجو النبي ﷺ وأصحابه ويحرّض عليهم.,"A man of Tayyi', whose mother was from the Jews of Banu al-Nadir. He was a poet who satirised the Prophet ﷺ and his Companions and incited people against them.",قُتل بعد بدر — 3 هـ (الدرر: حدث 65),Killed after Badr — 3 AH (Dorar: event 65),2,65,,الموسوعة التاريخية – الدرر السنية: مَقتَلُ كعبِ بنِ الأَشرفِ .,جديد – بانتظار مراجعة مسؤول المحتوى,يهود المدينة,غير مذكور في مصادر المشروع,,كعب بن الأشرف,Ka'b ibn al-Ashraf
PER-010,سهيل بن عمرو,Suhayl ibn Amr,من قريش,مفاوض قريش في صلح الحديبية.,The negotiator for Quraysh at the Treaty of al-Hudaybiyah.,غير مذكورة في مصادر المشروع,,1,101,,الموسوعة التاريخية – الدرر السنية: صُلْحُ الحُدَيبيةِ .,جديد – بانتظار مراجعة مسؤول المحتوى,قريش,غير مذكور في مصادر المشروع,,سهيل بن عمرو,Suhayl ibn Amr
PER-011,وحشي,Wahshi,مولى جبير بن مطعم,قتل حمزة يوم أحد، وكان مولاه جبير بن مطعم قد وعده بالعتق. قَدِم على النبي ﷺ مع رسل الطائف. بعد وفاة النبي ﷺ خرج إلى مسيلمة الكذاب ورماه بحربته.,He killed Hamzah on the day of Uhud; his master Jubayr ibn Mut'im had promised him his freedom. He came to the Prophet ﷺ with the envoys of al-Ta'if. After the death of the Prophet ﷺ he went out against Musaylimah the Liar and struck him with his spear.,غير مذكورة في مصادر المشروع,,3,70,,الموسوعة التاريخية – الدرر السنية: اسْتِشهادُ حَمزةَ رضِي الله عنه في غَزوةِ أُحُدٍ .,جديد – بانتظار مراجعة مسؤول المحتوى,قريش,غير مذكور في مصادر المشروع,,وحشي,Wahshi
PER-012,عبد المطلب بن هاشم,Abd al-Muttalib ibn Hashim,من أسرة النبي ﷺ,جدّ النبي ﷺ. كفل النبي ﷺ بعد وفاة أمه. كان ذا شرف في قومه، وتولّى الرفادة والسقاية بعد أبيه هاشم. أوصى أبا طالب بالنبي ﷺ عند موته.,"Grandfather of the Prophet ﷺ. He took care of the Prophet ﷺ after the death of his mother. He was a man of standing among his people, and after his father Hashim he was responsible for feeding and giving water to the pilgrims. At his death he entrusted the Prophet ﷺ to Abu Talib.",تُوفي والنبي ﷺ في الثامنة — 46 ق هـ (الدرر: حدث 5),Died when the Prophet ﷺ was eight — 46 BH (Dorar: event 5),3,4، 5,,الموسوعة التاريخية – الدرر السنية: كفالة عبد المطلب رسول الله صلَّى اللهُ عليه وسلَّم ومعرفته بشأنه . | الموسوعة التاريخية – الدرر السنية: وفاة عبد المطلب ووصيته لأبي طالب برسول الله صلَّى اللهُ عليه وسلَّم .,جديد – بانتظار مراجعة مسؤول المحتوى,أسرة النبي ﷺ,مات قبل البعثة,He died before the prophethood,عبد المطلب بن هاشم؛ عبد المطلب,Abd al-Muttalib ibn Hashim; Abd al-Muttalib; Abdul-Muttalib; Abdul-Mutallab
PER-013,آمنة بنت وهب,Aminah bint Wahb,من أسرة النبي ﷺ,أمّ النبي ﷺ. خرجت بالنبي ﷺ إلى أخواله بني عدي بن النجار بالمدينة.,"Mother of the Prophet ﷺ. She took the Prophet ﷺ to his maternal uncles, Banu Adi ibn al-Najjar, in Madinah.",تُوفيت بالأبواء والنبي ﷺ في السادسة — 48 ق هـ (الدرر: حدث 3),Died at al-Abwa' when the Prophet ﷺ was six — 48 BH (Dorar: event 3),1,3,,الموسوعة التاريخية – الدرر السنية: وفاة أم النبي آمنة بنت وهب وحضانة أم أيمن له صلى الله عليه وسلم .,جديد – بانتظار مراجعة مسؤول المحتوى,أسرة النبي ﷺ,ماتت قبل البعثة,She died before the prophethood,آمنة بنت وهب,Aminah bint Wahb
PER-014,عبد الله بن عبد المطلب,Abdullah ibn Abd al-Muttalib,من أسرة النبي ﷺ,والد النبي ﷺ. قبره في دار النابغة بالمدينة.,Father of the Prophet ﷺ. His grave is in the house of al-Nabighah in Madinah.,تُوفي والنبي ﷺ حمل في بطن أمه — 53 ق هـ (الدرر: حدث 1),Died while the Prophet ﷺ was still in his mother's womb — 53 BH (Dorar: event 1),1,1، 3,,الموسوعة التاريخية – الدرر السنية: وفاة أم النبي آمنة بنت وهب وحضانة أم أيمن له صلى الله عليه وسلم .,جديد – بانتظار مراجعة مسؤول المحتوى,أسرة النبي ﷺ,مات قبل البعثة,He died before the prophethood,عبد الله بن عبد المطلب,Abdullah ibn Abd al-Muttalib; Abdullah ibn ‘Abd’ul-Muttalib
PER-015,بحيرا الراهب,Bahira the monk,راهب نصراني,راهب ببصرى، كان عليمًا بالإنجيل. رأى النبي ﷺ صغيرًا مع عمه أبي طالب في الشام.,"A monk in Busra, learned in the Gospel. He saw the Prophet ﷺ as a boy with his uncle Abu Talib in al-Sham.",غير مذكورة في مصادر المشروع,,2,6,,الموسوعة التاريخية – الدرر السنية: سفر النبي صلَّى اللهُ عليه وسلَّم مع عمه أبي طالب إلى الشام .,جديد – بانتظار مراجعة مسؤول المحتوى,أهل الكتاب,غير مذكور في مصادر المشروع,,بحيرا,Bahira
PER-016,ورقة بن نوفل,Waraqah ibn Nawfal,من أهل مكة,صدّق النبي ﷺ عند أول نزول الوحي، وقال: إنه الناموس الأكبر الذي جاء موسى.,"He affirmed the Prophet ﷺ when revelation first came, and said: ""This is the great Namus (the angel) that came to Moses.""",غير مذكورة في مصادر المشروع,,1,12,,الموسوعة التاريخية – الدرر السنية: أوَّلُ نُزولِ الوَحيِ ونُبوءةُ النَّبيِّ صلَّى الله عَليهِ وسلَّم .,جديد – بانتظار مراجعة مسؤول المحتوى,قريش,غير مذكور في مصادر المشروع,,ورقة بن نوفل,Waraqah ibn Nawfal
PER-017,المطعم بن عدي,al-Mut'im ibn Adi,من قريش,كان ممن سعى في نقض صحيفة المقاطعة، وقام إليها ليشقها.,"He was among those who worked to annul the boycott document, and rose to tear it up.",غير مذكورة في مصادر المشروع,,1,23,,الموسوعة التاريخية – الدرر السنية: نَقْضُ قريش لمِيثاقِ الصَّحيفةِ .,جديد – بانتظار مراجعة مسؤول المحتوى,قريش,غير مذكور في مصادر المشروع,,المطعم بن عدي,al-Mut'im ibn Adi
PER-018,أبو البختري بن هشام,Abu al-Bakhtari ibn Hisham,من قريش,أيّد نقض صحيفة المقاطعة. أشار في دار الندوة بحبس النبي ﷺ.,He supported annulling the boycott document. In Dar al-Nadwah he advised imprisoning the Prophet ﷺ.,غير مذكورة في مصادر المشروع,,2,23، 41,,الموسوعة التاريخية – الدرر السنية: اجتماعُ المُشركين في دارِ النَّدوَةِ واتِّفاقُهم على قَتلِ النَّبيِّ صلَّى الله عليه وسلَّم . | الموسوعة التاريخية – الدرر السنية: نَقْضُ قريش لمِيثاقِ الصَّحيفةِ .,جديد – بانتظار مراجعة مسؤول المحتوى,قريش,غير مذكور في مصادر المشروع,,أبو البختري,Abu al-Bakhtari
PER-019,العاص بن وائل السهمي,al-As ibn Wa'il al-Sahmi,من قريش,مطل رجلًا من زبيد بثمن سلعته، فكان ذلك سبب حلف الفضول.,"He withheld payment from a man of Zabid for his goods, which led to the Alliance of the Virtuous (Hilf al-Fudul).",غير مذكورة في مصادر المشروع,,1,7,,الموسوعة التاريخية – الدرر السنية: حرب الفِجَار، وشهود النبي صلَّى اللهُ عليه وسلَّم لها .,جديد – بانتظار مراجعة مسؤول المحتوى,قريش,غير مذكور في مصادر المشروع,,العاص بن وائل,al-As ibn Wa'il
PER-020,النجاشي أصحمة بن أبجر رضي الله عنه,al-Najashi (Ashamah ibn Abjar),ملك الحبشة,ملك الحبشة، والنجاشي لقب لملوكها. أحسن جوار المسلمين الذين هاجروا إليه. لما جاءه كتاب النبي ﷺ وضعه على عينه.,"King of Abyssinia; al-Najashi (the Negus) was the title of its kings. He gave good protection to the Muslims who emigrated to him. When the Prophet's ﷺ letter reached him, he placed it on his eyes.",مات بالحبشة، وصلّى عليه النبي ﷺ صلاة الغائب — 9 هـ (الدرر: حدث 137),"Died in Abyssinia, and the Prophet ﷺ prayed the funeral prayer for him in absentia — 9 AH (Dorar: event 137)",3,106، 137,,الموسوعة التاريخية – الدرر السنية: مراسلة النبي صلى الله عليه وسلم إلى المُلوكِ يَدعوهُم إلى الإسلامِ . | الموسوعة التاريخية – الدرر السنية: وَفاةُ النَّجاشِيِّ صاحِبِ الحَبشةِ رضِي الله عنه .,جديد – بانتظار مراجعة مسؤول المحتوى,الملوك,أسلم في عهد النبي ﷺ — 9 هـ (الدرر: حدث 137),He accepted Islam in the lifetime of the Prophet ﷺ — 9 AH (Dorar: event 137),النجاشي؛ أصحمة,Negus; Najashi; Ashamah
PER-021,هرقل (قيصر) ملك الروم,"Heraclius (Caesar), king of the Byzantines",ملك الروم,أرسل إليه النبي ﷺ كتابًا يدعوه إلى الإسلام مع دحية الكلبي. نزل بجيش كبير في أرض البلقاء قبيل مؤتة.,The Prophet ﷺ sent him a letter inviting him to Islam with Dihyah al-Kalbi. He camped with a large army in the land of al-Balqa' shortly before Mu'tah.,غير مذكورة في مصادر المشروع,,2,106، 122,,الموسوعة التاريخية – الدرر السنية: غَزوةُ مُؤْتَةَ . | الموسوعة التاريخية – الدرر السنية: مراسلة النبي صلى الله عليه وسلم إلى المُلوكِ يَدعوهُم إلى الإسلامِ .,جديد – بانتظار مراجعة مسؤول المحتوى,الملوك,لم يُسلم — 7 هـ (الدرر: حدث 106),He did not accept Islam — 7 AH (Dorar: event 106),هرقل؛ قيصر,Heraclius; Caesar
PER-022,كسرى ملك الفرس,"Chosroes (Kisra), king of the Persians",ملك الفرس,مزّق كتاب النبي ﷺ، فقال النبي ﷺ: مزّق الله ملكه.,"He tore up the Prophet's ﷺ letter, and the Prophet ﷺ said: ""May Allah tear up his kingdom.""",غير مذكورة في مصادر المشروع,,1,106,,الموسوعة التاريخية – الدرر السنية: مراسلة النبي صلى الله عليه وسلم إلى المُلوكِ يَدعوهُم إلى الإسلامِ .,جديد – بانتظار مراجعة مسؤول المحتوى,الملوك,لم يُسلم؛ مزّق كتاب النبي ﷺ — 7 هـ (الدرر: حدث 106),He did not accept Islam; he tore up the Prophet's ﷺ letter — 7 AH (Dorar: event 106),كسرى,Kisra; Chosroes
PER-023,المقوقس ملك الإسكندرية,"al-Muqawqis, ruler of Alexandria",ملك الإسكندرية,حفظ كتاب النبي ﷺ، وأهدى إليه جاريتين منهما مارية.,"He kept the Prophet's ﷺ letter safe and sent him two slave women as a gift, one of whom was Mariyah.",غير مذكورة في مصادر المشروع,,1,106,,الموسوعة التاريخية – الدرر السنية: مراسلة النبي صلى الله عليه وسلم إلى المُلوكِ يَدعوهُم إلى الإسلامِ .,جديد – بانتظار مراجعة مسؤول المحتوى,الملوك,لم يُسلم — 7 هـ (الدرر: حدث 106),He did not accept Islam — 7 AH (Dorar: event 106),المقوقس,Muqawqis
PER-024,إبراهيم ابن النبي ﷺ,"Ibrahim, son of the Prophet ﷺ",من أسرة النبي ﷺ,ابن النبي ﷺ من مارية القبطية. وُلد بالمدينة سنة ثمان من الهجرة من مارية القبطية.,Son of the Prophet ﷺ by Mariyah the Copt; he was born in Madinah in 8 AH.,تُوفي صغيرًا بالمدينة — 10 هـ (الدرر: حدث 142),Died young in Madinah — 10 AH (Dorar: event 142),1,142,,الموسوعة التاريخية – الدرر السنية: وَفاةُ إبراهيمَ ابنِ النَّبيِّ صلَّى الله عليه وسلَّم .,جديد – بانتظار مراجعة مسؤول المحتوى,أسرة النبي ﷺ,وُلد في الإسلام,Born into Islam,إبراهيم ابن النبي,Ibrahim
