معرف_الحقيقة,معرف_الصحابي,الاسم,الحقيقة,نوع_المصدر,المرجع,معرف_المصدر_في_المشروع,الرابط,الشاهد_من_المصدر,تحقق_الشاهد
SAH-001-F1,SAH-001,أبو بكر الصديق رضي الله عنه,من أول من آمن بالنبي ﷺ.,الدرر السنية – الموسوعة التاريخية,الموسوعة التاريخية – الدرر السنية: أوَّلُ النَّاسِ إيمانًا بالله ورسولِه .,حدث 14,https://dorar.net/history/event/14,كان أول من آمن بالله ورسوله خديجة بنت خويلد زوجته صلى الله عليه وسلم، وأبو بكر الصديق,مطابق لنص المصدر (فُحص آليًا)
SAH-001-F2,SAH-001,أبو بكر الصديق رضي الله عنه,أسلم بدعوته عثمان والزبير وسعد بن أبي وقاص وطلحة وعبد الرحمن بن عوف.,الدرر السنية – الموسوعة التاريخية,الموسوعة التاريخية – الدرر السنية: أوَّلُ النَّاسِ إيمانًا بالله ورسولِه .,حدث 14,https://dorar.net/history/event/14,وقد أسلم بدعاء أبي بكر الصديق عثمان بن عفان,مطابق لنص المصدر (فُحص آليًا)
SAH-001-F3,SAH-001,أبو بكر الصديق رضي الله عنه,صحب النبي ﷺ في الهجرة إلى المدينة.,الدرر السنية – الموسوعة التاريخية,الموسوعة التاريخية – الدرر السنية: هِجرةُ الرَّسولِ صلَّى الله عليه وسلَّم وأبي بكرٍ رضِي الله عنه إلى المدينةِ .,حدث 42,https://dorar.net/history/event/42,فحبس أبو بكر نفسه على رسول الله صلى الله عليه وسلم ليصحبه,مطابق لنص المصدر (فُحص آليًا)
SAH-001-F4,SAH-001,أبو بكر الصديق رضي الله عنه,كان مع النبي ﷺ في غار ثور ثلاث ليال.,الدرر السنية – الموسوعة التاريخية,الموسوعة التاريخية – الدرر السنية: هِجرةُ الرَّسولِ صلَّى الله عليه وسلَّم وأبي بكرٍ رضِي الله عنه إلى المدينةِ .,حدث 42,https://dorar.net/history/event/42,ثم لحق رسول الله صلى الله عليه وسلم وأبو بكر بغار في جبل ثور,مطابق لنص المصدر (فُحص آليًا)
SAH-001-F5,SAH-001,أبو بكر الصديق رضي الله عنه,أشار يوم بدر بفداء الأسرى.,الدرر السنية – الموسوعة التاريخية,الموسوعة التاريخية – الدرر السنية: غَزوةُ بدرٍ (الكُبرى) وانْتصارُ المُسلمين .,حدث 59,https://dorar.net/history/event/59,وأشار أبو بكر بفدائهم,مطابق لنص المصدر (فُحص آليًا)
SAH-001-F6,SAH-001,أبو بكر الصديق رضي الله عنه,أمّره النبي ﷺ على سرية إلى بني فزارة.,الدرر السنية – الموسوعة التاريخية,الموسوعة التاريخية – الدرر السنية: سرية أبي بكر الصديق رضي الله عنه إلى بني فزارة بوادي القرى .,حدث 98,https://dorar.net/history/event/98,سرية على رأسها: أبو بكر الصديق,مطابق لنص المصدر (فُحص آليًا)
SAH-001-F7,SAH-001,أبو بكر الصديق رضي الله عنه,أمّره النبي ﷺ على الحج سنة 9 هـ.,الدرر السنية – الموسوعة التاريخية,الموسوعة التاريخية – الدرر السنية: حَجَّةُ أبي بكرٍ الصِّدِّيقِ ونُزولُ سُورةِ بَراءَة .,حدث 140,https://dorar.net/history/event/140,بعث النبي صلى الله عليه وسلم أبا بكر أميرا على الحج,مطابق لنص المصدر (فُحص آليًا)
SAH-002-F1,SAH-002,عمر بن الخطاب رضي الله عنه,دعا النبي ﷺ أن يعز الله الإسلام به.,الدرر السنية – الموسوعة التاريخية,الموسوعة التاريخية – الدرر السنية: إِسلامُ عُمَرَ رضِي الله عنهُ .,حدث 20,https://dorar.net/history/event/20,اللهم أعز الإسلام بأحب هذين الرجلين إليك,مطابق لنص المصدر (فُحص آليًا)
SAH-002-F2,SAH-002,عمر بن الخطاب رضي الله عنه,أسلم في مكة سنة 7 قبل الهجرة.,الدرر السنية – الموسوعة التاريخية,الموسوعة التاريخية – الدرر السنية: إِسلامُ عُمَرَ رضِي الله عنهُ .,حدث 20,https://dorar.net/history/event/20,فأتى النبي صلى الله عليه وسلم فأسلم عنده,مطابق لنص المصدر (فُحص آليًا)
SAH-002-F3,SAH-002,عمر بن الخطاب رضي الله عنه,هاجر إلى المدينة في عشرين راكبًا.,الدرر السنية – الموسوعة التاريخية,الموسوعة التاريخية – الدرر السنية: هِجرةُ الصَّحابةِ إلى المدينةِ .,حدث 40,https://dorar.net/history/event/40,ثم خرج عمر بن الخطاب، وعياش بن أبي ربيعة في عشرين راكبا,مطابق لنص المصدر (فُحص آليًا)
SAH-002-F4,SAH-002,عمر بن الخطاب رضي الله عنه,نزل الوحي موافقًا لرأيه في أسرى بدر.,الدرر السنية – الموسوعة التاريخية,الموسوعة التاريخية – الدرر السنية: غَزوةُ بدرٍ (الكُبرى) وانْتصارُ المُسلمين .,حدث 59,https://dorar.net/history/event/59,ولكن الوحي نزل موافقا لرأي عمر,مطابق لنص المصدر (فُحص آليًا)
SAH-002-F5,SAH-002,عمر بن الخطاب رضي الله عنه,كان سببًا في نزول آية الحجاب.,الدرر السنية – الموسوعة التاريخية,الموسوعة التاريخية – الدرر السنية: نُزولُ آيةِ الحِجابِ .,حدث 85,https://dorar.net/history/event/85,لو أمرت نساءك أن يحتجبن,مطابق لنص المصدر (فُحص آليًا)
SAH-002-F6,SAH-002,عمر بن الخطاب رضي الله عنه,قاد سرية إلى تربة سنة 7 هـ.,الدرر السنية – الموسوعة التاريخية,الموسوعة التاريخية – الدرر السنية: سَرِيَّةُ عُمَرَ بنِ الخطَّابِ رضِي الله عنه إلى (تُرَبَةَ) طائفةٍ مِن هَوازِنَ .,حدث 109,https://dorar.net/history/event/109,بعث رسول الله صلى الله عليه وسلم عمر بن الخطاب رضي الله تعالى عنه في ثلاثين رجلا,مطابق لنص المصدر (فُحص آليًا)
SAH-003-F1,SAH-003,عثمان بن عفان رضي الله عنه,أسلم بدعوة أبي بكر الصديق.,الدرر السنية – الموسوعة التاريخية,الموسوعة التاريخية – الدرر السنية: أوَّلُ النَّاسِ إيمانًا بالله ورسولِه .,حدث 14,https://dorar.net/history/event/14,وقد أسلم بدعاء أبي بكر الصديق عثمان بن عفان,مطابق لنص المصدر (فُحص آليًا)
SAH-003-F2,SAH-003,عثمان بن عفان رضي الله عنه,أول من هاجر إلى الحبشة ومعه زوجته رقية بنت النبي ﷺ.,الدرر السنية – الموسوعة التاريخية,الموسوعة التاريخية – الدرر السنية: الهِجرةُ الأُولى إلى الحَبشةِ .,حدث 17,https://dorar.net/history/event/17,منهم عثمان بن عفان، وهو أول من خرج ومعه زوجته رقية بنت رسول الله,مطابق لنص المصدر (فُحص آليًا)
SAH-003-F3,SAH-003,عثمان بن عفان رضي الله عنه,تخلف عن بدر بأمر النبي ﷺ ليمرّض رقية، وأسهم له النبي ﷺ.,الدرر السنية – الموسوعة التاريخية,الموسوعة التاريخية – الدرر السنية: وفاةُ رُقَيَّةَ رضِي الله عنها .,حدث 60,https://dorar.net/history/event/60,أمر عثمان أن يبقى عند رقية يمرضها,مطابق لنص المصدر (فُحص آليًا)
SAH-003-F4,SAH-003,عثمان بن عفان رضي الله عنه,بايع النبي ﷺ عنه بيده في بيعة الرضوان.,الدرر السنية – الموسوعة التاريخية,الموسوعة التاريخية – الدرر السنية: بَيعةُ الرِّضْوانِ .,حدث 100,https://dorar.net/history/event/100,هذه يد عثمان,مطابق لنص المصدر (فُحص آليًا)
SAH-003-F5,SAH-003,عثمان بن عفان رضي الله عنه,تزوج أم كلثوم بنت النبي ﷺ بعد وفاة رقية.,الدرر السنية – الموسوعة التاريخية,الموسوعة التاريخية – الدرر السنية: وَفاةُ أمِّ كُلثومٍ بنتِ رسولِ الله صلَّى الله عليه وسلَّم .,حدث 134,https://dorar.net/history/event/134,فلما توفيت أختها رقية تزوج بها عثمان,مطابق لنص المصدر (فُحص آليًا)
SAH-004-F1,SAH-004,علي بن أبي طالب رضي الله عنه,من أول من آمن بالنبي ﷺ.,الدرر السنية – الموسوعة التاريخية,الموسوعة التاريخية – الدرر السنية: أوَّلُ النَّاسِ إيمانًا بالله ورسولِه .,حدث 14,https://dorar.net/history/event/14,وأبو بكر الصديق، وعلي بن أبي طالب,مطابق لنص المصدر (فُحص آليًا)
SAH-004-F2,SAH-004,علي بن أبي طالب رضي الله عنه,حمل لواء النبي ﷺ في غزوة بدر الأولى.,الدرر السنية – الموسوعة التاريخية,الموسوعة التاريخية – الدرر السنية: غزوة بدر الأولى (وادي سفوان) .,حدث 50,https://dorar.net/history/event/50,وحمل لواءه علي بن أبي طالب,مطابق لنص المصدر (فُحص آليًا)
SAH-004-F3,SAH-004,علي بن أبي طالب رضي الله عنه,فتح الله خيبر على يده.,الدرر السنية – الموسوعة التاريخية,الموسوعة التاريخية – الدرر السنية: غَزوةُ خَيبرَ .,حدث 102,https://dorar.net/history/event/102,وقد جعل الله تعالى فتح خيبر على يد علي بن أبي طالب,مطابق لنص المصدر (فُحص آليًا)
SAH-004-F4,SAH-004,علي بن أبي طالب رضي الله عنه,بلّغ سورة براءة في موسم الحج سنة 9 هـ.,الدرر السنية – الموسوعة التاريخية,الموسوعة التاريخية – الدرر السنية: حَجَّةُ أبي بكرٍ الصِّدِّيقِ ونُزولُ سُورةِ بَراءَة .,حدث 140,https://dorar.net/history/event/140,ويتولى علي بنفسه إبلاغ البراءة إلى المشركين,مطابق لنص المصدر (فُحص آليًا)
SAH-004-F5,SAH-004,علي بن أبي طالب رضي الله عنه,زوج فاطمة بنت النبي ﷺ.,الدرر السنية – الموسوعة التاريخية,الموسوعة التاريخية – الدرر السنية: وَفاةُ زَينبَ رضِي الله عنها بنتِ رسولِ الله صلَّى الله عليه وسلَّم .,حدث 116,https://dorar.net/history/event/116,أمامة التي تزوج بها علي بن أبي طالب بعد فاطمة,مطابق لنص المصدر (فُحص آليًا)
SAH-005-F1,SAH-005,خديجة بنت خويلد رضي الله عنها,كانت تاجرة ذات شرف ومال.,الدرر السنية – الموسوعة التاريخية,الموسوعة التاريخية – الدرر السنية: سفر النبي صلَّى اللهُ عليه وسلَّم للمرة الثانية إلى الشام .,حدث 10,https://dorar.net/history/event/10,وكانت خديجة بنت خويلد امرأة تاجرة ذات شرف ومال كثير,مطابق لنص المصدر (فُحص آليًا)
SAH-005-F2,SAH-005,خديجة بنت خويلد رضي الله عنها,تزوجها النبي ﷺ قبل البعثة.,الدرر السنية – الموسوعة التاريخية,الموسوعة التاريخية – الدرر السنية: زَواجُ النَّبيِّ صلَّى الله عَليهِ وسلَّم من خَديجةَ بنتِ خُويلدٍ رضِي الله عنها .,حدث 9,https://dorar.net/history/event/9,وقد تزوجها النبي صلى الله عليه وسلم وهي ثيب,مطابق لنص المصدر (فُحص آليًا)
SAH-005-F3,SAH-005,خديجة بنت خويلد رضي الله عنها,أول من آمن بالنبي ﷺ.,الدرر السنية – الموسوعة التاريخية,الموسوعة التاريخية – الدرر السنية: أوَّلُ النَّاسِ إيمانًا بالله ورسولِه .,حدث 14,https://dorar.net/history/event/14,كان أول من آمن بالله ورسوله خديجة بنت خويلد,مطابق لنص المصدر (فُحص آليًا)
SAH-005-F4,SAH-005,خديجة بنت خويلد رضي الله عنها,بشّرها النبي ﷺ ببيت في الجنة.,الدرر السنية – الموسوعة التاريخية,الموسوعة التاريخية – الدرر السنية: وَفاةُ أمِّ المؤمنين خَديجةَ بنتِ خويلدٍ رضِي الله عنها .,حدث 24,https://dorar.net/history/event/24,وبشرها ببيت في الجنة من قصب,مطابق لنص المصدر (فُحص آليًا)
SAH-005-F5,SAH-005,خديجة بنت خويلد رضي الله عنها,توفيت بمكة قبل الهجرة بثلاث سنين ودفنت بالحجون.,الدرر السنية – الموسوعة التاريخية,الموسوعة التاريخية – الدرر السنية: وَفاةُ أمِّ المؤمنين خَديجةَ بنتِ خويلدٍ رضِي الله عنها .,حدث 24,https://dorar.net/history/event/24,ودفنت بالحجون,مطابق لنص المصدر (فُحص آليًا)
SAH-006-F1,SAH-006,عائشة بنت أبي بكر رضي الله عنها,أم المؤمنين، عقد عليها النبي ﷺ قبل الهجرة وبنى بها بالمدينة.,الدرر السنية – الموسوعة التاريخية,الموسوعة التاريخية – الدرر السنية: زَواجُ النَّبيِّ مِن عائشةَ بنتِ أبي بكرٍ الصِّدِّيقِ رضِي الله عنهُما .,حدث 30,https://dorar.net/history/event/30,تزوج رسول الله صلى الله عليه وسلم عائشة الصديقة,مطابق لنص المصدر (فُحص آليًا)
SAH-006-F2,SAH-006,عائشة بنت أبي بكر رضي الله عنها,نزلت براءتها في حادثة الإفك.,الدرر السنية – الموسوعة التاريخية,الموسوعة التاريخية – الدرر السنية: حادِثةُ الإفْكِ .,حدث 79,https://dorar.net/history/event/79,آيات تبرئ الطاهرة المطهرة مما افتراه المفترون,مطابق لنص المصدر (فُحص آليًا)
SAH-006-F3,SAH-006,عائشة بنت أبي بكر رضي الله عنها,مُرّض النبي ﷺ في بيتها، ودفن في حجرتها.,الدرر السنية – الموسوعة التاريخية,الموسوعة التاريخية – الدرر السنية: مُصيبَةُ المسلمين الكُبرى بِوَفاةِ رسولِ الله صلَّى الله عليه وسلَّم .,حدث 145,https://dorar.net/history/event/145,فاستأذنهن في أن يمرض في بيت عائشة,مطابق لنص المصدر (فُحص آليًا)
SAH-007-F1,SAH-007,زيد بن حارثة رضي الله عنه,مولى النبي ﷺ، ومن أوائل من أسلم.,الدرر السنية – الموسوعة التاريخية,الموسوعة التاريخية – الدرر السنية: أوَّلُ النَّاسِ إيمانًا بالله ورسولِه .,حدث 14,https://dorar.net/history/event/14,ثم أسلم زيد بن حارثة مولى رسول الله,مطابق لنص المصدر (فُحص آليًا)
SAH-007-F2,SAH-007,زيد بن حارثة رضي الله عنه,رافق النبي ﷺ إلى الطائف ووقاه بنفسه.,الدرر السنية – الموسوعة التاريخية,الموسوعة التاريخية – الدرر السنية: خُروجُ رسولِ الله صلَّى الله عَليهِ وسلَّم إلى الطَّائفِ .,حدث 25,https://dorar.net/history/event/25,وكان زيد بن حارثة يقيه بنفسه,مطابق لنص المصدر (فُحص آليًا)
SAH-007-F3,SAH-007,زيد بن حارثة رضي الله عنه,قاد عددًا من السرايا.,الدرر السنية – الموسوعة التاريخية,الموسوعة التاريخية – الدرر السنية: سَرِيَّةُ زيدِ بنِ حارِثةَ .,حدث 68,https://dorar.net/history/event/68,فبعث زيد بن حارثة في مائة راكب,مطابق لنص المصدر (فُحص آليًا)
SAH-007-F4,SAH-007,زيد بن حارثة رضي الله عنه,كان أمير الجيش في غزوة مؤتة واستشهد فيها.,الدرر السنية – الموسوعة التاريخية,الموسوعة التاريخية – الدرر السنية: غَزوةُ مُؤْتَةَ .,حدث 122,https://dorar.net/history/event/122,فقتل زيد بن حارثة,مطابق لنص المصدر (فُحص آليًا)
SAH-008-F1,SAH-008,حمزة بن عبد المطلب رضي الله عنه,عم النبي ﷺ، أسلم في مكة.,الدرر السنية – الموسوعة التاريخية,الموسوعة التاريخية – الدرر السنية: إسلام حمزة بن عبد المطلب رَضي اللهُ عنه .,حدث 18,https://dorar.net/history/event/18,أسلم حمزة بن عبد المطلب رضي الله عنه,مطابق لنص المصدر (فُحص آليًا)
SAH-008-F2,SAH-008,حمزة بن عبد المطلب رضي الله عنه,كان لواؤه أول لواء عقده النبي ﷺ.,الدرر السنية – الموسوعة التاريخية,الموسوعة التاريخية – الدرر السنية: سرية حمزة إلى سيف البحر .,حدث 47,https://dorar.net/history/event/47,وكان لواء حمزة أول لواء عقده رسول الله,مطابق لنص المصدر (فُحص آليًا)
SAH-008-F3,SAH-008,حمزة بن عبد المطلب رضي الله عنه,استشهد في غزوة أحد.,الدرر السنية – الموسوعة التاريخية,الموسوعة التاريخية – الدرر السنية: غَزوةُ أُحُدٍ وسبب هزيمة المسلمين .,حدث 69,https://dorar.net/history/event/69,منهم حمزة بن عبد المطلب,مطابق لنص المصدر (فُحص آليًا)
SAH-009-F1,SAH-009,جعفر بن أبي طالب رضي الله عنه,تكلم عن المسلمين أمام النجاشي في الحبشة.,الدرر السنية – الموسوعة التاريخية,الموسوعة التاريخية – الدرر السنية: الهِجرةُ الثَّانيةُ إلى الحَبشةِ .,حدث 19,https://dorar.net/history/event/19,قال جعفر بن أبي طالب -وكان هو المتكلم عن المسلمين,مطابق لنص المصدر (فُحص آليًا)
SAH-009-F2,SAH-009,جعفر بن أبي طالب رضي الله عنه,بقي في الحبشة حتى قدم عند فتح خيبر.,الدرر السنية – الموسوعة التاريخية,الموسوعة التاريخية – الدرر السنية: هجرة أبي موسى الأشعري وأصحابه رضي الله عنهم إلى المدينة مروراً بالحَبشةِ .,حدث 104,https://dorar.net/history/event/104,ووافقنا جعفر بن أبي طالب وأصحابه عنده,مطابق لنص المصدر (فُحص آليًا)
SAH-009-F3,SAH-009,جعفر بن أبي طالب رضي الله عنه,حمل الراية في مؤتة واستشهد فيها.,الدرر السنية – الموسوعة التاريخية,الموسوعة التاريخية – الدرر السنية: غَزوةُ مُؤْتَةَ .,حدث 122,https://dorar.net/history/event/122,فأخذ الراية جعفر بن أبي طالب، فقاتل حتى قطعت يمينه,مطابق لنص المصدر (فُحص آليًا)
SAH-010-F1,SAH-010,عبد الله بن رواحة رضي الله عنه,قاد سرية إلى خيبر سنة 7 هـ.,الدرر السنية – الموسوعة التاريخية,الموسوعة التاريخية – الدرر السنية: سَرِيَّةُ عبدِ الله بنِ رَواحةَ إلى خَيبرَ لِقَتلِ يَسيرِ بنِ رِزامٍ اليَهوديِّ .,حدث 112,https://dorar.net/history/event/112,فبعث رسول الله صلى الله عليه وسلم عبد الله بن رواحة في ثلاثين راكبا,مطابق لنص المصدر (فُحص آليًا)
SAH-010-F2,SAH-010,عبد الله بن رواحة رضي الله عنه,حمل الراية في مؤتة بعد جعفر واستشهد فيها.,الدرر السنية – الموسوعة التاريخية,الموسوعة التاريخية – الدرر السنية: غَزوةُ مُؤْتَةَ .,حدث 122,https://dorar.net/history/event/122,فأخذ عبد الله بن رواحة الراية,مطابق لنص المصدر (فُحص آليًا)
SAH-011-F1,SAH-011,مصعب بن عمير رضي الله عنه,أرسله النبي ﷺ إلى المدينة يعلّم أهلها القرآن.,الدرر السنية – الموسوعة التاريخية,الموسوعة التاريخية – الدرر السنية: انتِشارُ الإسلامِ في يَثْرِبَ بعدَ العَقبةِ الأولى .,حدث 34,https://dorar.net/history/event/34,فبعث رسول الله صلى الله عليه وسلم لهم مصعب بن عمير,مطابق لنص المصدر (فُحص آليًا)
SAH-011-F2,SAH-011,مصعب بن عمير رضي الله عنه,حمل اللواء يوم أحد واستشهد فيه.,الدرر السنية – الموسوعة التاريخية,الموسوعة التاريخية – الدرر السنية: غَزوةُ أُحُدٍ وسبب هزيمة المسلمين .,حدث 69,https://dorar.net/history/event/69,وأعطى اللواء مصعب بن عمير,مطابق لنص المصدر (فُحص آليًا)
SAH-012-F1,SAH-012,سعد بن أبي وقاص رضي الله عنه,أسلم بدعوة أبي بكر الصديق.,الدرر السنية – الموسوعة التاريخية,الموسوعة التاريخية – الدرر السنية: أوَّلُ النَّاسِ إيمانًا بالله ورسولِه .,حدث 14,https://dorar.net/history/event/14,والزبير بن العوام، وسعد بن أبي وقاص,مطابق لنص المصدر (فُحص آليًا)
SAH-012-F2,SAH-012,سعد بن أبي وقاص رضي الله عنه,أول من رمى بسهم في سبيل الله.,الدرر السنية – الموسوعة التاريخية,الموسوعة التاريخية – الدرر السنية: سرية عبيدة بن الحارث بن المطلب إلى بطن رابغ .,حدث 46,https://dorar.net/history/event/46,وهو أول من رمى بسهم في سبيل الله,مطابق لنص المصدر (فُحص آليًا)
SAH-012-F3,SAH-012,سعد بن أبي وقاص رضي الله عنه,ثبت على إسلامه حين حلفت أمه لتردّه عنه، فنزلت فيه آيات.,الصحيحان (ملف أسباب النزول),صحيح مسلم 1748,ASB-003,,حلفت أم سعد بن أبي وقاص رضي الله عنه ألا تكلمه أبدًا ولا تأكل ولا تشرب حتى يكفر بدينه,مطابق لنص المصدر (فُحص آليًا)
SAH-013-F1,SAH-013,الزبير بن العوام رضي الله عنه,أسلم بدعوة أبي بكر الصديق.,الدرر السنية – الموسوعة التاريخية,الموسوعة التاريخية – الدرر السنية: أوَّلُ النَّاسِ إيمانًا بالله ورسولِه .,حدث 14,https://dorar.net/history/event/14,والزبير بن العوام,مطابق لنص المصدر (فُحص آليًا)
SAH-013-F2,SAH-013,الزبير بن العوام رضي الله عنه,لقي النبي ﷺ في طريق الهجرة وكساه.,الدرر السنية – الموسوعة التاريخية,الموسوعة التاريخية – الدرر السنية: هِجرةُ الرَّسولِ صلَّى الله عليه وسلَّم وأبي بكرٍ رضِي الله عنه إلى المدينةِ .,حدث 42,https://dorar.net/history/event/42,أن رسول الله صلى الله عليه وسلم لقي الزبير في ركب من المسلمين,مطابق لنص المصدر (فُحص آليًا)
SAH-013-F3,SAH-013,الزبير بن العوام رضي الله عنه,أرسله النبي ﷺ ليعرف نية بني قريظة.,الدرر السنية – الموسوعة التاريخية,الموسوعة التاريخية – الدرر السنية: غَزوةُ يَهودِ بني قُرَيْظَةَ .,حدث 86,https://dorar.net/history/event/86,أرسل الزبير لمعرفة نيتهم,مطابق لنص المصدر (فُحص آليًا)
SAH-014-F1,SAH-014,عبد الرحمن بن عوف رضي الله عنه,أسلم بدعوة أبي بكر الصديق.,الدرر السنية – الموسوعة التاريخية,الموسوعة التاريخية – الدرر السنية: أوَّلُ النَّاسِ إيمانًا بالله ورسولِه .,حدث 14,https://dorar.net/history/event/14,وعبد الرحمن بن عوف,مطابق لنص المصدر (فُحص آليًا)
SAH-014-F2,SAH-014,عبد الرحمن بن عوف رضي الله عنه,آخى النبي ﷺ بينه وبين سعد بن الربيع، فاشتغل بالتجارة.,الدرر السنية – الموسوعة التاريخية,الموسوعة التاريخية – الدرر السنية: المُؤاخاةُ بين المُهاجِرين والأنصارِ .,حدث 45,https://dorar.net/history/event/45,آخى رسول الله صلى الله عليه وسلم بيني وبين سعد بن الربيع,مطابق لنص المصدر (فُحص آليًا)
SAH-014-F3,SAH-014,عبد الرحمن بن عوف رضي الله عنه,قاد سرية إلى دومة الجندل فأسلم ملكها.,الدرر السنية – الموسوعة التاريخية,الموسوعة التاريخية – الدرر السنية: سرية عبد الرحمن بن عوف رضي الله عنه إلى دومة الجندل .,حدث 97,https://dorar.net/history/event/97,دعا رسول الله صلى الله عليه وسلم عبد الرحمن بن عوف,مطابق لنص المصدر (فُحص آليًا)
SAH-015-F1,SAH-015,أبو عبيدة بن الجراح رضي الله عنه,من السابقين إلى الإسلام.,الدرر السنية – الموسوعة التاريخية,الموسوعة التاريخية – الدرر السنية: أوَّلُ النَّاسِ إيمانًا بالله ورسولِه .,حدث 14,https://dorar.net/history/event/14,ثم أسلم أبو عبيدة بن الجراح,مطابق لنص المصدر (فُحص آليًا)
SAH-015-F2,SAH-015,أبو عبيدة بن الجراح رضي الله عنه,قاد سرية سيف البحر (جيش الخبط).,الدرر السنية – الموسوعة التاريخية,الموسوعة التاريخية – الدرر السنية: سَرِيَّةُ أبي عُبيدةَ بنِ الجَرَّاحِ رضِي الله عنه إلى سِيفِ البَحرِ .,حدث 124,https://dorar.net/history/event/124,بعث رسول الله صلى الله عليه وسلم أبا عبيدة بن الجراح على رأس ثلاثمائة رجل,مطابق لنص المصدر (فُحص آليًا)
SAH-016-F1,SAH-016,بلال بن رباح رضي الله عنه,عُذّب في مكة فثبت على الإسلام.,الدرر السنية – الموسوعة التاريخية,الموسوعة التاريخية – الدرر السنية: ما لقِي الصَّحابةُ من إيذاءِ قُريشٍ .,حدث 15,https://dorar.net/history/event/15,إلا بلالا، فإنه هانت عليه نفسه في الله,مطابق لنص المصدر (فُحص آليًا)
SAH-016-F2,SAH-016,بلال بن رباح رضي الله عنه,اشتراه أبو بكر وأعتقه.,الدرر السنية – الموسوعة التاريخية,الموسوعة التاريخية – الدرر السنية: ما لقِي الصَّحابةُ من إيذاءِ قُريشٍ .,حدث 15,https://dorar.net/history/event/15,فاشتراه وأعتقه,مطابق لنص المصدر (فُحص آليًا)
SAH-016-F3,SAH-016,بلال بن رباح رضي الله عنه,أذّن بالأذان حين شُرع في المدينة.,الدرر السنية – الموسوعة التاريخية,الموسوعة التاريخية – الدرر السنية: مَشروعِيَّةُ الأَذانِ .,حدث 39,https://dorar.net/history/event/39,فقم مع بلال فألق عليه ما رأيت فليؤذن به,مطابق لنص المصدر (فُحص آليًا)
SAH-017-F1,SAH-017,عمار بن ياسر رضي الله عنه,من أول من أظهر إسلامه بمكة، وعُذّب مع أمه سمية.,الدرر السنية – الموسوعة التاريخية,الموسوعة التاريخية – الدرر السنية: ما لقِي الصَّحابةُ من إيذاءِ قُريشٍ .,حدث 15,https://dorar.net/history/event/15,وأبو بكر، وعمار، وأمه سمية,مطابق لنص المصدر (فُحص آليًا)
SAH-018-F1,SAH-018,سمية أم عمار رضي الله عنها,من أول من أظهر إسلامه بمكة، وعُذّبت في الله.,الدرر السنية – الموسوعة التاريخية,الموسوعة التاريخية – الدرر السنية: ما لقِي الصَّحابةُ من إيذاءِ قُريشٍ .,حدث 15,https://dorar.net/history/event/15,وأبو بكر، وعمار، وأمه سمية,مطابق لنص المصدر (فُحص آليًا)
SAH-019-F1,SAH-019,خالد بن الوليد رضي الله عنه,كان على ميمنة خيل قريش يوم أحد قبل إسلامه.,الدرر السنية – الموسوعة التاريخية,الموسوعة التاريخية – الدرر السنية: غَزوةُ أُحُدٍ وسبب هزيمة المسلمين .,حدث 69,https://dorar.net/history/event/69,فجعلوا على ميمنة الخيل خالد بن الوليد,مطابق لنص المصدر (فُحص آليًا)
SAH-019-F2,SAH-019,خالد بن الوليد رضي الله عنه,أسلم سنة 8 هـ مع عمرو بن العاص وعثمان بن طلحة.,الدرر السنية – الموسوعة التاريخية,الموسوعة التاريخية – الدرر السنية: إِسلامُ عَمرِو بنِ العاصِ وخالدِ بنِ الوليدِ وعُثمانَ بنِ طلحةَ رضِي الله عنهم .,حدث 118,https://dorar.net/history/event/118,قال خالد بن الوليد: لما أراد الله عز وجل ما أراد من الخير قذف في قلبي الإسلام,مطابق لنص المصدر (فُحص آليًا)
SAH-019-F3,SAH-019,خالد بن الوليد رضي الله عنه,تولى القيادة في مؤتة وانحاز بالمسلمين.,الدرر السنية – الموسوعة التاريخية,الموسوعة التاريخية – الدرر السنية: غَزوةُ مُؤْتَةَ .,حدث 122,https://dorar.net/history/event/122,فاصطلح الناس على خالد بن الوليد,مطابق لنص المصدر (فُحص آليًا)
SAH-019-F4,SAH-019,خالد بن الوليد رضي الله عنه,بعثه النبي ﷺ فهدم العزى.,الدرر السنية – الموسوعة التاريخية,الموسوعة التاريخية – الدرر السنية: سَرِيَّةُ خالدِ بنِ الوليدِ رضِي الله عنه إلى العُزَّى بنَخْلَةَ .,حدث 128,https://dorar.net/history/event/128,بعث خالد بن الوليد إلى العزى,مطابق لنص المصدر (فُحص آليًا)
SAH-020-F1,SAH-020,عمرو بن العاص رضي الله عنه,أسلم سنة 8 هـ مع خالد بن الوليد وعثمان بن طلحة.,الدرر السنية – الموسوعة التاريخية,الموسوعة التاريخية – الدرر السنية: إِسلامُ عَمرِو بنِ العاصِ وخالدِ بنِ الوليدِ وعُثمانَ بنِ طلحةَ رضِي الله عنهم .,حدث 118,https://dorar.net/history/event/118,فوجدنا عمرو بن العاص بها,مطابق لنص المصدر (فُحص آليًا)
SAH-020-F2,SAH-020,عمرو بن العاص رضي الله عنه,كان أمير غزوة ذات السلاسل.,الدرر السنية – الموسوعة التاريخية,الموسوعة التاريخية – الدرر السنية: غَزوةُ ذاتِ السَّلاسِلِ .,حدث 123,https://dorar.net/history/event/123,فكان أميرها عمرو بن العاص,مطابق لنص المصدر (فُحص آليًا)
SAH-020-F3,SAH-020,عمرو بن العاص رضي الله عنه,بعثه النبي ﷺ فهدم صنم سواع.,الدرر السنية – الموسوعة التاريخية,الموسوعة التاريخية – الدرر السنية: سَرِيَّةُ عَمرِو بنِ العاصِ رضِي الله عنه إلى سُواعٍ، صَنَمِ هُذيلٍ .,حدث 129,https://dorar.net/history/event/129,بعث رسول الله صلى الله عليه وسلم عمرو بن العاص إلى سواع,مطابق لنص المصدر (فُحص آليًا)
SAH-020-F4,SAH-020,عمرو بن العاص رضي الله عنه,حمل كتاب النبي ﷺ إلى ملكي عمان.,الدرر السنية – الموسوعة التاريخية,الموسوعة التاريخية – الدرر السنية: مراسلة النبي صلى الله عليه وسلم إلى المُلوكِ يَدعوهُم إلى الإسلامِ .,حدث 106,https://dorar.net/history/event/106,وبعث عمرو بن العاص السهمي إلى جيفر,مطابق لنص المصدر (فُحص آليًا)
SAH-021-F1,SAH-021,أبو موسى الأشعري رضي الله عنه,هاجر من اليمن ومرّ بالحبشة، وقدم على النبي ﷺ عند فتح خيبر.,الدرر السنية – الموسوعة التاريخية,الموسوعة التاريخية – الدرر السنية: هجرة أبي موسى الأشعري وأصحابه رضي الله عنهم إلى المدينة مروراً بالحَبشةِ .,حدث 104,https://dorar.net/history/event/104,فركبنا سفينة، فألقتنا سفينتنا إلى النجاشي بالحبشة,مطابق لنص المصدر (فُحص آليًا)
SAH-021-F2,SAH-021,أبو موسى الأشعري رضي الله عنه,شهد سرية أوطاس بعد حنين.,الدرر السنية – الموسوعة التاريخية,الموسوعة التاريخية – الدرر السنية: سريَّة أَوْطاسٍ (وادٍ بين مكة والطائف) .,حدث 117,https://dorar.net/history/event/117,وبعثني مع أبي عامر,مطابق لنص المصدر (فُحص آليًا)
SAH-022-F1,SAH-022,عبد الله بن مسعود رضي الله عنه,من السابقين إلى الإسلام.,الدرر السنية – الموسوعة التاريخية,الموسوعة التاريخية – الدرر السنية: أوَّلُ النَّاسِ إيمانًا بالله ورسولِه .,حدث 14,https://dorar.net/history/event/14,وعبد الله بن مسعود,مطابق لنص المصدر (فُحص آليًا)
SAH-022-F2,SAH-022,عبد الله بن مسعود رضي الله عنه,روى حديث انشقاق القمر.,الدرر السنية – الموسوعة التاريخية,الموسوعة التاريخية – الدرر السنية: مُعجِزةُ انشِقاقِ القَمرِ .,حدث 36,https://dorar.net/history/event/36,عن عبد الله بن مسعود رضي الله عنه، قال: انشق القمر,مطابق لنص المصدر (فُحص آليًا)
SAH-023-F1,SAH-023,أبو هريرة رضي الله عنه,كان من المؤذنين ببراءة في حج سنة 9 هـ.,الدرر السنية – الموسوعة التاريخية,الموسوعة التاريخية – الدرر السنية: حَجَّةُ أبي بكرٍ الصِّدِّيقِ ونُزولُ سُورةِ بَراءَة .,حدث 140,https://dorar.net/history/event/140,بعثني أبو بكر في تلك الحجة في مؤذنين,مطابق لنص المصدر (فُحص آليًا)
SAH-024-F1,SAH-024,أنس بن مالك رضي الله عنه,شهد غزوة خيبر رديفًا لأبي طلحة.,الدرر السنية – الموسوعة التاريخية,الموسوعة التاريخية – الدرر السنية: غَزوةُ خَيبرَ .,حدث 102,https://dorar.net/history/event/102,وأنا رديف أبي طلحة,مطابق لنص المصدر (فُحص آليًا)
SAH-024-F2,SAH-024,أنس بن مالك رضي الله عنه,وصف رحمة النبي ﷺ بالعيال.,الدرر السنية – الموسوعة التاريخية,الموسوعة التاريخية – الدرر السنية: وَفاةُ إبراهيمَ ابنِ النَّبيِّ صلَّى الله عليه وسلَّم .,حدث 142,https://dorar.net/history/event/142,ما رأيت أحدا كان أرحم بالعيال من رسول الله,مطابق لنص المصدر (فُحص آليًا)
SAH-025-F1,SAH-025,جابر بن عبد الله رضي الله عنهما,أذن له النبي ﷺ وحده بالخروج إلى حمراء الأسد مع من شهد أحدًا.,الدرر السنية – الموسوعة التاريخية,الموسوعة التاريخية – الدرر السنية: غَزوةُ حَمراءِ الأَسدِ .,حدث 71,https://dorar.net/history/event/71,سوى جابر بن عبد الله رضي الله عنه,مطابق لنص المصدر (فُحص آليًا)
SAH-025-F2,SAH-025,جابر بن عبد الله رضي الله عنهما,شهد بيعة الرضوان.,الدرر السنية – الموسوعة التاريخية,الموسوعة التاريخية – الدرر السنية: بَيعةُ الرِّضْوانِ .,حدث 100,https://dorar.net/history/event/100,قال جابر بن عبد الله: كنا يوم الحديبية ألفا وأربع مائة,مطابق لنص المصدر (فُحص آليًا)
SAH-026-F1,SAH-026,عبد الله بن عمر رضي الله عنهما,امتنع عن قتل الأسرى في سرية بني جذيمة.,الدرر السنية – الموسوعة التاريخية,الموسوعة التاريخية – الدرر السنية: سَرِيَّةُ خالدِ بنِ الوليدِ رضِي الله عنه إلى بني جَذِيمَةَ .,حدث 130,https://dorar.net/history/event/130,فأبى ابن عمر وأصحابه,مطابق لنص المصدر (فُحص آليًا)
SAH-027-F1,SAH-027,عبد الله بن عباس رضي الله عنهما,روى أن مولد النبي ﷺ كان عام الفيل.,الدرر السنية – الموسوعة التاريخية,الموسوعة التاريخية – الدرر السنية: ولادة النبي محمد بن عبدالله صلى الله عليه وسلم .,حدث 1,https://dorar.net/history/event/1,عن ابن عباس رضي الله عنهما أنه قال: (ولد رسول الله صلى الله عليه وسلم عام الفيل),مطابق لنص المصدر (فُحص آليًا)
SAH-028-F1,SAH-028,البراء بن عازب رضي الله عنهما,روى حديث تحويل القبلة.,الدرر السنية – الموسوعة التاريخية,الموسوعة التاريخية – الدرر السنية: تَحويلُ القِبلَةِ إلى الكعبة .,حدث 55,https://dorar.net/history/event/55,عن البراء بن عازب رضي الله عنهما قال,مطابق لنص المصدر (فُحص آليًا)
SAH-029-F1,SAH-029,أبو سلمة عبد الله بن عبد الأسد رضي الله عنه,أول من هاجر إلى المدينة من قريش من بني مخزوم.,الدرر السنية – الموسوعة التاريخية,الموسوعة التاريخية – الدرر السنية: هِجرةُ أبي سَلمةَ وأمِّ سَلمةَ رضي الله عنهما .,حدث 33,https://dorar.net/history/event/33,كان أبو سلمة عبد الله بن عبد الأسد أول من هاجر إلى المدينة,مطابق لنص المصدر (فُحص آليًا)
SAH-029-F2,SAH-029,أبو سلمة عبد الله بن عبد الأسد رضي الله عنه,قاد سرية إلى قطن سنة 4 هـ.,الدرر السنية – الموسوعة التاريخية,الموسوعة التاريخية – الدرر السنية: سرية عبد الله بن عبد الأسد رضي الله عنه إلى قطن .,حدث 72,https://dorar.net/history/event/72,كانت سرية أبي سلمة عبد الله بن عبد الأسد,مطابق لنص المصدر (فُحص آليًا)
SAH-030-F1,SAH-030,أم سلمة رضي الله عنها,فُرّق بينها وبين زوجها وابنها عند الهجرة ثم لحقت بزوجها.,الدرر السنية – الموسوعة التاريخية,الموسوعة التاريخية – الدرر السنية: هِجرةُ أبي سَلمةَ وأمِّ سَلمةَ رضي الله عنهما .,حدث 33,https://dorar.net/history/event/33,ففرق بيني وبين ابني وبين زوجي,مطابق لنص المصدر (فُحص آليًا)
SAH-030-F2,SAH-030,أم سلمة رضي الله عنها,أشارت على النبي ﷺ يوم الحديبية بأن ينحر ويحلق.,الدرر السنية – الموسوعة التاريخية,الموسوعة التاريخية – الدرر السنية: صُلْحُ الحُدَيبيةِ .,حدث 101,https://dorar.net/history/event/101,حتى أشارت عليه أم سلمة رضي الله عنها,مطابق لنص المصدر (فُحص آليًا)
SAH-031-F1,SAH-031,رقية بنت رسول الله ﷺ رضي الله عنها,بنت النبي ﷺ، هاجرت مع زوجها عثمان إلى الحبشة.,الدرر السنية – الموسوعة التاريخية,الموسوعة التاريخية – الدرر السنية: الهِجرةُ الأُولى إلى الحَبشةِ .,حدث 17,https://dorar.net/history/event/17,ومعه زوجته رقية بنت رسول الله,مطابق لنص المصدر (فُحص آليًا)
SAH-031-F2,SAH-031,رقية بنت رسول الله ﷺ رضي الله عنها,توفيت سنة 2 هـ أيام بدر.,الدرر السنية – الموسوعة التاريخية,الموسوعة التاريخية – الدرر السنية: وفاةُ رُقَيَّةَ رضِي الله عنها .,حدث 60,https://dorar.net/history/event/60,ثم ما لبثت رقية في مرضها حتى توفيت,مطابق لنص المصدر (فُحص آليًا)
SAH-032-F1,SAH-032,زينب بنت رسول الله ﷺ رضي الله عنها,كبرى بنات النبي ﷺ، توفيت سنة 8 هـ.,الدرر السنية – الموسوعة التاريخية,الموسوعة التاريخية – الدرر السنية: وَفاةُ زَينبَ رضِي الله عنها بنتِ رسولِ الله صلَّى الله عليه وسلَّم .,حدث 116,https://dorar.net/history/event/116,هي زينب بنت رسول الله صلى الله عليه وسلم، وأكبر أخواتها,مطابق لنص المصدر (فُحص آليًا)
SAH-032-F2,SAH-032,زينب بنت رسول الله ﷺ رضي الله عنها,أجارت زوجها أبا العاص فأجاز النبي ﷺ جوارها.,الدرر السنية – الموسوعة التاريخية,الموسوعة التاريخية – الدرر السنية: سرية زيد بن حارثة رضي الله عنه إلى العيص .,حدث 95,https://dorar.net/history/event/95,فاستجار بها فأجارته,مطابق لنص المصدر (فُحص آليًا)
SAH-033-F1,SAH-033,أم كلثوم بنت رسول الله ﷺ رضي الله عنها,بنت النبي ﷺ، تزوجها عثمان بعد رقية، وتوفيت سنة 9 هـ.,الدرر السنية – الموسوعة التاريخية,الموسوعة التاريخية – الدرر السنية: وَفاةُ أمِّ كُلثومٍ بنتِ رسولِ الله صلَّى الله عليه وسلَّم .,حدث 134,https://dorar.net/history/event/134,هي أم كلثوم بنت رسول الله صلى الله عليه وسلم,مطابق لنص المصدر (فُحص آليًا)
SAH-034-F1,SAH-034,فاطمة بنت رسول الله ﷺ رضي الله عنها,من بنات النبي ﷺ من خديجة.,الدرر السنية – الموسوعة التاريخية,الموسوعة التاريخية – الدرر السنية: وَفاةُ أمِّ المؤمنين خَديجةَ بنتِ خويلدٍ رضِي الله عنها .,حدث 24,https://dorar.net/history/event/24,ورقية، وزينب، وأم كلثوم، وفاطمة,مطابق لنص المصدر (فُحص آليًا)
SAH-035-F1,SAH-035,سودة بنت زمعة رضي الله عنها,أول من تزوجها النبي ﷺ بعد خديجة.,الدرر السنية – الموسوعة التاريخية,الموسوعة التاريخية – الدرر السنية: زَواجُ النَّبيِّ صلَّى الله عَليهِ وسلَّم من سَوْدَةَ بنتِ زَمْعَةَ رضِي الله عنها .,حدث 28,https://dorar.net/history/event/28,وكانت أول امرأة تزوجها بعد وفاة خديجة,مطابق لنص المصدر (فُحص آليًا)
SAH-036-F1,SAH-036,أسامة بن زيد رضي الله عنهما,ابن زيد بن حارثة وأم أيمن.,الدرر السنية – الموسوعة التاريخية,الموسوعة التاريخية – الدرر السنية: وفاة أم النبي آمنة بنت وهب وحضانة أم أيمن له صلى الله عليه وسلم .,حدث 3,https://dorar.net/history/event/3,الذي أنجبت منه أسامة بن زيد,مطابق لنص المصدر (فُحص آليًا)
SAH-036-F2,SAH-036,أسامة بن زيد رضي الله عنهما,كان رديف النبي ﷺ يوم مرّ بمجلس عبد الله بن أبي.,الصحيحان (ملف أسباب النزول),صحيح البخاري 4566؛ صحيح مسلم 1798,ASB-025,,ركب النبي ﷺ حمارًا يعود سعد بن عبادة,مطابق لنص المصدر (فُحص آليًا)
SAH-037-F1,SAH-037,سلمة بن الأكوع رضي الله عنه,أدرك المغيرين يوم ذي قرد واستنقذ اللقاح.,الدرر السنية – الموسوعة التاريخية,الموسوعة التاريخية – الدرر السنية: غَزوةُ ذي قَرَدٍ .,حدث 88,https://dorar.net/history/event/88,فكان أول من نذر بهم سلمة بن عمرو بن الأكوع,مطابق لنص المصدر (فُحص آليًا)
SAH-038-F1,SAH-038,عبد الله بن سلام رضي الله عنه,كان حبرًا من أحبار اليهود فأسلم عند قدوم النبي ﷺ المدينة.,الدرر السنية – الموسوعة التاريخية,الموسوعة التاريخية – الدرر السنية: إسلام عبد الله بن سلَام رَضي اللهُ عنه .,حدث 37,https://dorar.net/history/event/37,كان عبد الله بن سلام رضي الله عنه حبرا من أحبار يهود,مطابق لنص المصدر (فُحص آليًا)
SAH-039-F1,SAH-039,سعد بن معاذ رضي الله عنه,سيد الأوس، أسلم على يد مصعب بن عمير.,الدرر السنية – الموسوعة التاريخية,الموسوعة التاريخية – الدرر السنية: انتِشارُ الإسلامِ في يَثْرِبَ بعدَ العَقبةِ الأولى .,حدث 34,https://dorar.net/history/event/34,سيدا الأوس سعد بن معاذ,مطابق لنص المصدر (فُحص آليًا)
SAH-039-F2,SAH-039,سعد بن معاذ رضي الله عنه,حكم في بني قريظة.,الدرر السنية – الموسوعة التاريخية,الموسوعة التاريخية – الدرر السنية: غَزوةُ يَهودِ بني قُرَيْظَةَ .,حدث 86,https://dorar.net/history/event/86,فجعل الحكم فيهم إلى سعد بن معاذ,مطابق لنص المصدر (فُحص آليًا)
SAH-040-F1,SAH-040,سعد بن عبادة رضي الله عنه,استخلفه النبي ﷺ على المدينة في غزوة الأبواء.,الدرر السنية – الموسوعة التاريخية,الموسوعة التاريخية – الدرر السنية: غَزوةُ الأَبْواءِ (وَدَّانَ) ومُوادَعةُ بني ضَمْرَةَ .,حدث 49,https://dorar.net/history/event/49,استعمل على المدينة سعد بن عبادة,مطابق لنص المصدر (فُحص آليًا)
SAH-041-F1,SAH-041,خبيب بن عدي رضي الله عنه,أُسر يوم الرجيع وقُتل بمكة، وسنّ الركعتين لمن يُقتل صبرًا.,الدرر السنية – الموسوعة التاريخية,الموسوعة التاريخية – الدرر السنية: سرية يَوم الرَّجيعِ .,حدث 74,https://dorar.net/history/event/74,قال لهم خبيب: ذروني أركع ركعتين,مطابق لنص المصدر (فُحص آليًا)
SAH-042-F1,SAH-042,عاصم بن ثابت رضي الله عنه,أمير سرية الرجيع، استشهد فيها.,الدرر السنية – الموسوعة التاريخية,الموسوعة التاريخية – الدرر السنية: سرية يَوم الرَّجيعِ .,حدث 74,https://dorar.net/history/event/74,وأمر عليهم عاصم بن ثابت الأنصاري,مطابق لنص المصدر (فُحص آليًا)
SAH-043-F1,SAH-043,زيد بن أرقم رضي الله عنه,سمع مقالة ابن أبي في غزوة بني المصطلق فنزلت سورة المنافقون تصديقًا له.,الدرر السنية – الموسوعة التاريخية,الموسوعة التاريخية – الدرر السنية: غزوة بني المصطلق (المريسيع) .,حدث 83,https://dorar.net/history/event/83,فسمعه زيد بن أرقم,مطابق لنص المصدر (فُحص آليًا)
SAH-044-F1,SAH-044,عامر بن فهيرة رضي الله عنه,مولى أبي بكر، كان يرعى الغنم على النبي ﷺ وأبي بكر في الغار.,الدرر السنية – الموسوعة التاريخية,الموسوعة التاريخية – الدرر السنية: هِجرةُ الرَّسولِ صلَّى الله عليه وسلَّم وأبي بكرٍ رضِي الله عنه إلى المدينةِ .,حدث 42,https://dorar.net/history/event/42,ويرعى عليهما عامر بن فهيرة,مطابق لنص المصدر (فُحص آليًا)
SAH-045-F1,SAH-045,أسماء بنت أبي بكر رضي الله عنهما,سميت ذات النطاقين لما ربطت زاد الهجرة بنطاقها.,الدرر السنية – الموسوعة التاريخية,الموسوعة التاريخية – الدرر السنية: هِجرةُ الرَّسولِ صلَّى الله عليه وسلَّم وأبي بكرٍ رضِي الله عنه إلى المدينةِ .,حدث 42,https://dorar.net/history/event/42,فبذلك سميت: ذات النطاقين,مطابق لنص المصدر (فُحص آليًا)
SAH-046-F1,SAH-046,عبد الله بن جحش رضي الله عنه,أمير سرية نخلة سنة 2 هـ.,الدرر السنية – الموسوعة التاريخية,الموسوعة التاريخية – الدرر السنية: سرية عبد الله بن جحش الأسدي إلى نخلة .,حدث 54,https://dorar.net/history/event/54,وفي هذه السرية سمي عبد الله بن جحش أمير المؤمنين,مطابق لنص المصدر (فُحص آليًا)
SAH-047-F1,SAH-047,عبيدة بن الحارث رضي الله عنه,قاد سرية بطن رابغ سنة 1 هـ.,الدرر السنية – الموسوعة التاريخية,الموسوعة التاريخية – الدرر السنية: سرية عبيدة بن الحارث بن المطلب إلى بطن رابغ .,حدث 46,https://dorar.net/history/event/46,بعث النبي صلى الله عليه وسلم عبيدة بن الحارث بن عبد المطلب في سرية,مطابق لنص المصدر (فُحص آليًا)
SAH-048-F1,SAH-048,العباس بن عبد المطلب رضي الله عنه,عم النبي ﷺ، نادى المسلمين بالثبات يوم حنين.,الدرر السنية – الموسوعة التاريخية,الموسوعة التاريخية – الدرر السنية: غَزوةُ حُنينٍ (هَوازِنَ) .,حدث 132,https://dorar.net/history/event/132,وأمر الرسول صلى الله عليه وسلم عمه العباس -وكان جهوري الصوت-,مطابق لنص المصدر (فُحص آليًا)
SAH-049-F1,SAH-049,حاطب بن أبي بلتعة رضي الله عنه,حمل كتاب النبي ﷺ إلى المقوقس.,الدرر السنية – الموسوعة التاريخية,الموسوعة التاريخية – الدرر السنية: مراسلة النبي صلى الله عليه وسلم إلى المُلوكِ يَدعوهُم إلى الإسلامِ .,حدث 106,https://dorar.net/history/event/106,وبعث حاطب بن أبي بلتعة إلى المقوقس,مطابق لنص المصدر (فُحص آليًا)
SAH-050-F1,SAH-050,أبو أيوب الأنصاري رضي الله عنه,نزل النبي ﷺ بفنائه عند قدومه المدينة.,الدرر السنية – الموسوعة التاريخية,الموسوعة التاريخية – الدرر السنية: بِناءُ المسجدِ النَّبوِيِّ .,حدث 44,https://dorar.net/history/event/44,حتى ألقى بفناء أبي أيوب,مطابق لنص المصدر (فُحص آليًا)
SAH-051-F1,SAH-051,عكاشة بن محصن رضي الله عنه,قاد سرية الغمر سنة 6 هـ.,الدرر السنية – الموسوعة التاريخية,الموسوعة التاريخية – الدرر السنية: سرية عُكَّاشة بن مِحصَن رضي الله عنه إلى الغَمر (ماء بني أسد) .,حدث 90,https://dorar.net/history/event/90,بعث رسول الله صلى الله عليه وسلم عكاشة بن محصن رضي الله عنه إلى الغمر,مطابق لنص المصدر (فُحص آليًا)
SAH-052-F1,SAH-052,الطفيل بن عمرو الدوسي رضي الله عنه,من أشراف دوس، أسلم بمكة ودعا قومه، واستشهد باليمامة.,الدرر السنية – الموسوعة التاريخية,الموسوعة التاريخية – الدرر السنية: إسلام الطّفيل بن عمرو الدوسي رَضي اللهُ عنه .,حدث 21,https://dorar.net/history/event/21,ثم سار مع المسلمين إلى اليمامة، واستشهد فيها,مطابق لنص المصدر (فُحص آليًا)
SAH-053-F1,SAH-053,معاذ بن جبل رضي الله عنه,كان باليمن وقام بأمر النبي ﷺ في مواجهة الأسود العنسي.,الدرر السنية – الموسوعة التاريخية,الموسوعة التاريخية – الدرر السنية: خروج الأسود العنسي في اليمن وقتله على يد فيروز الديلمي .,حدث 6103,https://dorar.net/history/event/6103,فقام معاذ بن جبل بهذا الكتاب أتم قيام,مطابق لنص المصدر (فُحص آليًا)
SAH-054-F1,SAH-054,ثمامة بن أثال رضي الله عنه,سيد بني حنيفة، أُسر ثم أطلقه النبي ﷺ فأسلم.,الدرر السنية – الموسوعة التاريخية,الموسوعة التاريخية – الدرر السنية: سرية محمد بن مسلمة رضي الله عنه إلى القرطاء .,حدث 89,https://dorar.net/history/event/89,ومعهم ثمامة بن أثال الحنفي سيد بني حنيفة,مطابق لنص المصدر (فُحص آليًا)
SAH-055-F1,SAH-055,أم أيمن بركة بنت ثعلبة رضي الله عنها,حاضنة النبي ﷺ، وتوفيت بعده بخمسة أشهر.,الدرر السنية – الموسوعة التاريخية,الموسوعة التاريخية – الدرر السنية: وفاة أم النبي آمنة بنت وهب وحضانة أم أيمن له صلى الله عليه وسلم .,حدث 3,https://dorar.net/history/event/3,ومعه حاضنته أم أيمن رضي الله عنها,مطابق لنص المصدر (فُحص آليًا)
SAH-056-F1,SAH-056,خباب بن الأرت رضي الله عنه,كان يقرئ فاطمة بنت الخطاب وزوجها القرآن يوم أسلم عمر.,الدرر السنية – الموسوعة التاريخية,الموسوعة التاريخية – الدرر السنية: إِسلامُ عُمَرَ رضِي الله عنهُ .,حدث 20,https://dorar.net/history/event/20,وعندهما خباب بن الأرت، معه صحيفة فيها,مطابق لنص المصدر (فُحص آليًا)
SAH-057-F1,SAH-057,صهيب الرومي رضي الله عنه,ترك ماله لقريش ليهاجر، فقال النبي ﷺ: ربح صهيب.,الدرر السنية – الموسوعة التاريخية,الموسوعة التاريخية – الدرر السنية: هِجرةُ الصَّحابةِ إلى المدينةِ .,حدث 40,https://dorar.net/history/event/40,ربح صهيب، ربح صهيب,مطابق لنص المصدر (فُحص آليًا)
SAH-058-F1,SAH-058,المقداد بن عمرو رضي الله عنه,حمل اللواء في سرية الخرار.,الدرر السنية – الموسوعة التاريخية,الموسوعة التاريخية – الدرر السنية: سرية سعد بن أبي وقاص رضي الله عنه إلى الخَرّار .,حدث 48,https://dorar.net/history/event/48,حمله المقداد بن عمرو,مطابق لنص المصدر (فُحص آليًا)
SAH-059-F1,SAH-059,جويرية بنت الحارث رضي الله عنها,أم المؤمنين، تزوجها النبي ﷺ بعد غزوة بني المصطلق فأعتق الناس أسرى قومها.,الدرر السنية – الموسوعة التاريخية,الموسوعة التاريخية – الدرر السنية: غزوة بني المصطلق (المريسيع) .,حدث 83,https://dorar.net/history/event/83,وكان فيمن سبي جويرية رضي الله عنها بنت الحارث بن أبي ضرار,مطابق لنص المصدر (فُحص آليًا)
SAH-060-F1,SAH-060,صفية بنت حيي رضي الله عنها,أم المؤمنين، أعتقها النبي ﷺ وتزوجها بعد خيبر.,الدرر السنية – الموسوعة التاريخية,الموسوعة التاريخية – الدرر السنية: غَزوةُ خَيبرَ .,حدث 102,https://dorar.net/history/event/102,وأعتقها وتزوجها,مطابق لنص المصدر (فُحص آليًا)
SAH-061-F1,SAH-061,عثمان بن طلحة رضي الله عنه,صحب أم سلمة في هجرتها قبل إسلامه.,الدرر السنية – الموسوعة التاريخية,الموسوعة التاريخية – الدرر السنية: هِجرةُ أبي سَلمةَ وأمِّ سَلمةَ رضي الله عنهما .,حدث 33,https://dorar.net/history/event/33,لقيت عثمان بن طلحة بن أبي طلحة,مطابق لنص المصدر (فُحص آليًا)
SAH-061-F2,SAH-061,عثمان بن طلحة رضي الله عنه,أسلم سنة 8 هـ مع خالد بن الوليد.,الدرر السنية – الموسوعة التاريخية,الموسوعة التاريخية – الدرر السنية: إِسلامُ عَمرِو بنِ العاصِ وخالدِ بنِ الوليدِ وعُثمانَ بنِ طلحةَ رضِي الله عنهم .,حدث 118,https://dorar.net/history/event/118,عثمان بن طلحة فعرضت عليه الإسلام فأسرع الإجابة,مطابق لنص المصدر (فُحص آليًا)
SAH-062-F1,SAH-062,أبو قتادة الأنصاري رضي الله عنه,شهد غزوة ذي قرد.,الدرر السنية – الموسوعة التاريخية,الموسوعة التاريخية – الدرر السنية: غَزوةُ ذي قَرَدٍ .,حدث 88,https://dorar.net/history/event/88,فحمل عليه أبو قتادة فقتله,مطابق لنص المصدر (فُحص آليًا)
SAH-062-F2,SAH-062,أبو قتادة الأنصاري رضي الله عنه,قاد سرية خضرة وسرية بطن إضم سنة 8 هـ.,الدرر السنية – الموسوعة التاريخية,الموسوعة التاريخية – الدرر السنية: سَرِيَّةُ أبي قَتادةَ الأَنصاريِّ إلى خَضِرَة .,حدث 125,https://dorar.net/history/event/125,بعث رسول الله صلى الله عليه وسلم أبا قتادة بن ربعي رضي الله عنه في سرية إلى خضرة,مطابق لنص المصدر (فُحص آليًا)
SAH-063-F1,SAH-063,محمد بن مسلمة رضي الله عنه,قتل كعب بن الأشرف بإذن النبي ﷺ، وقاد عددًا من السرايا.,الدرر السنية – الموسوعة التاريخية,الموسوعة التاريخية – الدرر السنية: مَقتَلُ كعبِ بنِ الأَشرفِ .,حدث 65,https://dorar.net/history/event/65,فقال محمد بن مسلمة: يا رسول الله، أتحب أن أقتله؟,مطابق لنص المصدر (فُحص آليًا)
SAH-064-F1,SAH-064,أسعد بن زرارة رضي الله عنه,نزل عنده مصعب بن عمير في المدينة.,الدرر السنية – الموسوعة التاريخية,الموسوعة التاريخية – الدرر السنية: انتِشارُ الإسلامِ في يَثْرِبَ بعدَ العَقبةِ الأولى .,حدث 34,https://dorar.net/history/event/34,فكان في ضيافة أسعد بن زرارة,مطابق لنص المصدر (فُحص آليًا)
SAH-064-F2,SAH-064,أسعد بن زرارة رضي الله عنه,شهد بيعة العقبة الثانية.,الدرر السنية – الموسوعة التاريخية,الموسوعة التاريخية – الدرر السنية: بَيعةُ العَقبةِ الثَّانيةِ .,حدث 35,https://dorar.net/history/event/35,وأخذ بيده أسعد بن زرارة وهو من أصغرهم,مطابق لنص المصدر (فُحص آليًا)
SAH-065-F1,SAH-065,زيد بن ثابت رضي الله عنه,كتب الوحي بين يدي النبي ﷺ.,الصحيحان (ملف أسباب النزول),صحيح البخاري 2831، 2832، 4592، 4593، 4595؛ صحيح مسلم 1898,ASB-030,,دعا النبي ﷺ زيد بن ثابت رضي الله عنه فكتبها,مطابق لنص المصدر (فُحص آليًا)
SAH-066-F1,SAH-066,كعب بن مالك رضي الله عنه,أحد الثلاثة الذين خُلّفوا عن تبوك فتاب الله عليهم.,الصحيحان (ملف أسباب النزول),صحيح البخاري 4418، 4677؛ صحيح مسلم 2769,ASB-052,,تاب الله على كعب بن مالك,مطابق لنص المصدر (فُحص آليًا)
SAH-067-F1,SAH-067,هلال بن أمية رضي الله عنه,أحد الثلاثة الذين خُلّفوا عن تبوك فتاب الله عليهم.,الصحيحان (ملف أسباب النزول),صحيح البخاري 4418، 4677؛ صحيح مسلم 2769,ASB-052,,وهلال بن أمية,مطابق لنص المصدر (فُحص آليًا)
SAH-068-F1,SAH-068,أنس بن النضر رضي الله عنه,استشهد يوم أحد وبه بضع وثمانون ضربة وطعنة ورمية.,الصحيحان (ملف أسباب النزول),صحيح البخاري 2805، 4048، 4783؛ صحيح مسلم 1903,ASB-034,,وُجد بأنس بن النضر رضي الله عنه يوم أحد بضع وثمانون ضربة,مطابق لنص المصدر (فُحص آليًا)
SAH-069-F1,SAH-069,أبو ذر الغفاري رضي الله عنه,روى نزول آية «هذان خصمان» في مبارزة بدر.,الصحيحان (ملف أسباب النزول),صحيح البخاري 3965، 3966، 4743؛ صحيح مسلم 3033,ASB-029,,كان أبو ذر رضي الله عنه يُقسم,مطابق لنص المصدر (فُحص آليًا)
SAH-070-F1,SAH-070,أبو سعيد الخدري رضي الله عنه,روى تفسير النبي ﷺ للمسجد الذي أُسس على التقوى.,الصحيحان (ملف أسباب النزول),صحيح مسلم 1398,ASB-054,,سأل أبو سعيد الخدري رضي الله عنه النبي ﷺ عن المسجد الذي أُسس على التقوى,مطابق لنص المصدر (فُحص آليًا)
SAH-071-F1,SAH-071,الأشعث بن قيس رضي الله عنه,نزلت فيه آية اليمين الكاذبة في خصومة على بئر.,الصحيحان (ملف أسباب النزول),صحيح البخاري 2356، 2357، 4549، 4550؛ صحيح مسلم 138,ASB-070,,فيّ نزلت، كانت بيني وبين رجل خصومة في بئر,مطابق لنص المصدر (فُحص آليًا)
SAH-072-F1,SAH-072,كعب بن عجرة رضي الله عنه,نزلت فيه فدية الأذى بالحديبية.,الصحيحان (ملف أسباب النزول),صحيح البخاري 1814، 1816، 4517؛ صحيح مسلم 1201,ASB-046,,حُمل كعب بن عجرة رضي الله عنه إلى النبي ﷺ بالحديبية,مطابق لنص المصدر (فُحص آليًا)
SAH-073-F1,SAH-073,حفصة بنت عمر رضي الله عنهما,أم المؤمنين، ذكرها حديث قصة العسل وسورة التحريم.,الصحيحان (ملف أسباب النزول),صحيح البخاري 4912، 4913، 5191؛ صحيح مسلم 1474، 1479,ASB-084,,فاتفقتُ أنا وحفصة رضي الله عنها,مطابق لنص المصدر (فُحص آليًا)
SAH-074-F1,SAH-074,زينب بنت جحش رضي الله عنها,أم المؤمنين، نزلت آية الحجاب عند وليمة زواجها.,الصحيحان (ملف أسباب النزول),صحيح البخاري 4791، 4792، 4793؛ صحيح مسلم 1428,ASB-039,,لما تزوج النبي ﷺ أم المؤمنين زينب بنت جحش رضي الله عنها,مطابق لنص المصدر (فُحص آليًا)
