رقم_المرشح,السورة,الصفحة,رابط_الصفحة,آيات_الصفحة,النوع_الآلي,الحدث_الآلي,القرار,المعرف_المرتبط,سبب_القرار
0,2,15,https://dorar.net/tafseer/2/15,87-90,سبب نزول,,مرفوض,,لا يرتبط بحدث أو مرحلة محددة في السيرة
1,2,18,https://dorar.net/tafseer/2/18,97-103,سبب نزول,,مرفوض,,لا يرتبط بحدث أو مرحلة محددة في السيرة
2,2,18,https://dorar.net/tafseer/2/18,97-103,سبب نزول,,مرفوض,,لا يرتبط بحدث أو مرحلة محددة في السيرة
3,2,19,https://dorar.net/tafseer/2/19,104-113,سبب نزول,,مرفوض,,لا يرتبط بحدث أو مرحلة محددة في السيرة
4,2,19,https://dorar.net/tafseer/2/19,104-113,ذكر حدث,بدر,مرفوض,,ذكر عرضي للحدث في التفسير، دون بيان زمن النزول أو سببه
5,2,24,https://dorar.net/tafseer/2/24,142-150,ذكر حدث,تحويل القبلة,مرفوض,,ذكر عرضي للحدث في التفسير، دون بيان زمن النزول أو سببه
6,2,24,https://dorar.net/tafseer/2/24,142-150,سبب نزول,,مؤكِّد لسجل قائم,ASB-022,يوافق سجلًا موجودًا؛ أضيفت صفحة الموسوعة مصدرًا ثانيًا
7,2,24,https://dorar.net/tafseer/2/24,142-150,سبب نزول,,مؤكِّد لسجل قائم,ASB-022,يوافق سجلًا موجودًا؛ أضيفت صفحة الموسوعة مصدرًا ثانيًا
8,2,24,https://dorar.net/tafseer/2/24,142-150,ذكر حدث,تحويل القبلة,مرفوض,,ذكر عرضي للحدث في التفسير، دون بيان زمن النزول أو سببه
9,2,24,https://dorar.net/tafseer/2/24,142-150,سبب نزول,تحويل القبلة,مؤكِّد لسجل قائم,ASB-022,يوافق سجلًا موجودًا؛ أضيفت صفحة الموسوعة مصدرًا ثانيًا
10,2,24,https://dorar.net/tafseer/2/24,142-150,ذكر حدث,تحويل القبلة,مرفوض,,ذكر عرضي للحدث في التفسير، دون بيان زمن النزول أو سببه
11,2,25,https://dorar.net/tafseer/2/25,151-157,ذكر حدث,تحويل القبلة,مرفوض,,ذكر عرضي للحدث في التفسير، دون بيان زمن النزول أو سببه
12,2,26,https://dorar.net/tafseer/2/26,158-163,سبب نزول,,مؤكِّد لسجل قائم,ASB-061,يوافق سجلًا موجودًا؛ أضيفت صفحة الموسوعة مصدرًا ثانيًا
13,2,31,https://dorar.net/tafseer/2/31,180-182,ذكر حدث,حجة الوداع,مرفوض,,ذكر عرضي للحدث في التفسير، دون بيان زمن النزول أو سببه
14,2,32,https://dorar.net/tafseer/2/32,183-188,سبب نزول,,مؤكِّد لسجل قائم,ASB-024,يوافق سجلًا موجودًا؛ أضيفت صفحة الموسوعة مصدرًا ثانيًا
15,2,33,https://dorar.net/tafseer/2/33,189-195,سبب نزول,,مؤكِّد لسجل قائم,ASB-062,يوافق سجلًا موجودًا؛ أضيفت صفحة الموسوعة مصدرًا ثانيًا
16,2,33,https://dorar.net/tafseer/2/33,189-195,ذكر حدث,عمرة القضاء,مرفوض,,ذكر عرضي للحدث في التفسير، دون بيان زمن النزول أو سببه
17,2,33,https://dorar.net/tafseer/2/33,189-195,سبب نزول,,مؤكِّد لسجل قائم,ASB-063,يوافق سجلًا موجودًا؛ أضيفت صفحة الموسوعة مصدرًا ثانيًا
18,2,34,https://dorar.net/tafseer/2/34,196-203,ذكر حدث,الحديبية,مؤكِّد لسجل قائم,ASB-046,يوافق سجلًا موجودًا؛ أضيفت صفحة الموسوعة مصدرًا ثانيًا
19,2,34,https://dorar.net/tafseer/2/34,196-203,سبب نزول,,مؤكِّد لسجل قائم,ASB-046,يوافق سجلًا موجودًا؛ أضيفت صفحة الموسوعة مصدرًا ثانيًا
20,2,34,https://dorar.net/tafseer/2/34,196-203,سبب نزول,,مرفوض,,لا يرتبط بحدث أو مرحلة محددة في السيرة
21,2,34,https://dorar.net/tafseer/2/34,196-203,سبب نزول,,مرفوض,,لا يرتبط بحدث أو مرحلة محددة في السيرة
22,2,37,https://dorar.net/tafseer/2/37,215-220,سبب نزول,,مقبول: ربط جديد,TAF-01,ثابت ومرتبط بحدث أو مرحلة في السيرة
23,2,37,https://dorar.net/tafseer/2/37,215-220,سبب نزول,,مقبول: ربط جديد,TAF-01,ثابت ومرتبط بحدث أو مرحلة في السيرة
24,2,37,https://dorar.net/tafseer/2/37,215-220,سبب نزول,,مرفوض,,مختلف في صحته (قال الترمذي: المرسل أصح)
25,2,37,https://dorar.net/tafseer/2/37,215-220,سبب نزول,,مرفوض,,لا يرتبط بحدث أو مرحلة محددة في السيرة
26,2,38,https://dorar.net/tafseer/2/38,221-224,سبب نزول,,مؤكِّد لسجل قائم,ASB-064,يوافق سجلًا موجودًا؛ أضيفت صفحة الموسوعة مصدرًا ثانيًا
27,2,38,https://dorar.net/tafseer/2/38,221-224,سبب نزول,,مؤكِّد لسجل قائم,ASB-065,يوافق سجلًا موجودًا؛ أضيفت صفحة الموسوعة مصدرًا ثانيًا
28,2,38,https://dorar.net/tafseer/2/38,221-224,ذكر حدث,الإفك,مرفوض,,ذكر عرضي للحدث في التفسير، دون بيان زمن النزول أو سببه
29,2,39,https://dorar.net/tafseer/2/39,225-232,سبب نزول,,مرفوض,,لا يرتبط بحدث أو مرحلة محددة في السيرة
30,2,40,https://dorar.net/tafseer/2/40,233-242,ذكر حدث,الحبشة,مرفوض,,ذكر عرضي للحدث في التفسير، دون بيان زمن النزول أو سببه
31,2,40,https://dorar.net/tafseer/2/40,233-242,ذكر حدث,الخندق,مرفوض,,ذكر عرضي للحدث في التفسير، دون بيان زمن النزول أو سببه
32,2,43,https://dorar.net/tafseer/2/43,254-257,ذكر حدث,بنو النضير,مقبول: ربط جديد,TAF-02,ثابت ومرتبط بحدث أو مرحلة في السيرة
33,2,43,https://dorar.net/tafseer/2/43,254-257,سبب نزول,بنو النضير,مقبول: ربط جديد,TAF-02,ثابت ومرتبط بحدث أو مرحلة في السيرة
34,2,46,https://dorar.net/tafseer/2/46,266-274,سبب نزول,,مرفوض,,لا يرتبط بحدث أو مرحلة محددة في السيرة
35,2,46,https://dorar.net/tafseer/2/46,266-274,سبب نزول,,مرفوض,,لا يرتبط بحدث أو مرحلة محددة في السيرة
36,2,49,https://dorar.net/tafseer/2/49,284-286,سبب نزول,,مؤكِّد لسجل قائم,ASB-067,يوافق سجلًا موجودًا؛ أضيفت صفحة الموسوعة مصدرًا ثانيًا
37,3,0,https://dorar.net/tafseer/3,,ذكر حدث,بدر,مرفوض,,ذكر عرضي للحدث في التفسير، دون بيان زمن النزول أو سببه
38,3,0,https://dorar.net/tafseer/3,,ذكر حدث,أحد,مرفوض,,ذكر عرضي للحدث في التفسير، دون بيان زمن النزول أو سببه
39,3,4,https://dorar.net/tafseer/3/4,12-13,ذكر حدث,بدر,مرفوض,,ذكر عرضي للحدث في التفسير، دون بيان زمن النزول أو سببه
40,3,24,https://dorar.net/tafseer/3/24,77-80,سبب نزول,,مؤكِّد لسجل قائم,ASB-070,يوافق سجلًا موجودًا؛ أضيفت صفحة الموسوعة مصدرًا ثانيًا
41,3,27,https://dorar.net/tafseer/3/27,86-89,سبب نزول,,مرفوض,,لا يرتبط بحدث أو مرحلة محددة في السيرة
42,3,28,https://dorar.net/tafseer/3/28,90-91,سبب نزول,,مرفوض,,لا يرتبط بحدث أو مرحلة محددة في السيرة
43,3,31,https://dorar.net/tafseer/3/31,95-97,ذكر حدث,الحبشة,مرفوض,,ذكر عرضي للحدث في التفسير، دون بيان زمن النزول أو سببه
44,3,34,https://dorar.net/tafseer/3/34,102-109,ذكر حدث,حنين,مرفوض,,ذكر عرضي للحدث في التفسير، دون بيان زمن النزول أو سببه
45,3,39,https://dorar.net/tafseer/3/39,121-129,ذكر حدث,فتح مكة,مرفوض,,ذكر عرضي للحدث في التفسير، دون بيان زمن النزول أو سببه
46,3,39,https://dorar.net/tafseer/3/39,121-129,ذكر حدث,بدر,مرفوض,,ذكر عرضي للحدث في التفسير، دون بيان زمن النزول أو سببه
47,3,39,https://dorar.net/tafseer/3/39,121-129,ذكر حدث,أحد,مرفوض,,ذكر عرضي للحدث في التفسير، دون بيان زمن النزول أو سببه
48,3,39,https://dorar.net/tafseer/3/39,121-129,ذكر حدث,الخندق,مرفوض,,ذكر عرضي للحدث في التفسير، دون بيان زمن النزول أو سببه
49,3,39,https://dorar.net/tafseer/3/39,121-129,سبب نزول,أحد,مؤكِّد لسجل قائم,ASB-032,يوافق سجلًا موجودًا؛ أضيفت صفحة الموسوعة مصدرًا ثانيًا
50,3,42,https://dorar.net/tafseer/3/42,137-141,ذكر حدث,بدر,مرفوض,,ذكر عرضي للحدث في التفسير، دون بيان زمن النزول أو سببه
51,3,42,https://dorar.net/tafseer/3/42,137-141,ذكر حدث,أحد,مرفوض,,ذكر عرضي للحدث في التفسير، دون بيان زمن النزول أو سببه
52,3,43,https://dorar.net/tafseer/3/43,142-145,ذكر حدث,بدر,مرفوض,,ذكر عرضي للحدث في التفسير، دون بيان زمن النزول أو سببه
53,3,43,https://dorar.net/tafseer/3/43,142-145,ذكر حدث,أحد,مرفوض,,ذكر عرضي للحدث في التفسير، دون بيان زمن النزول أو سببه
54,3,44,https://dorar.net/tafseer/3/44,146-148,ذكر حدث,أحد,مرفوض,,ذكر عرضي للحدث في التفسير، دون بيان زمن النزول أو سببه
55,3,45,https://dorar.net/tafseer/3/45,149-155,ذكر حدث,بدر,مرفوض,,ذكر عرضي للحدث في التفسير، دون بيان زمن النزول أو سببه
56,3,45,https://dorar.net/tafseer/3/45,149-155,ذكر حدث,أحد,مرفوض,,ذكر عرضي للحدث في التفسير، دون بيان زمن النزول أو سببه
57,3,46,https://dorar.net/tafseer/3/46,156-158,ذكر حدث,أحد,مرفوض,,ذكر عرضي للحدث في التفسير، دون بيان زمن النزول أو سببه
58,3,47,https://dorar.net/tafseer/3/47,159-161,ذكر حدث,خيبر,مرفوض,,ذكر عرضي للحدث في التفسير، دون بيان زمن النزول أو سببه
59,3,48,https://dorar.net/tafseer/3/48,162-168,ذكر حدث,أحد,مرفوض,,ذكر عرضي للحدث في التفسير، دون بيان زمن النزول أو سببه
60,3,48,https://dorar.net/tafseer/3/48,162-168,ذكر حدث,بدر,مرفوض,,ذكر عرضي للحدث في التفسير، دون بيان زمن النزول أو سببه
61,3,48,https://dorar.net/tafseer/3/48,162-168,ذكر حدث,أحد,مرفوض,,ذكر عرضي للحدث في التفسير، دون بيان زمن النزول أو سببه
62,3,49,https://dorar.net/tafseer/3/49,169-171,ذكر حدث,أحد,مرفوض,,ذكر عرضي للحدث في التفسير، دون بيان زمن النزول أو سببه
63,3,49,https://dorar.net/tafseer/3/49,169-171,سبب نزول,,مقبول: ترقية سجل قائم,ASB-080,فيه التصريح بغزوة أحد (أبو داود 2520، حسن)
64,3,50,https://dorar.net/tafseer/3/50,172-176,ذكر حدث,بدر,مرفوض,,ذكر عرضي للحدث في التفسير، دون بيان زمن النزول أو سببه
65,3,50,https://dorar.net/tafseer/3/50,172-176,ذكر حدث,أحد,مرفوض,,ذكر عرضي للحدث في التفسير، دون بيان زمن النزول أو سببه
66,3,50,https://dorar.net/tafseer/3/50,172-176,ذكر حدث,حمراء الأسد,مرفوض,,ذكر عرضي للحدث في التفسير، دون بيان زمن النزول أو سببه
67,3,50,https://dorar.net/tafseer/3/50,172-176,سبب نزول,حمراء الأسد، أحد,مقبول: ربط جديد,TAF-04,ثابت ومرتبط بحدث أو مرحلة في السيرة
68,3,50,https://dorar.net/tafseer/3/50,172-176,سبب نزول,بدر، حمراء الأسد,مقبول: ربط جديد,TAF-05,ثابت ومرتبط بحدث أو مرحلة في السيرة
69,3,51,https://dorar.net/tafseer/3/51,177-180,ذكر حدث,أحد,مرفوض,,ذكر عرضي للحدث في التفسير، دون بيان زمن النزول أو سببه
70,3,52,https://dorar.net/tafseer/3/52,181-184,سبب نزول,,مرفوض,,لا يرتبط بحدث أو مرحلة محددة في السيرة
71,3,53,https://dorar.net/tafseer/3/53,185-186,ذكر حدث,بدر,مرفوض,,ذكر عرضي للحدث في التفسير، دون بيان زمن النزول أو سببه
72,3,53,https://dorar.net/tafseer/3/53,185-186,ذكر حدث,أحد,مرفوض,,ذكر عرضي للحدث في التفسير، دون بيان زمن النزول أو سببه
73,3,54,https://dorar.net/tafseer/3/54,187-188,سبب نزول,,مؤكِّد لسجل قائم,ASB-071,يوافق سجلًا موجودًا؛ أضيفت صفحة الموسوعة مصدرًا ثانيًا
74,3,56,https://dorar.net/tafseer/3/56,196-200,ذكر حدث,الحبشة,مقبول: ربط جديد,TAF-06,ثابت ومرتبط بحدث أو مرحلة في السيرة
75,3,56,https://dorar.net/tafseer/3/56,196-200,سبب نزول,الحبشة,مقبول: ربط جديد,TAF-06,ثابت ومرتبط بحدث أو مرحلة في السيرة
76,4,2,https://dorar.net/tafseer/4/2,2-6,ذكر حدث,بدر,مرفوض,,ذكر عرضي للحدث في التفسير، دون بيان زمن النزول أو سببه
77,4,2,https://dorar.net/tafseer/4/2,2-6,سبب نزول,,مؤكِّد لسجل قائم,ASB-072,يوافق سجلًا موجودًا؛ أضيفت صفحة الموسوعة مصدرًا ثانيًا
78,4,4,https://dorar.net/tafseer/4/4,11-14,ذكر حدث,حجة الوداع,مرفوض,,ذكر عرضي للحدث في التفسير، دون بيان زمن النزول أو سببه
79,4,4,https://dorar.net/tafseer/4/4,11-14,سبب نزول,,مقبول: ربط جديد,TAF-07,ثابت ومرتبط بحدث أو مرحلة في السيرة
80,4,6,https://dorar.net/tafseer/4/6,19-22,سبب نزول,,مرفوض,,لا يرتبط بحدث أو مرحلة محددة في السيرة
81,4,6,https://dorar.net/tafseer/4/6,19-22,سبب نزول,,مرفوض,,لا يرتبط بحدث أو مرحلة محددة في السيرة
82,4,7,https://dorar.net/tafseer/4/7,23-23,سبب نزول,,مرفوض,,لا يرتبط بحدث أو مرحلة محددة في السيرة
83,4,8,https://dorar.net/tafseer/4/8,24-25,ذكر حدث,حنين,مقبول: ربط جديد,TAF-08,ثابت ومرتبط بحدث أو مرحلة في السيرة
84,4,8,https://dorar.net/tafseer/4/8,24-25,سبب نزول,حنين,مقبول: ربط جديد,TAF-08,ثابت ومرتبط بحدث أو مرحلة في السيرة
85,4,11,https://dorar.net/tafseer/4/11,32-33,سبب نزول,,مرفوض,,لا يرتبط بحدث أو مرحلة محددة في السيرة
86,4,14,https://dorar.net/tafseer/4/14,43-43,سبب نزول,,مرفوض,,لا يرتبط بحدث أو مرحلة محددة في السيرة
87,4,14,https://dorar.net/tafseer/4/14,43-43,سبب نزول,,مؤكِّد لسجل قائم,ASB-041,يوافق سجلًا موجودًا؛ أضيفت صفحة الموسوعة مصدرًا ثانيًا
88,4,17,https://dorar.net/tafseer/4/17,49-57,سبب نزول,,مرفوض,,مختلف في صحته (رجّح الوادعي إرساله)
89,4,18,https://dorar.net/tafseer/4/18,58-59,سبب نزول,,مرفوض,,لا يرتبط بحدث أو مرحلة محددة في السيرة
90,4,19,https://dorar.net/tafseer/4/19,60-65,سبب نزول,,مرفوض,,لا يرتبط بحدث أو مرحلة محددة في السيرة
91,4,19,https://dorar.net/tafseer/4/19,60-65,سبب نزول,,مؤكِّد لسجل قائم,ASB-075,يوافق سجلًا موجودًا؛ أضيفت صفحة الموسوعة مصدرًا ثانيًا
92,4,20,https://dorar.net/tafseer/4/20,66-70,سبب نزول,,مرفوض,,لا يرتبط بحدث أو مرحلة محددة في السيرة
93,4,22,https://dorar.net/tafseer/4/22,77-79,سبب نزول,,مقبول: ربط جديد,TAF-09,ثابت ومرتبط بحدث أو مرحلة في السيرة
94,4,26,https://dorar.net/tafseer/4/26,92-94,سبب نزول,,مؤكِّد لسجل قائم,ASB-081,يوافق سجلًا موجودًا؛ أضيفت صفحة الموسوعة مصدرًا ثانيًا
95,4,27,https://dorar.net/tafseer/4/27,95-96,سبب نزول,,مؤكِّد لسجل قائم,ASB-030,يوافق سجلًا موجودًا؛ أضيفت صفحة الموسوعة مصدرًا ثانيًا
96,4,28,https://dorar.net/tafseer/4/28,97-100,ذكر حدث,الحبشة,مرفوض,,ذكر عرضي للحدث في التفسير، دون بيان زمن النزول أو سببه
97,4,28,https://dorar.net/tafseer/4/28,97-100,سبب نزول,,مقبول: ربط جديد,TAF-10,ثابت ومرتبط بحدث أو مرحلة في السيرة
98,4,28,https://dorar.net/tafseer/4/28,97-100,سبب نزول,,مرفوض,,لا يرتبط بحدث أو مرحلة محددة في السيرة
99,4,29,https://dorar.net/tafseer/4/29,101-104,ذكر حدث,أحد,مرفوض,,ذكر عرضي للحدث في التفسير، دون بيان زمن النزول أو سببه
100,4,29,https://dorar.net/tafseer/4/29,101-104,سبب نزول,,مرفوض,,الحدث غير متعين (عسفان: الحديبية أو بني لحيان)
101,4,29,https://dorar.net/tafseer/4/29,101-104,سبب نزول,,مرفوض,,لا يرتبط بحدث أو مرحلة محددة في السيرة
102,4,32,https://dorar.net/tafseer/4/32,114-122,ذكر حدث,بدر,مرفوض,,ذكر عرضي للحدث في التفسير، دون بيان زمن النزول أو سببه
103,4,34,https://dorar.net/tafseer/4/34,127-127,سبب نزول,,مؤكِّد لسجل قائم,ASB-073,يوافق سجلًا موجودًا؛ أضيفت صفحة الموسوعة مصدرًا ثانيًا
104,4,35,https://dorar.net/tafseer/4/35,128-130,سبب نزول,,مؤكِّد لسجل قائم,ASB-074,يوافق سجلًا موجودًا؛ أضيفت صفحة الموسوعة مصدرًا ثانيًا
105,4,45,https://dorar.net/tafseer/4/45,176-176,سبب نزول,,مؤكِّد لسجل قائم,ASB-078,يوافق سجلًا موجودًا؛ أضيفت صفحة الموسوعة مصدرًا ثانيًا
106,5,1,https://dorar.net/tafseer/5/1,1-2,ذكر حدث,فتح مكة,مرفوض,,ذكر عرضي للحدث في التفسير، دون بيان زمن النزول أو سببه
107,5,1,https://dorar.net/tafseer/5/1,1-2,ذكر حدث,تبوك,مرفوض,,ذكر عرضي للحدث في التفسير، دون بيان زمن النزول أو سببه
108,5,2,https://dorar.net/tafseer/5/2,3-3,ذكر حدث,حجة الوداع,مؤكِّد لسجل قائم,ASB-057,يوافق سجلًا موجودًا؛ أضيفت صفحة الموسوعة مصدرًا ثانيًا
109,5,9,https://dorar.net/tafseer/5/9,20-26,ذكر حدث,بدر,مرفوض,,ذكر عرضي للحدث في التفسير، دون بيان زمن النزول أو سببه
110,5,14,https://dorar.net/tafseer/5/14,41-43,سبب نزول,,مرفوض,,لا يرتبط بحدث أو مرحلة محددة في السيرة
111,5,15,https://dorar.net/tafseer/5/15,44-45,سبب نزول,,مرفوض,,لا يرتبط بحدث أو مرحلة محددة في السيرة
112,5,22,https://dorar.net/tafseer/5/22,65-68,ذكر حدث,حجة الوداع,مرفوض,,ذكر عرضي للحدث في التفسير، دون بيان زمن النزول أو سببه
113,5,23,https://dorar.net/tafseer/5/23,69-71,ذكر حدث,بنو قينقاع,مرفوض,,ذكر عرضي للحدث في التفسير، دون بيان زمن النزول أو سببه
114,5,23,https://dorar.net/tafseer/5/23,69-71,ذكر حدث,بنو النضير,مرفوض,,ذكر عرضي للحدث في التفسير، دون بيان زمن النزول أو سببه
115,5,23,https://dorar.net/tafseer/5/23,69-71,ذكر حدث,بنو قريظة,مرفوض,,ذكر عرضي للحدث في التفسير، دون بيان زمن النزول أو سببه
116,5,25,https://dorar.net/tafseer/5/25,78-81,ذكر حدث,الخندق,مرفوض,,ذكر عرضي للحدث في التفسير، دون بيان زمن النزول أو سببه
117,5,26,https://dorar.net/tafseer/5/26,82-86,ذكر حدث,الحبشة,مرفوض,,ذكر عرضي للحدث في التفسير، دون بيان زمن النزول أو سببه
118,5,28,https://dorar.net/tafseer/5/28,90-93,سبب نزول,,مؤكِّد لسجل قائم,ASB-037,يوافق سجلًا موجودًا؛ أضيفت صفحة الموسوعة مصدرًا ثانيًا
119,5,28,https://dorar.net/tafseer/5/28,90-93,سبب نزول,,مؤكِّد لسجل قائم,ASB-037,يوافق سجلًا موجودًا؛ أضيفت صفحة الموسوعة مصدرًا ثانيًا
120,5,29,https://dorar.net/tafseer/5/29,94-96,ذكر حدث,الحديبية,مرفوض,,ذكر عرضي للحدث في التفسير، دون بيان زمن النزول أو سببه
121,5,29,https://dorar.net/tafseer/5/29,94-96,ذكر حدث,بدر,مرفوض,,ذكر عرضي للحدث في التفسير، دون بيان زمن النزول أو سببه
122,5,31,https://dorar.net/tafseer/5/31,101-105,سبب نزول,,مؤكِّد لسجل قائم,ASB-077,يوافق سجلًا موجودًا؛ أضيفت صفحة الموسوعة مصدرًا ثانيًا
123,5,32,https://dorar.net/tafseer/5/32,106-108,سبب نزول,,مرفوض,,لا يرتبط بحدث أو مرحلة محددة في السيرة
124,6,2,https://dorar.net/tafseer/6/2,4-6,ذكر حدث,فتح مكة,مرفوض,,ذكر عرضي للحدث في التفسير، دون بيان زمن النزول أو سببه
125,6,10,https://dorar.net/tafseer/6/10,33-35,ذكر حدث,بدر,مرفوض,,ذكر عرضي للحدث في التفسير، دون بيان زمن النزول أو سببه
126,6,14,https://dorar.net/tafseer/6/14,51-55,سبب نزول,,مؤكِّد لسجل قائم,ASB-007,يوافق سجلًا موجودًا؛ أضيفت صفحة الموسوعة مصدرًا ثانيًا
127,6,29,https://dorar.net/tafseer/6/29,111-113,ذكر حدث,فتح مكة,مرفوض,,ذكر عرضي للحدث في التفسير، دون بيان زمن النزول أو سببه
128,6,31,https://dorar.net/tafseer/6/31,118-121,سبب نزول,,مرفوض,,لا يرتبط بحدث أو مرحلة محددة في السيرة
129,6,32,https://dorar.net/tafseer/6/32,122-127,ذكر حدث,بدر,مرفوض,,ذكر عرضي للحدث في التفسير، دون بيان زمن النزول أو سببه
130,6,32,https://dorar.net/tafseer/6/32,122-127,ذكر حدث,أحد,مرفوض,,ذكر عرضي للحدث في التفسير، دون بيان زمن النزول أو سببه
131,6,38,https://dorar.net/tafseer/6/38,145-147,ذكر حدث,فتح مكة,مرفوض,,ذكر عرضي للحدث في التفسير، دون بيان زمن النزول أو سببه
132,7,6,https://dorar.net/tafseer/7/6,31-32,ذكر حدث,حجة الوداع,مرفوض,,ذكر عرضي للحدث في التفسير، دون بيان زمن النزول أو سببه
133,7,6,https://dorar.net/tafseer/7/6,31-32,سبب نزول,حجة الوداع,مرفوض,,لا يرتبط بحدث أو مرحلة محددة في السيرة
134,7,17,https://dorar.net/tafseer/7/17,73-79,ذكر حدث,بدر,مرفوض,,ذكر عرضي للحدث في التفسير، دون بيان زمن النزول أو سببه
135,7,22,https://dorar.net/tafseer/7/22,101-103,ذكر حدث,الحبشة,مرفوض,,ذكر عرضي للحدث في التفسير، دون بيان زمن النزول أو سببه
136,7,29,https://dorar.net/tafseer/7/29,138-141,ذكر حدث,حنين,مرفوض,,ذكر عرضي للحدث في التفسير، دون بيان زمن النزول أو سببه
137,7,30,https://dorar.net/tafseer/7/30,142-143,ذكر حدث,الإسراء والمعراج,مرفوض,,ذكر عرضي للحدث في التفسير، دون بيان زمن النزول أو سببه
138,7,42,https://dorar.net/tafseer/7/42,175-178,ذكر حدث,بدر,مرفوض,,ذكر عرضي للحدث في التفسير، دون بيان زمن النزول أو سببه
139,7,45,https://dorar.net/tafseer/7/45,187-188,سبب نزول,,مرفوض,,لا يرتبط بحدث أو مرحلة محددة في السيرة
140,8,0,https://dorar.net/tafseer/8,,ذكر حدث,بدر,مقبول: ربط جديد,TAF-13,ثابت ومرتبط بحدث أو مرحلة في السيرة
141,8,1,https://dorar.net/tafseer/8/1,1-4,ذكر حدث,بدر,مرفوض,,ذكر عرضي للحدث في التفسير، دون بيان زمن النزول أو سببه
142,8,1,https://dorar.net/tafseer/8/1,1-4,سبب نزول,بدر,مؤكِّد لسجل قائم,ASB-026,يوافق سجلًا موجودًا؛ أضيفت صفحة الموسوعة مصدرًا ثانيًا
143,8,1,https://dorar.net/tafseer/8/1,1-4,ذكر حدث,بدر,مرفوض,,ذكر عرضي للحدث في التفسير، دون بيان زمن النزول أو سببه
144,8,2,https://dorar.net/tafseer/8/2,5-8,ذكر حدث,بدر,مرفوض,,ذكر عرضي للحدث في التفسير، دون بيان زمن النزول أو سببه
145,8,2,https://dorar.net/tafseer/8/2,5-8,ذكر حدث,بدر,مرفوض,,ذكر عرضي للحدث في التفسير، دون بيان زمن النزول أو سببه
146,8,3,https://dorar.net/tafseer/8/3,9-11,ذكر حدث,بدر,مؤكِّد لسجل قائم,ASB-027,يوافق سجلًا موجودًا؛ أضيفت صفحة الموسوعة مصدرًا ثانيًا
147,8,3,https://dorar.net/tafseer/8/3,9-11,ذكر حدث,أحد,مرفوض,,ذكر عرضي للحدث في التفسير، دون بيان زمن النزول أو سببه
148,8,3,https://dorar.net/tafseer/8/3,9-11,سبب نزول,بدر,مؤكِّد لسجل قائم,ASB-027,يوافق سجلًا موجودًا؛ أضيفت صفحة الموسوعة مصدرًا ثانيًا
149,8,3,https://dorar.net/tafseer/8/3,9-11,ذكر حدث,بدر,مرفوض,,ذكر عرضي للحدث في التفسير، دون بيان زمن النزول أو سببه
150,8,3,https://dorar.net/tafseer/8/3,9-11,ذكر حدث,أحد,مرفوض,,ذكر عرضي للحدث في التفسير، دون بيان زمن النزول أو سببه
151,8,4,https://dorar.net/tafseer/8/4,12-14,ذكر حدث,بدر,مرفوض,,ذكر عرضي للحدث في التفسير، دون بيان زمن النزول أو سببه
152,8,4,https://dorar.net/tafseer/8/4,12-14,ذكر حدث,أحد,مرفوض,,ذكر عرضي للحدث في التفسير، دون بيان زمن النزول أو سببه
153,8,4,https://dorar.net/tafseer/8/4,12-14,ذكر حدث,بدر,مرفوض,,ذكر عرضي للحدث في التفسير، دون بيان زمن النزول أو سببه
154,8,5,https://dorar.net/tafseer/8/5,15-16,ذكر حدث,بدر,مرفوض,,ذكر عرضي للحدث في التفسير، دون بيان زمن النزول أو سببه
155,8,5,https://dorar.net/tafseer/8/5,15-16,ذكر حدث,بدر,مرفوض,,ذكر عرضي للحدث في التفسير، دون بيان زمن النزول أو سببه
156,8,6,https://dorar.net/tafseer/8/6,17-19,ذكر حدث,حنين,مرفوض,,ذكر عرضي للحدث في التفسير، دون بيان زمن النزول أو سببه
157,8,6,https://dorar.net/tafseer/8/6,17-19,ذكر حدث,بدر,مرفوض,,ذكر عرضي للحدث في التفسير، دون بيان زمن النزول أو سببه
158,8,6,https://dorar.net/tafseer/8/6,17-19,سبب نزول,بدر,مقبول: ربط جديد,TAF-12,ثابت ومرتبط بحدث أو مرحلة في السيرة
159,8,6,https://dorar.net/tafseer/8/6,17-19,ذكر حدث,فتح مكة,مرفوض,,ذكر عرضي للحدث في التفسير، دون بيان زمن النزول أو سببه
160,8,6,https://dorar.net/tafseer/8/6,17-19,ذكر حدث,بدر,مرفوض,,ذكر عرضي للحدث في التفسير، دون بيان زمن النزول أو سببه
161,8,7,https://dorar.net/tafseer/8/7,20-23,ذكر حدث,بدر,مرفوض,,ذكر عرضي للحدث في التفسير، دون بيان زمن النزول أو سببه
162,8,8,https://dorar.net/tafseer/8/8,24-26,ذكر حدث,بدر,مرفوض,,ذكر عرضي للحدث في التفسير، دون بيان زمن النزول أو سببه
163,8,9,https://dorar.net/tafseer/8/9,27-29,ذكر حدث,بدر,مرفوض,,ذكر عرضي للحدث في التفسير، دون بيان زمن النزول أو سببه
164,8,9,https://dorar.net/tafseer/8/9,27-29,ذكر حدث,بنو قريظة,مرفوض,,قول لم يُذكر له إسناد ثابت
165,8,10,https://dorar.net/tafseer/8/10,30-35,ذكر حدث,بدر,مقبول: ربط جديد,TAF-13,ثابت ومرتبط بحدث أو مرحلة في السيرة
166,8,10,https://dorar.net/tafseer/8/10,30-35,ذكر حدث,بدر,مرفوض,,ذكر عرضي للحدث في التفسير، دون بيان زمن النزول أو سببه
167,8,10,https://dorar.net/tafseer/8/10,30-35,ذكر حدث,بدر,مرفوض,,ذكر عرضي للحدث في التفسير، دون بيان زمن النزول أو سببه
168,8,10,https://dorar.net/tafseer/8/10,30-35,ذكر حدث,بدر,مرفوض,,ذكر عرضي للحدث في التفسير، دون بيان زمن النزول أو سببه
169,8,11,https://dorar.net/tafseer/8/11,36-37,ذكر حدث,بدر,مرفوض,,ذكر عرضي للحدث في التفسير، دون بيان زمن النزول أو سببه
170,8,12,https://dorar.net/tafseer/8/12,38-40,ذكر حدث,بدر,مرفوض,,ذكر عرضي للحدث في التفسير، دون بيان زمن النزول أو سببه
171,8,13,https://dorar.net/tafseer/8/13,41-42,ذكر حدث,بدر,مرفوض,,ذكر عرضي للحدث في التفسير، دون بيان زمن النزول أو سببه
172,8,13,https://dorar.net/tafseer/8/13,41-42,ذكر حدث,بنو النضير,مرفوض,,ذكر عرضي للحدث في التفسير، دون بيان زمن النزول أو سببه
173,8,13,https://dorar.net/tafseer/8/13,41-42,ذكر حدث,بنو قريظة,مرفوض,,ذكر عرضي للحدث في التفسير، دون بيان زمن النزول أو سببه
174,8,13,https://dorar.net/tafseer/8/13,41-42,ذكر حدث,الحديبية,مرفوض,,ذكر عرضي للحدث في التفسير، دون بيان زمن النزول أو سببه
175,8,13,https://dorar.net/tafseer/8/13,41-42,ذكر حدث,بدر,مرفوض,,ذكر عرضي للحدث في التفسير، دون بيان زمن النزول أو سببه
176,8,14,https://dorar.net/tafseer/8/14,43-44,ذكر حدث,بدر,مرفوض,,ذكر عرضي للحدث في التفسير، دون بيان زمن النزول أو سببه
177,8,14,https://dorar.net/tafseer/8/14,43-44,ذكر حدث,بدر,مرفوض,,ذكر عرضي للحدث في التفسير، دون بيان زمن النزول أو سببه
178,8,15,https://dorar.net/tafseer/8/15,45-47,ذكر حدث,بدر,مرفوض,,ذكر عرضي للحدث في التفسير، دون بيان زمن النزول أو سببه
179,8,16,https://dorar.net/tafseer/8/16,48-49,ذكر حدث,بدر,مرفوض,,ذكر عرضي للحدث في التفسير، دون بيان زمن النزول أو سببه
180,8,17,https://dorar.net/tafseer/8/17,50-54,ذكر حدث,بدر,مرفوض,,ذكر عرضي للحدث في التفسير، دون بيان زمن النزول أو سببه
181,8,17,https://dorar.net/tafseer/8/17,50-54,ذكر حدث,بدر,مرفوض,,ذكر عرضي للحدث في التفسير، دون بيان زمن النزول أو سببه
182,8,17,https://dorar.net/tafseer/8/17,50-54,ذكر حدث,بدر,مرفوض,,ذكر عرضي للحدث في التفسير، دون بيان زمن النزول أو سببه
183,8,18,https://dorar.net/tafseer/8/18,55-59,ذكر حدث,بنو قريظة,مقبول: ربط جديد,TAF-14,ثابت ومرتبط بحدث أو مرحلة في السيرة
184,8,18,https://dorar.net/tafseer/8/18,55-59,ذكر حدث,بنو قريظة,مرفوض,,ذكر عرضي للحدث في التفسير، دون بيان زمن النزول أو سببه
185,8,18,https://dorar.net/tafseer/8/18,55-59,ذكر حدث,بدر,مرفوض,,ذكر عرضي للحدث في التفسير، دون بيان زمن النزول أو سببه
186,8,19,https://dorar.net/tafseer/8/19,60-63,ذكر حدث,بدر,مرفوض,,ذكر عرضي للحدث في التفسير، دون بيان زمن النزول أو سببه
187,8,19,https://dorar.net/tafseer/8/19,60-63,ذكر حدث,الحديبية,مرفوض,,ذكر عرضي للحدث في التفسير، دون بيان زمن النزول أو سببه
188,8,20,https://dorar.net/tafseer/8/20,64-66,ذكر حدث,بدر,مرفوض,,ذكر عرضي للحدث في التفسير، دون بيان زمن النزول أو سببه
189,8,21,https://dorar.net/tafseer/8/21,67-71,ذكر حدث,بدر,مرفوض,,ذكر عرضي للحدث في التفسير، دون بيان زمن النزول أو سببه
190,8,21,https://dorar.net/tafseer/8/21,67-71,سبب نزول,بدر,مؤكِّد لسجل قائم,ASB-027,يوافق سجلًا موجودًا؛ أضيفت صفحة الموسوعة مصدرًا ثانيًا
191,8,21,https://dorar.net/tafseer/8/21,67-71,ذكر حدث,بدر,مرفوض,,ذكر عرضي للحدث في التفسير، دون بيان زمن النزول أو سببه
192,8,21,https://dorar.net/tafseer/8/21,67-71,ذكر حدث,بدر,مرفوض,,ذكر عرضي للحدث في التفسير، دون بيان زمن النزول أو سببه
193,8,21,https://dorar.net/tafseer/8/21,67-71,ذكر حدث,بدر,مرفوض,,ذكر عرضي للحدث في التفسير، دون بيان زمن النزول أو سببه
194,8,21,https://dorar.net/tafseer/8/21,67-71,ذكر حدث,بدر,مرفوض,,ذكر عرضي للحدث في التفسير، دون بيان زمن النزول أو سببه
195,8,22,https://dorar.net/tafseer/8/22,72-75,ذكر حدث,الحديبية,مرفوض,,ذكر عرضي للحدث في التفسير، دون بيان زمن النزول أو سببه
196,8,22,https://dorar.net/tafseer/8/22,72-75,ذكر حدث,فتح مكة,مرفوض,,ذكر عرضي للحدث في التفسير، دون بيان زمن النزول أو سببه
197,8,22,https://dorar.net/tafseer/8/22,72-75,ذكر حدث,بدر,مرفوض,,ذكر عرضي للحدث في التفسير، دون بيان زمن النزول أو سببه
198,9,0,https://dorar.net/tafseer/9,,ذكر حدث,حنين,مرفوض,,ذكر عرضي للحدث في التفسير، دون بيان زمن النزول أو سببه
199,9,0,https://dorar.net/tafseer/9,,ذكر حدث,تبوك,مرفوض,,ذكر عرضي للحدث في التفسير، دون بيان زمن النزول أو سببه
200,9,3,https://dorar.net/tafseer/9/3,5-6,ذكر حدث,الحديبية,مرفوض,,ذكر عرضي للحدث في التفسير، دون بيان زمن النزول أو سببه
201,9,4,https://dorar.net/tafseer/9/4,7-8,ذكر حدث,الحديبية,مرفوض,,ذكر عرضي للحدث في التفسير، دون بيان زمن النزول أو سببه
202,9,5,https://dorar.net/tafseer/9/5,9-12,ذكر حدث,فتح مكة,مرفوض,,ذكر عرضي للحدث في التفسير، دون بيان زمن النزول أو سببه
203,9,5,https://dorar.net/tafseer/9/5,9-12,ذكر حدث,الحديبية,مرفوض,,ذكر عرضي للحدث في التفسير، دون بيان زمن النزول أو سببه
204,9,5,https://dorar.net/tafseer/9/5,9-12,ذكر حدث,بدر,مرفوض,,تأريخ عام لا يحدد حدثًا
205,9,6,https://dorar.net/tafseer/9/6,13-16,ذكر حدث,بدر,مرفوض,,ذكر عرضي للحدث في التفسير، دون بيان زمن النزول أو سببه
206,9,6,https://dorar.net/tafseer/9/6,13-16,ذكر حدث,الحديبية,مرفوض,,ذكر عرضي للحدث في التفسير، دون بيان زمن النزول أو سببه
207,9,6,https://dorar.net/tafseer/9/6,13-16,ذكر حدث,حنين,مرفوض,,ذكر عرضي للحدث في التفسير، دون بيان زمن النزول أو سببه
208,9,6,https://dorar.net/tafseer/9/6,13-16,ذكر حدث,بدر,مرفوض,,ذكر عرضي للحدث في التفسير، دون بيان زمن النزول أو سببه
209,9,6,https://dorar.net/tafseer/9/6,13-16,ذكر حدث,أحد,مرفوض,,ذكر عرضي للحدث في التفسير، دون بيان زمن النزول أو سببه
210,9,9,https://dorar.net/tafseer/9/9,23-24,ذكر حدث,فتح مكة,مرفوض,,ذكر عرضي للحدث في التفسير، دون بيان زمن النزول أو سببه
211,9,10,https://dorar.net/tafseer/9/10,25-27,ذكر حدث,فتح مكة,مرفوض,,ذكر عرضي للحدث في التفسير، دون بيان زمن النزول أو سببه
212,9,10,https://dorar.net/tafseer/9/10,25-27,ذكر حدث,حنين,مرفوض,,ذكر عرضي للحدث في التفسير، دون بيان زمن النزول أو سببه
213,9,10,https://dorar.net/tafseer/9/10,25-27,ذكر حدث,بدر,مرفوض,,ذكر عرضي للحدث في التفسير، دون بيان زمن النزول أو سببه
214,9,10,https://dorar.net/tafseer/9/10,25-27,ذكر حدث,حنين,مؤكِّد لسجل قائم,ASB-050,يوافق سجلًا موجودًا؛ أضيفت صفحة الموسوعة مصدرًا ثانيًا
215,9,10,https://dorar.net/tafseer/9/10,25-27,ذكر حدث,بدر,مرفوض,,ذكر عرضي للحدث في التفسير، دون بيان زمن النزول أو سببه
216,9,10,https://dorar.net/tafseer/9/10,25-27,ذكر حدث,حنين,مرفوض,,ذكر عرضي للحدث في التفسير، دون بيان زمن النزول أو سببه
217,9,11,https://dorar.net/tafseer/9/11,28-29,ذكر حدث,حجة الوداع,مرفوض,,ذكر عرضي للحدث في التفسير، دون بيان زمن النزول أو سببه
218,9,11,https://dorar.net/tafseer/9/11,28-29,ذكر حدث,تبوك,مرفوض,,المقتطف لا يذكر النزول
219,9,14,https://dorar.net/tafseer/9/14,34-35,ذكر حدث,تبوك,مقبول: ربط جديد,TAF-17,ثابت ومرتبط بحدث أو مرحلة في السيرة
220,9,15,https://dorar.net/tafseer/9/15,36-37,ذكر حدث,حجة الوداع,مرفوض,,ذكر عرضي للحدث في التفسير، دون بيان زمن النزول أو سببه
221,9,15,https://dorar.net/tafseer/9/15,36-37,ذكر حدث,حجة الوداع,مرفوض,,ذكر عرضي للحدث في التفسير، دون بيان زمن النزول أو سببه
222,9,16,https://dorar.net/tafseer/9/16,38-40,ذكر حدث,تبوك,مرفوض,,ذكر عرضي للحدث في التفسير، دون بيان زمن النزول أو سببه
223,9,16,https://dorar.net/tafseer/9/16,38-40,ذكر حدث,بدر,مرفوض,,ذكر عرضي للحدث في التفسير، دون بيان زمن النزول أو سببه
224,9,16,https://dorar.net/tafseer/9/16,38-40,ذكر حدث,الحبشة,مرفوض,,ذكر عرضي للحدث في التفسير، دون بيان زمن النزول أو سببه
225,9,16,https://dorar.net/tafseer/9/16,38-40,ذكر حدث,الهجرة,مرفوض,,ذكر عرضي للحدث في التفسير، دون بيان زمن النزول أو سببه
226,9,17,https://dorar.net/tafseer/9/17,41-43,ذكر حدث,تبوك,مرفوض,,ذكر عرضي للحدث في التفسير، دون بيان زمن النزول أو سببه
227,9,17,https://dorar.net/tafseer/9/17,41-43,ذكر حدث,تبوك,مرفوض,,ذكر عرضي للحدث في التفسير، دون بيان زمن النزول أو سببه
228,9,17,https://dorar.net/tafseer/9/17,41-43,ذكر حدث,تبوك,مرفوض,,ذكر عرضي للحدث في التفسير، دون بيان زمن النزول أو سببه
229,9,18,https://dorar.net/tafseer/9/18,44-47,ذكر حدث,تبوك,مرفوض,,ذكر عرضي للحدث في التفسير، دون بيان زمن النزول أو سببه
230,9,19,https://dorar.net/tafseer/9/19,,ذكر حدث,تبوك,مرفوض,,ذكر عرضي للحدث في التفسير، دون بيان زمن النزول أو سببه
231,9,19,https://dorar.net/tafseer/9/19,,ذكر حدث,بدر,مرفوض,,ذكر عرضي للحدث في التفسير، دون بيان زمن النزول أو سببه
232,9,19,https://dorar.net/tafseer/9/19,,ذكر حدث,أحد,مرفوض,,ذكر عرضي للحدث في التفسير، دون بيان زمن النزول أو سببه
233,9,19,https://dorar.net/tafseer/9/19,,ذكر حدث,تبوك,مقبول: ربط جديد,TAF-15,ثابت ومرتبط بحدث أو مرحلة في السيرة
234,9,19,https://dorar.net/tafseer/9/19,,سبب نزول,تبوك,مقبول: ربط جديد,TAF-15,ثابت ومرتبط بحدث أو مرحلة في السيرة
235,9,19,https://dorar.net/tafseer/9/19,,ذكر حدث,بدر,مرفوض,,ذكر عرضي للحدث في التفسير، دون بيان زمن النزول أو سببه
236,9,22,https://dorar.net/tafseer/9/22,58-60,ذكر حدث,حنين,مرفوض,,الموسوعة نفسها تردّ هذا القول
237,9,22,https://dorar.net/tafseer/9/22,58-60,ذكر حدث,حنين,مرفوض,,ذكر عرضي للحدث في التفسير، دون بيان زمن النزول أو سببه
238,9,22,https://dorar.net/tafseer/9/22,58-60,ذكر حدث,بدر,مرفوض,,ذكر عرضي للحدث في التفسير، دون بيان زمن النزول أو سببه
239,9,24,https://dorar.net/tafseer/9/24,64-66,ذكر حدث,تبوك,مقبول: ربط جديد,TAF-16,ثابت ومرتبط بحدث أو مرحلة في السيرة
240,9,24,https://dorar.net/tafseer/9/24,64-66,سبب نزول,تبوك,مقبول: ربط جديد,TAF-16,ثابت ومرتبط بحدث أو مرحلة في السيرة
241,9,27,https://dorar.net/tafseer/9/27,73-74,ذكر حدث,حنين,مرفوض,,ذكر عرضي للحدث في التفسير، دون بيان زمن النزول أو سببه
242,9,27,https://dorar.net/tafseer/9/27,73-74,ذكر حدث,تبوك,مرفوض,,ذكر عرضي للحدث في التفسير، دون بيان زمن النزول أو سببه
243,9,29,https://dorar.net/tafseer/9/29,79-80,سبب نزول,,مؤكِّد لسجل قائم,ASB-053,يوافق سجلًا موجودًا؛ أضيفت صفحة الموسوعة مصدرًا ثانيًا
244,9,30,https://dorar.net/tafseer/9/30,81-82,ذكر حدث,تبوك,مرفوض,,ذكر عرضي للحدث في التفسير، دون بيان زمن النزول أو سببه
245,9,31,https://dorar.net/tafseer/9/31,83-85,ذكر حدث,تبوك,مرفوض,,ذكر عرضي للحدث في التفسير، دون بيان زمن النزول أو سببه
246,9,31,https://dorar.net/tafseer/9/31,83-85,ذكر حدث,الخندق,مرفوض,,ذكر عرضي للحدث في التفسير، دون بيان زمن النزول أو سببه
247,9,31,https://dorar.net/tafseer/9/31,83-85,سبب نزول,,مؤكِّد لسجل قائم,ASB-055,يوافق سجلًا موجودًا؛ أضيفت صفحة الموسوعة مصدرًا ثانيًا
248,9,32,https://dorar.net/tafseer/9/32,86-89,ذكر حدث,تبوك,مرفوض,,ذكر عرضي للحدث في التفسير، دون بيان زمن النزول أو سببه
249,9,33,https://dorar.net/tafseer/9/33,90-93,ذكر حدث,تبوك,مرفوض,,ذكر عرضي للحدث في التفسير، دون بيان زمن النزول أو سببه
250,9,34,https://dorar.net/tafseer/9/34,94-96,ذكر حدث,تبوك,مرفوض,,ذكر عرضي للحدث في التفسير، دون بيان زمن النزول أو سببه
251,9,34,https://dorar.net/tafseer/9/34,94-96,ذكر حدث,تبوك,مرفوض,,ذكر عرضي للحدث في التفسير، دون بيان زمن النزول أو سببه
252,9,35,https://dorar.net/tafseer/9/35,97-98,ذكر حدث,تبوك,مرفوض,,ذكر عرضي للحدث في التفسير، دون بيان زمن النزول أو سببه
253,9,36,https://dorar.net/tafseer/9/36,99-100,ذكر حدث,الحديبية,مرفوض,,ذكر عرضي للحدث في التفسير، دون بيان زمن النزول أو سببه
254,9,36,https://dorar.net/tafseer/9/36,99-100,ذكر حدث,تحويل القبلة,مرفوض,,ذكر عرضي للحدث في التفسير، دون بيان زمن النزول أو سببه
255,9,37,https://dorar.net/tafseer/9/37,101-102,ذكر حدث,تبوك,مرفوض,,ذكر عرضي للحدث في التفسير، دون بيان زمن النزول أو سببه
256,9,38,https://dorar.net/tafseer/9/38,103-104,ذكر حدث,تبوك,مرفوض,,ذكر عرضي للحدث في التفسير، دون بيان زمن النزول أو سببه
257,9,39,https://dorar.net/tafseer/9/39,105-106,ذكر حدث,تبوك,مرفوض,,ذكر عرضي للحدث في التفسير، دون بيان زمن النزول أو سببه
258,9,39,https://dorar.net/tafseer/9/39,105-106,ذكر حدث,تبوك,مرفوض,,ذكر عرضي للحدث في التفسير، دون بيان زمن النزول أو سببه
259,9,41,https://dorar.net/tafseer/9/41,111-112,ذكر حدث,تبوك,مرفوض,,ذكر عرضي للحدث في التفسير، دون بيان زمن النزول أو سببه
260,9,41,https://dorar.net/tafseer/9/41,111-112,ذكر حدث,تبوك,مرفوض,,ذكر عرضي للحدث في التفسير، دون بيان زمن النزول أو سببه
261,9,43,https://dorar.net/tafseer/9/43,117-119,ذكر حدث,تبوك,مرفوض,,ذكر عرضي للحدث في التفسير، دون بيان زمن النزول أو سببه
262,9,43,https://dorar.net/tafseer/9/43,117-119,ذكر حدث,تبوك,مؤكِّد لسجل قائم,ASB-052,يوافق سجلًا موجودًا؛ أضيفت صفحة الموسوعة مصدرًا ثانيًا
263,9,43,https://dorar.net/tafseer/9/43,117-119,ذكر حدث,بدر,مرفوض,,ذكر عرضي للحدث في التفسير، دون بيان زمن النزول أو سببه
264,9,43,https://dorar.net/tafseer/9/43,117-119,سبب نزول,بدر، تبوك,مؤكِّد لسجل قائم,ASB-052,يوافق سجلًا موجودًا؛ أضيفت صفحة الموسوعة مصدرًا ثانيًا
265,9,43,https://dorar.net/tafseer/9/43,117-119,ذكر حدث,تبوك,مرفوض,,ذكر عرضي للحدث في التفسير، دون بيان زمن النزول أو سببه
266,9,43,https://dorar.net/tafseer/9/43,117-119,ذكر حدث,بدر,مرفوض,,ذكر عرضي للحدث في التفسير، دون بيان زمن النزول أو سببه
267,9,44,https://dorar.net/tafseer/9/44,120-121,ذكر حدث,تبوك,مرفوض,,ذكر عرضي للحدث في التفسير، دون بيان زمن النزول أو سببه
268,9,44,https://dorar.net/tafseer/9/44,120-121,ذكر حدث,تبوك,مرفوض,,ذكر عرضي للحدث في التفسير، دون بيان زمن النزول أو سببه
269,9,45,https://dorar.net/tafseer/9/45,122-123,ذكر حدث,تبوك,مرفوض,,ذكر عرضي للحدث في التفسير، دون بيان زمن النزول أو سببه
270,10,8,https://dorar.net/tafseer/10/8,18-20,ذكر حدث,فتح مكة,مرفوض,,ذكر عرضي للحدث في التفسير، دون بيان زمن النزول أو سببه
271,10,9,https://dorar.net/tafseer/10/9,21-23,ذكر حدث,فتح مكة,مرفوض,,ذكر عرضي للحدث في التفسير، دون بيان زمن النزول أو سببه
272,10,17,https://dorar.net/tafseer/10/17,45-47,ذكر حدث,بدر,مرفوض,,ذكر عرضي للحدث في التفسير، دون بيان زمن النزول أو سببه
273,11,13,https://dorar.net/tafseer/11/13,61-68,ذكر حدث,تبوك,مرفوض,,ذكر عرضي للحدث في التفسير، دون بيان زمن النزول أو سببه
274,11,15,https://dorar.net/tafseer/11/15,77-83,ذكر حدث,أحد,مرفوض,,ذكر عرضي للحدث في التفسير، دون بيان زمن النزول أو سببه
275,11,21,https://dorar.net/tafseer/11/21,109-115,سبب نزول,,مؤكِّد لسجل قائم,ASB-076,يوافق سجلًا موجودًا؛ أضيفت صفحة الموسوعة مصدرًا ثانيًا
276,12,1,https://dorar.net/tafseer/12/1,1-3,سبب نزول,,مرفوض,,لا يرتبط بحدث أو مرحلة محددة في السيرة
277,12,8,https://dorar.net/tafseer/12/8,30-35,ذكر حدث,الإسراء والمعراج,مرفوض,,ذكر عرضي للحدث في التفسير، دون بيان زمن النزول أو سببه
278,13,9,https://dorar.net/tafseer/13/9,31-32,ذكر حدث,فتح مكة,مرفوض,,ذكر عرضي للحدث في التفسير، دون بيان زمن النزول أو سببه
279,13,9,https://dorar.net/tafseer/13/9,31-32,ذكر حدث,حنين,مرفوض,,ذكر عرضي للحدث في التفسير، دون بيان زمن النزول أو سببه
280,13,9,https://dorar.net/tafseer/13/9,31-32,ذكر حدث,بدر,مرفوض,,ذكر عرضي للحدث في التفسير، دون بيان زمن النزول أو سببه
281,13,9,https://dorar.net/tafseer/13/9,31-32,ذكر حدث,فتح مكة,مرفوض,,ذكر عرضي للحدث في التفسير، دون بيان زمن النزول أو سببه
282,13,9,https://dorar.net/tafseer/13/9,31-32,ذكر حدث,بدر,مرفوض,,ذكر عرضي للحدث في التفسير، دون بيان زمن النزول أو سببه
283,13,11,https://dorar.net/tafseer/13/11,35-37,ذكر حدث,الحبشة,مرفوض,,ذكر عرضي للحدث في التفسير، دون بيان زمن النزول أو سببه
284,13,12,https://dorar.net/tafseer/13/12,38-40,ذكر حدث,فتح مكة,مرفوض,,ذكر عرضي للحدث في التفسير، دون بيان زمن النزول أو سببه
285,13,12,https://dorar.net/tafseer/13/12,38-40,ذكر حدث,حنين,مرفوض,,ذكر عرضي للحدث في التفسير، دون بيان زمن النزول أو سببه
286,13,12,https://dorar.net/tafseer/13/12,38-40,ذكر حدث,بدر,مرفوض,,ذكر عرضي للحدث في التفسير، دون بيان زمن النزول أو سببه
287,13,13,https://dorar.net/tafseer/13/13,41-43,ذكر حدث,فتح مكة,مرفوض,,ذكر عرضي للحدث في التفسير، دون بيان زمن النزول أو سببه
288,14,4,https://dorar.net/tafseer/14/4,13-18,ذكر حدث,بدر,مرفوض,,ذكر عرضي للحدث في التفسير، دون بيان زمن النزول أو سببه
289,14,8,https://dorar.net/tafseer/14/8,28-31,ذكر حدث,بدر,مرفوض,,ذكر عرضي للحدث في التفسير، دون بيان زمن النزول أو سببه
290,14,10,https://dorar.net/tafseer/14/10,35-41,ذكر حدث,الحبشة,مرفوض,,ذكر عرضي للحدث في التفسير، دون بيان زمن النزول أو سببه
291,15,9,https://dorar.net/tafseer/15/9,78-84,ذكر حدث,انشقاق القمر,مرفوض,,ذكر عرضي للحدث في التفسير، دون بيان زمن النزول أو سببه
292,15,9,https://dorar.net/tafseer/15/9,78-84,ذكر حدث,الخندق,مرفوض,,ذكر عرضي للحدث في التفسير، دون بيان زمن النزول أو سببه
293,15,10,https://dorar.net/tafseer/15/10,85-99,ذكر حدث,بدر,مرفوض,,ذكر عرضي للحدث في التفسير، دون بيان زمن النزول أو سببه
294,15,10,https://dorar.net/tafseer/15/10,85-99,ذكر حدث,بنو قريظة,مرفوض,,ذكر عرضي للحدث في التفسير، دون بيان زمن النزول أو سببه
295,16,1,https://dorar.net/tafseer/16/1,1-4,ذكر حدث,انشقاق القمر,مرفوض,,ذكر عرضي للحدث في التفسير، دون بيان زمن النزول أو سببه
296,16,10,https://dorar.net/tafseer/16/10,41-42,ذكر حدث,الحبشة,مرفوض,,بصيغة الاحتمال (يحتمل)
297,16,15,https://dorar.net/tafseer/16/15,65-69,ذكر حدث,الحبشة,مرفوض,,ذكر عرضي للحدث في التفسير، دون بيان زمن النزول أو سببه
298,16,27,https://dorar.net/tafseer/16/27,124-128,ذكر حدث,فتح مكة,مقبول: ربط جديد,TAF-18,ثابت ومرتبط بحدث أو مرحلة في السيرة
299,16,27,https://dorar.net/tafseer/16/27,124-128,ذكر حدث,أحد,مقبول: ربط جديد,TAF-18,ثابت ومرتبط بحدث أو مرحلة في السيرة
300,16,27,https://dorar.net/tafseer/16/27,124-128,سبب نزول,أحد، فتح مكة,مقبول: ربط جديد,TAF-18,ثابت ومرتبط بحدث أو مرحلة في السيرة
301,17,0,https://dorar.net/tafseer/17,,ذكر حدث,الإسراء والمعراج,مرفوض,,ذكر عرضي للحدث في التفسير، دون بيان زمن النزول أو سببه
302,17,1,https://dorar.net/tafseer/17/1,1-3,ذكر حدث,الشعب والصحيفة,مرفوض,,ذكر عرضي للحدث في التفسير، دون بيان زمن النزول أو سببه
303,17,1,https://dorar.net/tafseer/17/1,1-3,ذكر حدث,الإسراء والمعراج,مرفوض,,ذكر عرضي للحدث في التفسير، دون بيان زمن النزول أو سببه
304,17,1,https://dorar.net/tafseer/17/1,1-3,ذكر حدث,الإسراء والمعراج,مرفوض,,ذكر عرضي للحدث في التفسير، دون بيان زمن النزول أو سببه
305,17,1,https://dorar.net/tafseer/17/1,1-3,ذكر حدث,الإسراء والمعراج,مرفوض,,ذكر عرضي للحدث في التفسير، دون بيان زمن النزول أو سببه
306,17,2,https://dorar.net/tafseer/17/2,4-8,ذكر حدث,فتح مكة,مرفوض,,ذكر عرضي للحدث في التفسير، دون بيان زمن النزول أو سببه
307,17,2,https://dorar.net/tafseer/17/2,4-8,ذكر حدث,بنو قينقاع,مرفوض,,ذكر عرضي للحدث في التفسير، دون بيان زمن النزول أو سببه
308,17,2,https://dorar.net/tafseer/17/2,4-8,ذكر حدث,بنو قريظة,مرفوض,,ذكر عرضي للحدث في التفسير، دون بيان زمن النزول أو سببه
309,17,3,https://dorar.net/tafseer/17/3,9-11,ذكر حدث,الإسراء والمعراج,مرفوض,,ذكر عرضي للحدث في التفسير، دون بيان زمن النزول أو سببه
310,17,14,https://dorar.net/tafseer/17/14,58-60,ذكر حدث,الإسراء والمعراج,مرفوض,,ذكر عرضي للحدث في التفسير، دون بيان زمن النزول أو سببه
311,17,14,https://dorar.net/tafseer/17/14,58-60,سبب نزول,,مقبول: ربط جديد,TAF-19,ثابت ومرتبط بحدث أو مرحلة في السيرة
312,17,14,https://dorar.net/tafseer/17/14,58-60,ذكر حدث,الإسراء والمعراج,مرفوض,,ذكر عرضي للحدث في التفسير، دون بيان زمن النزول أو سببه
313,17,15,https://dorar.net/tafseer/17/15,61-65,ذكر حدث,أحد,مرفوض,,ذكر عرضي للحدث في التفسير، دون بيان زمن النزول أو سببه
314,17,16,https://dorar.net/tafseer/17/16,66-69,ذكر حدث,فتح مكة,مرفوض,,ذكر عرضي للحدث في التفسير، دون بيان زمن النزول أو سببه
315,17,16,https://dorar.net/tafseer/17/16,66-69,ذكر حدث,الحبشة,مرفوض,,ذكر عرضي للحدث في التفسير، دون بيان زمن النزول أو سببه
316,17,18,https://dorar.net/tafseer/17/18,73-77,ذكر حدث,بدر,مرفوض,,ذكر عرضي للحدث في التفسير، دون بيان زمن النزول أو سببه
317,17,19,https://dorar.net/tafseer/17/19,78-81,ذكر حدث,فتح مكة,مرفوض,,ذكر عرضي للحدث في التفسير، دون بيان زمن النزول أو سببه
318,17,19,https://dorar.net/tafseer/17/19,78-81,ذكر حدث,فتح مكة,مرفوض,,ذكر عرضي للحدث في التفسير، دون بيان زمن النزول أو سببه
319,17,21,https://dorar.net/tafseer/17/21,85-87,سبب نزول,,مؤكِّد لسجل قائم,ASB-068,يوافق سجلًا موجودًا؛ أضيفت صفحة الموسوعة مصدرًا ثانيًا
320,17,25,https://dorar.net/tafseer/17/25,101-104,ذكر حدث,فتح مكة,مرفوض,,ذكر عرضي للحدث في التفسير، دون بيان زمن النزول أو سببه
321,17,26,https://dorar.net/tafseer/17/26,105-111,سبب نزول,,مؤكِّد لسجل قائم,ASB-004,يوافق سجلًا موجودًا؛ أضيفت صفحة الموسوعة مصدرًا ثانيًا
322,18,17,https://dorar.net/tafseer/18/17,57-59,ذكر حدث,بدر,مرفوض,,ذكر عرضي للحدث في التفسير، دون بيان زمن النزول أو سببه
323,18,17,https://dorar.net/tafseer/18/17,57-59,ذكر حدث,بدر,مرفوض,,ذكر عرضي للحدث في التفسير، دون بيان زمن النزول أو سببه
324,18,21,https://dorar.net/tafseer/18/21,77-78,ذكر حدث,حنين,مرفوض,,ذكر عرضي للحدث في التفسير، دون بيان زمن النزول أو سببه
325,18,27,https://dorar.net/tafseer/18/27,107-110,سبب نزول,,مقبول: ربط جديد,TAF-20,ثابت ومرتبط بحدث أو مرحلة في السيرة
326,19,0,https://dorar.net/tafseer/19,,ذكر حدث,خيبر,مرفوض,,ذكر عرضي للحدث في التفسير، دون بيان زمن النزول أو سببه
327,19,4,https://dorar.net/tafseer/19/4,16-21,ذكر حدث,الإسراء والمعراج,مرفوض,,ذكر عرضي للحدث في التفسير، دون بيان زمن النزول أو سببه
328,19,5,https://dorar.net/tafseer/19/5,22-26,ذكر حدث,أحد,مرفوض,,ذكر عرضي للحدث في التفسير، دون بيان زمن النزول أو سببه
329,19,5,https://dorar.net/tafseer/19/5,22-26,ذكر حدث,أحد,مرفوض,,ذكر عرضي للحدث في التفسير، دون بيان زمن النزول أو سببه
330,19,9,https://dorar.net/tafseer/19/9,51-58,ذكر حدث,الإسراء والمعراج,مرفوض,,ذكر عرضي للحدث في التفسير، دون بيان زمن النزول أو سببه
331,19,11,https://dorar.net/tafseer/19/11,64-65,سبب نزول,,مرفوض,,لا يرتبط بحدث أو مرحلة محددة في السيرة
332,19,12,https://dorar.net/tafseer/19/12,66-72,ذكر حدث,الحديبية,مرفوض,,ذكر عرضي للحدث في التفسير، دون بيان زمن النزول أو سببه
333,19,14,https://dorar.net/tafseer/19/14,77-84,سبب نزول,,مؤكِّد لسجل قائم,ASB-010,يوافق سجلًا موجودًا؛ أضيفت صفحة الموسوعة مصدرًا ثانيًا
334,19,14,https://dorar.net/tafseer/19/14,77-84,ذكر حدث,بدر,مرفوض,,ذكر عرضي للحدث في التفسير، دون بيان زمن النزول أو سببه
335,20,1,https://dorar.net/tafseer/20/1,1-8,ذكر حدث,الحبشة,مرفوض,,ذكر عرضي للحدث في التفسير، دون بيان زمن النزول أو سببه
336,20,9,https://dorar.net/tafseer/20/9,77-79,ذكر حدث,الإسراء والمعراج,مرفوض,,ذكر عرضي للحدث في التفسير، دون بيان زمن النزول أو سببه
337,20,17,https://dorar.net/tafseer/20/17,115-123,ذكر حدث,الإسراء والمعراج,مرفوض,,ذكر عرضي للحدث في التفسير، دون بيان زمن النزول أو سببه
338,20,19,https://dorar.net/tafseer/20/19,128-130,ذكر حدث,تبوك,مرفوض,,ذكر عرضي للحدث في التفسير، دون بيان زمن النزول أو سببه
339,20,19,https://dorar.net/tafseer/20/19,128-130,ذكر حدث,بدر,مرفوض,,ذكر عرضي للحدث في التفسير، دون بيان زمن النزول أو سببه
340,20,20,https://dorar.net/tafseer/20/20,131-135,ذكر حدث,فتح مكة,مرفوض,,ذكر عرضي للحدث في التفسير، دون بيان زمن النزول أو سببه
341,21,2,https://dorar.net/tafseer/21/2,6-10,ذكر حدث,فتح مكة,مرفوض,,ذكر عرضي للحدث في التفسير، دون بيان زمن النزول أو سببه
342,21,7,https://dorar.net/tafseer/21/7,34-40,ذكر حدث,بدر,مرفوض,,ذكر عرضي للحدث في التفسير، دون بيان زمن النزول أو سببه
343,21,7,https://dorar.net/tafseer/21/7,34-40,ذكر حدث,بدر,مرفوض,,ذكر عرضي للحدث في التفسير، دون بيان زمن النزول أو سببه
344,21,9,https://dorar.net/tafseer/21/9,48-50,ذكر حدث,بدر,مرفوض,,ذكر عرضي للحدث في التفسير، دون بيان زمن النزول أو سببه
345,21,21,https://dorar.net/tafseer/21/21,101-105,سبب نزول,,مقبول: ربط جديد,TAF-21,ثابت ومرتبط بحدث أو مرحلة في السيرة
346,21,22,https://dorar.net/tafseer/21/22,106-112,ذكر حدث,بدر,مرفوض,,ذكر عرضي للحدث في التفسير، دون بيان زمن النزول أو سببه
347,22,1,https://dorar.net/tafseer/22/1,1-2,ذكر حدث,الخندق,مرفوض,,ذكر عرضي للحدث في التفسير، دون بيان زمن النزول أو سببه
348,22,4,https://dorar.net/tafseer/22/4,8-10,ذكر حدث,بدر,مرفوض,,ذكر عرضي للحدث في التفسير، دون بيان زمن النزول أو سببه
349,22,5,https://dorar.net/tafseer/22/5,11-13,سبب نزول,,مرفوض,,لا يرتبط بحدث أو مرحلة محددة في السيرة
350,22,8,https://dorar.net/tafseer/22/8,19-22,ذكر حدث,بدر,مرفوض,,ذكر عرضي للحدث في التفسير، دون بيان زمن النزول أو سببه
351,22,9,https://dorar.net/tafseer/22/9,23-25,ذكر حدث,الحديبية,مرفوض,,ذكر عرضي للحدث في التفسير، دون بيان زمن النزول أو سببه
352,22,14,https://dorar.net/tafseer/22/14,38-41,ذكر حدث,الحديبية,مرفوض,,ذكر عرضي للحدث في التفسير، دون بيان زمن النزول أو سببه
353,22,14,https://dorar.net/tafseer/22/14,38-41,ذكر حدث,فتح مكة,مرفوض,,ذكر عرضي للحدث في التفسير، دون بيان زمن النزول أو سببه
354,22,16,https://dorar.net/tafseer/22/16,46-48,ذكر حدث,بدر,مرفوض,,ذكر عرضي للحدث في التفسير، دون بيان زمن النزول أو سببه
355,22,18,https://dorar.net/tafseer/22/18,52-54,ذكر حدث,الحبشة,مرفوض,,ذكر عرضي للحدث في التفسير، دون بيان زمن النزول أو سببه
356,22,19,https://dorar.net/tafseer/22/19,55-57,ذكر حدث,بدر,مرفوض,,ذكر عرضي للحدث في التفسير، دون بيان زمن النزول أو سببه
357,22,20,https://dorar.net/tafseer/22/20,58-60,ذكر حدث,فتح مكة,مرفوض,,ذكر عرضي للحدث في التفسير، دون بيان زمن النزول أو سببه
358,23,1,https://dorar.net/tafseer/23/1,1-11,ذكر حدث,بدر,مرفوض,,ذكر عرضي للحدث في التفسير، دون بيان زمن النزول أو سببه
359,23,9,https://dorar.net/tafseer/23/9,63-67,ذكر حدث,بدر,مرفوض,,ذكر عرضي للحدث في التفسير، دون بيان زمن النزول أو سببه
360,23,11,https://dorar.net/tafseer/23/11,73-77,ذكر حدث,بدر,مرفوض,,ذكر عرضي للحدث في التفسير، دون بيان زمن النزول أو سببه
361,23,14,https://dorar.net/tafseer/23/14,93-100,ذكر حدث,حنين,مرفوض,,ذكر عرضي للحدث في التفسير، دون بيان زمن النزول أو سببه
362,23,14,https://dorar.net/tafseer/23/14,93-100,ذكر حدث,بدر,مرفوض,,ذكر عرضي للحدث في التفسير، دون بيان زمن النزول أو سببه
363,23,16,https://dorar.net/tafseer/23/16,105-114,ذكر حدث,بدر,مرفوض,,ذكر عرضي للحدث في التفسير، دون بيان زمن النزول أو سببه
364,24,0,https://dorar.net/tafseer/24,,ذكر حدث,الإفك,مرفوض,,ذكر عرضي للحدث في التفسير، دون بيان زمن النزول أو سببه
365,24,1,https://dorar.net/tafseer/24/1,1-3,سبب نزول,,مرفوض,,لا يرتبط بحدث أو مرحلة محددة في السيرة
366,24,2,https://dorar.net/tafseer/24/2,4-5,ذكر حدث,الإفك,مقبول: ربط جديد,TAF-23,ثابت ومرتبط بحدث أو مرحلة في السيرة
367,24,3,https://dorar.net/tafseer/24/3,6-10,سبب نزول,,مؤكِّد لسجل قائم,ASB-083,يوافق سجلًا موجودًا؛ أضيفت صفحة الموسوعة مصدرًا ثانيًا
368,24,4,https://dorar.net/tafseer/24/4,11-18,ذكر حدث,الإفك,مرفوض,,ذكر عرضي للحدث في التفسير، دون بيان زمن النزول أو سببه
369,24,4,https://dorar.net/tafseer/24/4,11-18,سبب نزول,الإفك,مؤكِّد لسجل قائم,ASB-042,يوافق سجلًا موجودًا؛ أضيفت صفحة الموسوعة مصدرًا ثانيًا
370,24,5,https://dorar.net/tafseer/24/5,19-22,ذكر حدث,الإفك,مرفوض,,ذكر عرضي للحدث في التفسير، دون بيان زمن النزول أو سببه
371,24,5,https://dorar.net/tafseer/24/5,19-22,سبب نزول,الإفك,مؤكِّد لسجل قائم,ASB-043,يوافق سجلًا موجودًا؛ أضيفت صفحة الموسوعة مصدرًا ثانيًا
372,24,6,https://dorar.net/tafseer/24/6,23-26,ذكر حدث,الإفك,مرفوض,,ذكر عرضي للحدث في التفسير، دون بيان زمن النزول أو سببه
373,24,7,https://dorar.net/tafseer/24/7,27-29,ذكر حدث,الإفك,مرفوض,,ذكر عرضي للحدث في التفسير، دون بيان زمن النزول أو سببه
374,24,9,https://dorar.net/tafseer/24/9,32-33,سبب نزول,,مرفوض,,لا يرتبط بحدث أو مرحلة محددة في السيرة
375,24,10,https://dorar.net/tafseer/24/10,34-35,ذكر حدث,الحبشة,مرفوض,,ذكر عرضي للحدث في التفسير، دون بيان زمن النزول أو سببه
376,24,10,https://dorar.net/tafseer/24/10,34-35,ذكر حدث,الإفك,مرفوض,,ذكر عرضي للحدث في التفسير، دون بيان زمن النزول أو سببه
377,25,10,https://dorar.net/tafseer/25/10,41-44,ذكر حدث,بدر,مرفوض,,ذكر عرضي للحدث في التفسير، دون بيان زمن النزول أو سببه
378,25,14,https://dorar.net/tafseer/25/14,68-71,سبب نزول,,مؤكِّد لسجل قائم,ASB-012,يوافق سجلًا موجودًا؛ أضيفت صفحة الموسوعة مصدرًا ثانيًا
379,25,14,https://dorar.net/tafseer/25/14,68-71,سبب نزول,,مؤكِّد لسجل قائم,ASB-012,يوافق سجلًا موجودًا؛ أضيفت صفحة الموسوعة مصدرًا ثانيًا
380,25,15,https://dorar.net/tafseer/25/15,72-77,ذكر حدث,انشقاق القمر,مرفوض,,ذكر عرضي للحدث في التفسير، دون بيان زمن النزول أو سببه
381,25,15,https://dorar.net/tafseer/25/15,72-77,ذكر حدث,بدر,مرفوض,,ذكر عرضي للحدث في التفسير، دون بيان زمن النزول أو سببه
382,26,1,https://dorar.net/tafseer/26/1,1-9,ذكر حدث,فتح مكة,مرفوض,,ذكر عرضي للحدث في التفسير، دون بيان زمن النزول أو سببه
383,26,5,https://dorar.net/tafseer/26/5,52-68,ذكر حدث,بدر,مرفوض,,ذكر عرضي للحدث في التفسير، دون بيان زمن النزول أو سببه
384,26,15,https://dorar.net/tafseer/26/15,221-227,ذكر حدث,خيبر,مرفوض,,ذكر عرضي للحدث في التفسير، دون بيان زمن النزول أو سببه
385,26,15,https://dorar.net/tafseer/26/15,221-227,ذكر حدث,عمرة القضاء,مرفوض,,ذكر عرضي للحدث في التفسير، دون بيان زمن النزول أو سببه
386,27,1,https://dorar.net/tafseer/27/1,1-6,ذكر حدث,بدر,مرفوض,,ذكر عرضي للحدث في التفسير، دون بيان زمن النزول أو سببه
387,27,11,https://dorar.net/tafseer/27/11,71-75,ذكر حدث,بدر,مرفوض,,ذكر عرضي للحدث في التفسير، دون بيان زمن النزول أو سببه
388,28,11,https://dorar.net/tafseer/28/11,51-56,سبب نزول,,مؤكِّد لسجل قائم,ASB-014,يوافق سجلًا موجودًا؛ أضيفت صفحة الموسوعة مصدرًا ثانيًا
389,28,18,https://dorar.net/tafseer/28/18,85-88,ذكر حدث,فتح مكة,مرفوض,,ذكر عرضي للحدث في التفسير، دون بيان زمن النزول أو سببه
390,29,1,https://dorar.net/tafseer/29/1,1-7,ذكر حدث,فتح مكة,مرفوض,,ذكر عرضي للحدث في التفسير، دون بيان زمن النزول أو سببه
391,29,1,https://dorar.net/tafseer/29/1,1-7,ذكر حدث,بدر,مرفوض,,ذكر عرضي للحدث في التفسير، دون بيان زمن النزول أو سببه
392,29,2,https://dorar.net/tafseer/29/2,8-9,سبب نزول,,مؤكِّد لسجل قائم,ASB-003,يوافق سجلًا موجودًا؛ أضيفت صفحة الموسوعة مصدرًا ثانيًا
393,29,3,https://dorar.net/tafseer/29/3,10-11,ذكر حدث,بدر,مقبول: ربط جديد,TAF-10، TAF-11,ثابت ومرتبط بحدث أو مرحلة في السيرة
394,29,3,https://dorar.net/tafseer/29/3,10-11,سبب نزول,بدر,مقبول: ربط جديد,TAF-10، TAF-11,ثابت ومرتبط بحدث أو مرحلة في السيرة
395,29,8,https://dorar.net/tafseer/29/8,24-27,ذكر حدث,الإسراء والمعراج,مرفوض,,ذكر عرضي للحدث في التفسير، دون بيان زمن النزول أو سببه
396,29,13,https://dorar.net/tafseer/29/13,41-44,ذكر حدث,أحد,مرفوض,,ذكر عرضي للحدث في التفسير، دون بيان زمن النزول أو سببه
397,29,14,https://dorar.net/tafseer/29/14,45-47,ذكر حدث,الهجرة,مرفوض,,ذكر عرضي للحدث في التفسير، دون بيان زمن النزول أو سببه
398,29,15,https://dorar.net/tafseer/29/15,48-52,ذكر حدث,انشقاق القمر,مرفوض,,ذكر عرضي للحدث في التفسير، دون بيان زمن النزول أو سببه
399,29,16,https://dorar.net/tafseer/29/16,53-55,ذكر حدث,بدر,مرفوض,,ذكر عرضي للحدث في التفسير، دون بيان زمن النزول أو سببه
400,29,16,https://dorar.net/tafseer/29/16,53-55,ذكر حدث,بدر,مرفوض,,ذكر عرضي للحدث في التفسير، دون بيان زمن النزول أو سببه
401,29,19,https://dorar.net/tafseer/29/19,65-69,ذكر حدث,فتح مكة,مرفوض,,ذكر عرضي للحدث في التفسير، دون بيان زمن النزول أو سببه
402,30,1,https://dorar.net/tafseer/30/1,1-7,ذكر حدث,الحديبية,مرفوض,,ذكر عرضي للحدث في التفسير، دون بيان زمن النزول أو سببه
403,30,1,https://dorar.net/tafseer/30/1,1-7,ذكر حدث,بدر,مرفوض,,ذكر عرضي للحدث في التفسير، دون بيان زمن النزول أو سببه
404,32,5,https://dorar.net/tafseer/32/5,18-22,ذكر حدث,بدر,مرفوض,,ذكر عرضي للحدث في التفسير، دون بيان زمن النزول أو سببه
405,32,7,https://dorar.net/tafseer/32/7,26-30,ذكر حدث,فتح مكة,مرفوض,,ذكر عرضي للحدث في التفسير، دون بيان زمن النزول أو سببه
406,32,7,https://dorar.net/tafseer/32/7,26-30,ذكر حدث,فتح مكة,مرفوض,,ذكر عرضي للحدث في التفسير، دون بيان زمن النزول أو سببه
407,32,7,https://dorar.net/tafseer/32/7,26-30,ذكر حدث,بدر,مرفوض,,ذكر عرضي للحدث في التفسير، دون بيان زمن النزول أو سببه
408,33,0,https://dorar.net/tafseer/33,,ذكر حدث,بنو قريظة,مرفوض,,ذكر عرضي للحدث في التفسير، دون بيان زمن النزول أو سببه
409,33,2,https://dorar.net/tafseer/33/2,4-6,ذكر حدث,العقبة الثانية,مرفوض,,ذكر عرضي للحدث في التفسير، دون بيان زمن النزول أو سببه
410,33,4,https://dorar.net/tafseer/33/4,9-11,ذكر حدث,الخندق,مرفوض,,ذكر عرضي للحدث في التفسير، دون بيان زمن النزول أو سببه
411,33,4,https://dorar.net/tafseer/33/4,9-11,ذكر حدث,بنو قريظة,مرفوض,,ذكر عرضي للحدث في التفسير، دون بيان زمن النزول أو سببه
412,33,4,https://dorar.net/tafseer/33/4,9-11,ذكر حدث,الخندق,مرفوض,,ذكر عرضي للحدث في التفسير، دون بيان زمن النزول أو سببه
413,33,4,https://dorar.net/tafseer/33/4,9-11,ذكر حدث,الخندق,مرفوض,,ذكر عرضي للحدث في التفسير، دون بيان زمن النزول أو سببه
414,33,4,https://dorar.net/tafseer/33/4,9-11,ذكر حدث,بنو قريظة,مرفوض,,ذكر عرضي للحدث في التفسير، دون بيان زمن النزول أو سببه
415,33,5,https://dorar.net/tafseer/33/5,12-17,ذكر حدث,الخندق,مقبول: ربط جديد,TAF-24,ثابت ومرتبط بحدث أو مرحلة في السيرة
416,33,5,https://dorar.net/tafseer/33/5,12-17,ذكر حدث,بدر,مرفوض,,ذكر عرضي للحدث في التفسير، دون بيان زمن النزول أو سببه
417,33,5,https://dorar.net/tafseer/33/5,12-17,ذكر حدث,أحد,مرفوض,,قول تابعي دون إسناد
418,33,5,https://dorar.net/tafseer/33/5,12-17,ذكر حدث,الخندق,مرفوض,,ذكر عرضي للحدث في التفسير، دون بيان زمن النزول أو سببه
419,33,5,https://dorar.net/tafseer/33/5,12-17,ذكر حدث,الخندق,مرفوض,,ذكر عرضي للحدث في التفسير، دون بيان زمن النزول أو سببه
420,33,6,https://dorar.net/tafseer/33/6,18-20,ذكر حدث,الخندق,مرفوض,,ذكر عرضي للحدث في التفسير، دون بيان زمن النزول أو سببه
421,33,7,https://dorar.net/tafseer/33/7,21-24,ذكر حدث,الخندق,مقبول: ربط جديد,TAF-24,ثابت ومرتبط بحدث أو مرحلة في السيرة
422,33,7,https://dorar.net/tafseer/33/7,21-24,ذكر حدث,الخندق,مقبول: ربط جديد,TAF-24,ثابت ومرتبط بحدث أو مرحلة في السيرة
423,33,7,https://dorar.net/tafseer/33/7,21-24,ذكر حدث,أحد,مرفوض,,ذكر عرضي للحدث في التفسير، دون بيان زمن النزول أو سببه
424,33,7,https://dorar.net/tafseer/33/7,21-24,ذكر حدث,بنو قريظة,مرفوض,,ذكر عرضي للحدث في التفسير، دون بيان زمن النزول أو سببه
425,33,7,https://dorar.net/tafseer/33/7,21-24,سبب نزول,أحد، بنو قريظة,مؤكِّد لسجل قائم,ASB-034,يوافق سجلًا موجودًا؛ أضيفت صفحة الموسوعة مصدرًا ثانيًا
426,33,7,https://dorar.net/tafseer/33/7,21-24,ذكر حدث,الخندق,مرفوض,,ذكر عرضي للحدث في التفسير، دون بيان زمن النزول أو سببه
427,33,8,https://dorar.net/tafseer/33/8,25-27,ذكر حدث,حجة الوداع,مرفوض,,ذكر عرضي للحدث في التفسير، دون بيان زمن النزول أو سببه
428,33,8,https://dorar.net/tafseer/33/8,25-27,ذكر حدث,الخندق,مرفوض,,ذكر عرضي للحدث في التفسير، دون بيان زمن النزول أو سببه
429,33,8,https://dorar.net/tafseer/33/8,25-27,ذكر حدث,بنو قريظة,مقبول: ربط جديد,TAF-25,ثابت ومرتبط بحدث أو مرحلة في السيرة
430,33,8,https://dorar.net/tafseer/33/8,25-27,ذكر حدث,بنو قينقاع,مرفوض,,ذكر عرضي للحدث في التفسير، دون بيان زمن النزول أو سببه
431,33,8,https://dorar.net/tafseer/33/8,25-27,ذكر حدث,بنو النضير,مرفوض,,ذكر عرضي للحدث في التفسير، دون بيان زمن النزول أو سببه
432,33,8,https://dorar.net/tafseer/33/8,25-27,ذكر حدث,الخندق,مرفوض,,ذكر عرضي للحدث في التفسير، دون بيان زمن النزول أو سببه
433,33,8,https://dorar.net/tafseer/33/8,25-27,ذكر حدث,بنو قريظة,مقبول: ربط جديد,TAF-25,ثابت ومرتبط بحدث أو مرحلة في السيرة
434,33,8,https://dorar.net/tafseer/33/8,25-27,ذكر حدث,خيبر,مرفوض,,ذكر عرضي للحدث في التفسير، دون بيان زمن النزول أو سببه
435,33,8,https://dorar.net/tafseer/33/8,25-27,ذكر حدث,حنين,مرفوض,,ذكر عرضي للحدث في التفسير، دون بيان زمن النزول أو سببه
436,33,8,https://dorar.net/tafseer/33/8,25-27,ذكر حدث,بدر,مرفوض,,ذكر عرضي للحدث في التفسير، دون بيان زمن النزول أو سببه
437,33,8,https://dorar.net/tafseer/33/8,25-27,ذكر حدث,أحد,مرفوض,,ذكر عرضي للحدث في التفسير، دون بيان زمن النزول أو سببه
438,33,8,https://dorar.net/tafseer/33/8,25-27,ذكر حدث,بنو النضير,مرفوض,,ذكر عرضي للحدث في التفسير، دون بيان زمن النزول أو سببه
439,33,8,https://dorar.net/tafseer/33/8,25-27,ذكر حدث,الخندق,مرفوض,,ذكر عرضي للحدث في التفسير، دون بيان زمن النزول أو سببه
440,33,8,https://dorar.net/tafseer/33/8,25-27,ذكر حدث,بنو قريظة,مرفوض,,ذكر عرضي للحدث في التفسير، دون بيان زمن النزول أو سببه
441,33,9,https://dorar.net/tafseer/33/9,28-31,ذكر حدث,بنو قريظة,مرفوض,,ذكر عرضي للحدث في التفسير، دون بيان زمن النزول أو سببه
442,33,9,https://dorar.net/tafseer/33/9,28-31,سبب نزول,,مرفوض,,لا يرتبط بحدث أو مرحلة محددة في السيرة
443,33,11,https://dorar.net/tafseer/33/11,35-36,سبب نزول,,مرفوض,,لا يرتبط بحدث أو مرحلة محددة في السيرة
444,33,12,https://dorar.net/tafseer/33/12,37-40,سبب نزول,,مقبول: ربط جديد,TAF-26,ثابت ومرتبط بحدث أو مرحلة في السيرة
445,33,14,https://dorar.net/tafseer/33/14,45-48,ذكر حدث,تبوك,مرفوض,,ذكر عرضي للحدث في التفسير، دون بيان زمن النزول أو سببه
446,33,17,https://dorar.net/tafseer/33/17,53-55,ذكر حدث,بدر,مرفوض,,ذكر عرضي للحدث في التفسير، دون بيان زمن النزول أو سببه
447,33,17,https://dorar.net/tafseer/33/17,53-55,سبب نزول,,مؤكِّد لسجل قائم,ASB-039,يوافق سجلًا موجودًا؛ أضيفت صفحة الموسوعة مصدرًا ثانيًا
448,33,19,https://dorar.net/tafseer/33/19,59-62,ذكر حدث,بدر,مرفوض,,ذكر عرضي للحدث في التفسير، دون بيان زمن النزول أو سببه
449,33,19,https://dorar.net/tafseer/33/19,59-62,ذكر حدث,بنو قريظة,مرفوض,,ذكر عرضي للحدث في التفسير، دون بيان زمن النزول أو سببه
450,33,20,https://dorar.net/tafseer/33/20,63-68,ذكر حدث,انشقاق القمر,مرفوض,,ذكر عرضي للحدث في التفسير، دون بيان زمن النزول أو سببه
451,34,8,https://dorar.net/tafseer/34/8,24-30,ذكر حدث,بدر,مرفوض,,ذكر عرضي للحدث في التفسير، دون بيان زمن النزول أو سببه
452,34,14,https://dorar.net/tafseer/34/14,51-54,ذكر حدث,بدر,مرفوض,,ذكر عرضي للحدث في التفسير، دون بيان زمن النزول أو سببه
453,35,1,https://dorar.net/tafseer/35/1,1-4,ذكر حدث,الإسراء والمعراج,مرفوض,,ذكر عرضي للحدث في التفسير، دون بيان زمن النزول أو سببه
454,35,5,https://dorar.net/tafseer/35/5,15-18,ذكر حدث,بدر,مرفوض,,ذكر عرضي للحدث في التفسير، دون بيان زمن النزول أو سببه
455,35,6,https://dorar.net/tafseer/35/6,19-26,ذكر حدث,بدر,مرفوض,,ذكر عرضي للحدث في التفسير، دون بيان زمن النزول أو سببه
456,35,11,https://dorar.net/tafseer/35/11,42-45,ذكر حدث,الحبشة,مرفوض,,ذكر عرضي للحدث في التفسير، دون بيان زمن النزول أو سببه
457,35,11,https://dorar.net/tafseer/35/11,42-45,ذكر حدث,بدر,مرفوض,,ذكر عرضي للحدث في التفسير، دون بيان زمن النزول أو سببه
458,36,4,https://dorar.net/tafseer/36/4,28-32,ذكر حدث,بدر,مرفوض,,ذكر عرضي للحدث في التفسير، دون بيان زمن النزول أو سببه
459,36,8,https://dorar.net/tafseer/36/8,45-47,ذكر حدث,انشقاق القمر,مرفوض,,ذكر عرضي للحدث في التفسير، دون بيان زمن النزول أو سببه
460,37,9,https://dorar.net/tafseer/37/9,99-113,ذكر حدث,حنين,مرفوض,,ذكر عرضي للحدث في التفسير، دون بيان زمن النزول أو سببه
461,37,10,https://dorar.net/tafseer/37/10,114-122,ذكر حدث,مؤتة,مرفوض,,ذكر عرضي للحدث في التفسير، دون بيان زمن النزول أو سببه
462,37,16,https://dorar.net/tafseer/37/16,171-182,ذكر حدث,فتح مكة,مرفوض,,ذكر عرضي للحدث في التفسير، دون بيان زمن النزول أو سببه
463,37,16,https://dorar.net/tafseer/37/16,171-182,ذكر حدث,بدر,مرفوض,,ذكر عرضي للحدث في التفسير، دون بيان زمن النزول أو سببه
464,37,16,https://dorar.net/tafseer/37/16,171-182,ذكر حدث,بدر,مرفوض,,ذكر عرضي للحدث في التفسير، دون بيان زمن النزول أو سببه
465,37,16,https://dorar.net/tafseer/37/16,171-182,ذكر حدث,خيبر,مرفوض,,ذكر عرضي للحدث في التفسير، دون بيان زمن النزول أو سببه
466,37,16,https://dorar.net/tafseer/37/16,171-182,ذكر حدث,فتح مكة,مرفوض,,ذكر عرضي للحدث في التفسير، دون بيان زمن النزول أو سببه
467,37,16,https://dorar.net/tafseer/37/16,171-182,ذكر حدث,بدر,مرفوض,,ذكر عرضي للحدث في التفسير، دون بيان زمن النزول أو سببه
468,38,2,https://dorar.net/tafseer/38/2,4-11,ذكر حدث,فتح مكة,مرفوض,,ذكر عرضي للحدث في التفسير، دون بيان زمن النزول أو سببه
469,38,2,https://dorar.net/tafseer/38/2,4-11,ذكر حدث,بدر,مرفوض,,ذكر عرضي للحدث في التفسير، دون بيان زمن النزول أو سببه
470,38,2,https://dorar.net/tafseer/38/2,4-11,ذكر حدث,الخندق,مرفوض,,ذكر عرضي للحدث في التفسير، دون بيان زمن النزول أو سببه
471,38,11,https://dorar.net/tafseer/38/11,55-64,ذكر حدث,بدر,مرفوض,,ذكر عرضي للحدث في التفسير، دون بيان زمن النزول أو سببه
472,38,14,https://dorar.net/tafseer/38/14,86-88,ذكر حدث,بدر,مرفوض,,ذكر عرضي للحدث في التفسير، دون بيان زمن النزول أو سببه
473,39,3,https://dorar.net/tafseer/39/3,7-8,ذكر حدث,حجة الوداع,مرفوض,,ذكر عرضي للحدث في التفسير، دون بيان زمن النزول أو سببه
474,39,7,https://dorar.net/tafseer/39/7,21-23,سبب نزول,,مرفوض,,لا يرتبط بحدث أو مرحلة محددة في السيرة
475,39,8,https://dorar.net/tafseer/39/8,24-26,ذكر حدث,بدر,مرفوض,,ذكر عرضي للحدث في التفسير، دون بيان زمن النزول أو سببه
476,39,11,https://dorar.net/tafseer/39/11,36-41,ذكر حدث,بدر,مرفوض,,ذكر عرضي للحدث في التفسير، دون بيان زمن النزول أو سببه
477,39,15,https://dorar.net/tafseer/39/15,53-59,سبب نزول,,مؤكِّد لسجل قائم,ASB-012,يوافق سجلًا موجودًا؛ أضيفت صفحة الموسوعة مصدرًا ثانيًا
478,40,2,https://dorar.net/tafseer/40/2,4-6,ذكر حدث,بدر,مرفوض,,ذكر عرضي للحدث في التفسير، دون بيان زمن النزول أو سببه
479,40,10,https://dorar.net/tafseer/40/10,30-35,ذكر حدث,الخندق,مرفوض,,ذكر عرضي للحدث في التفسير، دون بيان زمن النزول أو سببه
480,40,10,https://dorar.net/tafseer/40/10,30-35,ذكر حدث,الخندق,مرفوض,,ذكر عرضي للحدث في التفسير، دون بيان زمن النزول أو سببه
481,40,12,https://dorar.net/tafseer/40/12,41-46,ذكر حدث,الحبشة,مرفوض,,ذكر عرضي للحدث في التفسير، دون بيان زمن النزول أو سببه
482,40,12,https://dorar.net/tafseer/40/12,41-46,ذكر حدث,الخندق,مرفوض,,ذكر عرضي للحدث في التفسير، دون بيان زمن النزول أو سببه
483,40,19,https://dorar.net/tafseer/40/19,77-81,ذكر حدث,بدر,مرفوض,,ذكر عرضي للحدث في التفسير، دون بيان زمن النزول أو سببه
484,40,19,https://dorar.net/tafseer/40/19,77-81,ذكر حدث,بدر,مرفوض,,ذكر عرضي للحدث في التفسير، دون بيان زمن النزول أو سببه
485,41,1,https://dorar.net/tafseer/41/1,1-8,ذكر حدث,الإسراء والمعراج,مرفوض,,ذكر عرضي للحدث في التفسير، دون بيان زمن النزول أو سببه
486,41,1,https://dorar.net/tafseer/41/1,1-8,ذكر حدث,الحبشة,مرفوض,,ذكر عرضي للحدث في التفسير، دون بيان زمن النزول أو سببه
487,41,4,https://dorar.net/tafseer/41/4,19-24,سبب نزول,,مؤكِّد لسجل قائم,ASB-011,يوافق سجلًا موجودًا؛ أضيفت صفحة الموسوعة مصدرًا ثانيًا
488,41,5,https://dorar.net/tafseer/41/5,25-29,ذكر حدث,بدر,مرفوض,,ذكر عرضي للحدث في التفسير، دون بيان زمن النزول أو سببه
489,41,6,https://dorar.net/tafseer/41/6,30-36,ذكر حدث,خيبر,مرفوض,,ذكر عرضي للحدث في التفسير، دون بيان زمن النزول أو سببه
490,41,10,https://dorar.net/tafseer/41/10,52-54,ذكر حدث,بدر,مرفوض,,ذكر عرضي للحدث في التفسير، دون بيان زمن النزول أو سببه
491,42,4,https://dorar.net/tafseer/42/4,13-15,ذكر حدث,خيبر,مرفوض,,ذكر عرضي للحدث في التفسير، دون بيان زمن النزول أو سببه
492,42,4,https://dorar.net/tafseer/42/4,13-15,ذكر حدث,بنو قينقاع,مرفوض,,ذكر عرضي للحدث في التفسير، دون بيان زمن النزول أو سببه
493,42,5,https://dorar.net/tafseer/42/5,16-18,ذكر حدث,بدر,مرفوض,,ذكر عرضي للحدث في التفسير، دون بيان زمن النزول أو سببه
494,42,6,https://dorar.net/tafseer/42/6,19-24,ذكر حدث,بدر,مرفوض,,ذكر عرضي للحدث في التفسير، دون بيان زمن النزول أو سببه
495,42,6,https://dorar.net/tafseer/42/6,19-24,ذكر حدث,أحد,مرفوض,,ذكر عرضي للحدث في التفسير، دون بيان زمن النزول أو سببه
496,42,8,https://dorar.net/tafseer/42/8,29-35,ذكر حدث,بدر,مرفوض,,ذكر عرضي للحدث في التفسير، دون بيان زمن النزول أو سببه
497,42,12,https://dorar.net/tafseer/42/12,51-53,ذكر حدث,الإسراء والمعراج,مرفوض,,ذكر عرضي للحدث في التفسير، دون بيان زمن النزول أو سببه
498,43,8,https://dorar.net/tafseer/43/8,40-45,ذكر حدث,بدر,مرفوض,,ذكر عرضي للحدث في التفسير، دون بيان زمن النزول أو سببه
499,43,8,https://dorar.net/tafseer/43/8,40-45,ذكر حدث,الإسراء والمعراج,مرفوض,,ذكر عرضي للحدث في التفسير، دون بيان زمن النزول أو سببه
500,43,10,https://dorar.net/tafseer/43/10,51-56,ذكر حدث,بدر,مرفوض,,ذكر عرضي للحدث في التفسير، دون بيان زمن النزول أو سببه
501,43,11,https://dorar.net/tafseer/43/11,57-65,سبب نزول,,مقبول: ربط جديد,TAF-22,ثابت ومرتبط بحدث أو مرحلة في السيرة
502,43,12,https://dorar.net/tafseer/43/12,66-73,ذكر حدث,الإسراء والمعراج,مرفوض,,ذكر عرضي للحدث في التفسير، دون بيان زمن النزول أو سببه
503,43,13,https://dorar.net/tafseer/43/13,74-80,ذكر حدث,بدر,مرفوض,,ذكر عرضي للحدث في التفسير، دون بيان زمن النزول أو سببه
504,43,14,https://dorar.net/tafseer/43/14,81-89,ذكر حدث,بدر,مرفوض,,ذكر عرضي للحدث في التفسير، دون بيان زمن النزول أو سببه
505,44,2,https://dorar.net/tafseer/44/2,9-16,ذكر حدث,بدر,مرفوض,,ذكر عرضي للحدث في التفسير، دون بيان زمن النزول أو سببه
506,44,2,https://dorar.net/tafseer/44/2,9-16,ذكر حدث,بدر,مرفوض,,ذكر عرضي للحدث في التفسير، دون بيان زمن النزول أو سببه
507,44,4,https://dorar.net/tafseer/44/4,25-33,ذكر حدث,بدر,مرفوض,,ذكر عرضي للحدث في التفسير، دون بيان زمن النزول أو سببه
508,44,7,https://dorar.net/tafseer/44/7,51-59,ذكر حدث,فتح مكة,مرفوض,,ذكر عرضي للحدث في التفسير، دون بيان زمن النزول أو سببه
509,45,2,https://dorar.net/tafseer/45/2,7-11,ذكر حدث,الإفك,مرفوض,,ذكر عرضي للحدث في التفسير، دون بيان زمن النزول أو سببه
510,45,3,https://dorar.net/tafseer/45/3,12-15,ذكر حدث,بدر,مرفوض,,ذكر عرضي للحدث في التفسير، دون بيان زمن النزول أو سببه
511,45,3,https://dorar.net/tafseer/45/3,12-15,ذكر حدث,بنو المصطلق,مرفوض,,ذكر عرضي للحدث في التفسير، دون بيان زمن النزول أو سببه
512,46,4,https://dorar.net/tafseer/46/4,9-10,ذكر حدث,بئر معونة,مرفوض,,ذكر عرضي للحدث في التفسير، دون بيان زمن النزول أو سببه
513,46,4,https://dorar.net/tafseer/46/4,9-10,ذكر حدث,الحديبية,مؤكِّد لسجل قائم,ASB-044,يوافق سجلًا موجودًا؛ أضيفت صفحة الموسوعة مصدرًا ثانيًا
514,47,1,https://dorar.net/tafseer/47/1,1-3,ذكر حدث,بدر,مرفوض,,ذكر عرضي للحدث في التفسير، دون بيان زمن النزول أو سببه
515,47,3,https://dorar.net/tafseer/47/3,7-11,ذكر حدث,فتح مكة,مرفوض,,ذكر عرضي للحدث في التفسير، دون بيان زمن النزول أو سببه
516,47,3,https://dorar.net/tafseer/47/3,7-11,ذكر حدث,حنين,مرفوض,,ذكر عرضي للحدث في التفسير، دون بيان زمن النزول أو سببه
517,47,3,https://dorar.net/tafseer/47/3,7-11,ذكر حدث,بدر,مرفوض,,ذكر عرضي للحدث في التفسير، دون بيان زمن النزول أو سببه
518,47,3,https://dorar.net/tafseer/47/3,7-11,ذكر حدث,أحد,مرفوض,,ذكر عرضي للحدث في التفسير، دون بيان زمن النزول أو سببه
519,47,3,https://dorar.net/tafseer/47/3,7-11,ذكر حدث,الخندق,مرفوض,,ذكر عرضي للحدث في التفسير، دون بيان زمن النزول أو سببه
520,47,4,https://dorar.net/tafseer/47/4,12-15,ذكر حدث,الحديبية,مرفوض,,بصيغة التمريض (قيل)
521,47,4,https://dorar.net/tafseer/47/4,12-15,ذكر حدث,فتح مكة,مرفوض,,بصيغة التمريض (قيل)
522,47,4,https://dorar.net/tafseer/47/4,12-15,ذكر حدث,الخندق,مرفوض,,ذكر عرضي للحدث في التفسير، دون بيان زمن النزول أو سببه
523,47,5,https://dorar.net/tafseer/47/5,16-19,ذكر حدث,انشقاق القمر,مرفوض,,ذكر عرضي للحدث في التفسير، دون بيان زمن النزول أو سببه
524,47,6,https://dorar.net/tafseer/47/6,20-24,ذكر حدث,أحد,مرفوض,,ذكر عرضي للحدث في التفسير، دون بيان زمن النزول أو سببه
525,47,7,https://dorar.net/tafseer/47/7,25-28,ذكر حدث,أحد,مرفوض,,ذكر عرضي للحدث في التفسير، دون بيان زمن النزول أو سببه
526,47,9,https://dorar.net/tafseer/47/9,32-35,ذكر حدث,بدر,مرفوض,,ذكر عرضي للحدث في التفسير، دون بيان زمن النزول أو سببه
527,47,9,https://dorar.net/tafseer/47/9,32-35,ذكر حدث,بنو قريظة,مرفوض,,ذكر عرضي للحدث في التفسير، دون بيان زمن النزول أو سببه
528,47,9,https://dorar.net/tafseer/47/9,32-35,ذكر حدث,الحديبية,مرفوض,,ذكر عرضي للحدث في التفسير، دون بيان زمن النزول أو سببه
529,48,0,https://dorar.net/tafseer/48,,ذكر حدث,بيعة الرضوان,مرفوض,,ذكر عرضي للحدث في التفسير، دون بيان زمن النزول أو سببه
530,48,0,https://dorar.net/tafseer/48,,ذكر حدث,الحديبية,مرفوض,,ذكر عرضي للحدث في التفسير، دون بيان زمن النزول أو سببه
531,48,0,https://dorar.net/tafseer/48,,ذكر حدث,خيبر,مرفوض,,ذكر عرضي للحدث في التفسير، دون بيان زمن النزول أو سببه
532,48,0,https://dorar.net/tafseer/48,,ذكر حدث,فتح مكة,مرفوض,,ذكر عرضي للحدث في التفسير، دون بيان زمن النزول أو سببه
533,48,1,https://dorar.net/tafseer/48/1,1-3,ذكر حدث,بيعة الرضوان,مرفوض,,ذكر عرضي للحدث في التفسير، دون بيان زمن النزول أو سببه
534,48,1,https://dorar.net/tafseer/48/1,1-3,ذكر حدث,الحديبية,مرفوض,,ذكر عرضي للحدث في التفسير، دون بيان زمن النزول أو سببه
535,48,1,https://dorar.net/tafseer/48/1,1-3,ذكر حدث,فتح مكة,مرفوض,,ذكر عرضي للحدث في التفسير، دون بيان زمن النزول أو سببه
536,48,1,https://dorar.net/tafseer/48/1,1-3,ذكر حدث,الحديبية,مرفوض,,ذكر عرضي للحدث في التفسير، دون بيان زمن النزول أو سببه
537,48,1,https://dorar.net/tafseer/48/1,1-3,ذكر حدث,فتح مكة,مرفوض,,ذكر عرضي للحدث في التفسير، دون بيان زمن النزول أو سببه
538,48,1,https://dorar.net/tafseer/48/1,1-3,ذكر حدث,بدر,مرفوض,,ذكر عرضي للحدث في التفسير، دون بيان زمن النزول أو سببه
539,48,1,https://dorar.net/tafseer/48/1,1-3,ذكر حدث,بيعة الرضوان,مرفوض,,ذكر عرضي للحدث في التفسير، دون بيان زمن النزول أو سببه
540,48,1,https://dorar.net/tafseer/48/1,1-3,ذكر حدث,الحديبية,مرفوض,,ذكر عرضي للحدث في التفسير، دون بيان زمن النزول أو سببه
541,48,1,https://dorar.net/tafseer/48/1,1-3,ذكر حدث,خيبر,مرفوض,,ذكر عرضي للحدث في التفسير، دون بيان زمن النزول أو سببه
542,48,1,https://dorar.net/tafseer/48/1,1-3,ذكر حدث,فتح مكة,مرفوض,,ذكر عرضي للحدث في التفسير، دون بيان زمن النزول أو سببه
543,48,1,https://dorar.net/tafseer/48/1,1-3,ذكر حدث,بدر,مرفوض,,ذكر عرضي للحدث في التفسير، دون بيان زمن النزول أو سببه
544,48,2,https://dorar.net/tafseer/48/2,4-7,ذكر حدث,الحديبية,مرفوض,,ذكر عرضي للحدث في التفسير، دون بيان زمن النزول أو سببه
545,48,2,https://dorar.net/tafseer/48/2,4-7,ذكر حدث,الحديبية,مرفوض,,ذكر عرضي للحدث في التفسير، دون بيان زمن النزول أو سببه
546,48,2,https://dorar.net/tafseer/48/2,4-7,ذكر حدث,حنين,مرفوض,,ذكر عرضي للحدث في التفسير، دون بيان زمن النزول أو سببه
547,48,2,https://dorar.net/tafseer/48/2,4-7,ذكر حدث,بدر,مرفوض,,ذكر عرضي للحدث في التفسير، دون بيان زمن النزول أو سببه
548,48,2,https://dorar.net/tafseer/48/2,4-7,ذكر حدث,الخندق,مرفوض,,ذكر عرضي للحدث في التفسير، دون بيان زمن النزول أو سببه
549,48,3,https://dorar.net/tafseer/48/3,8-10,ذكر حدث,بيعة الرضوان,مرفوض,,ذكر عرضي للحدث في التفسير، دون بيان زمن النزول أو سببه
550,48,3,https://dorar.net/tafseer/48/3,8-10,ذكر حدث,الحديبية,مرفوض,,ذكر عرضي للحدث في التفسير، دون بيان زمن النزول أو سببه
551,48,4,https://dorar.net/tafseer/48/4,11-14,ذكر حدث,بيعة الرضوان,مرفوض,,ذكر عرضي للحدث في التفسير، دون بيان زمن النزول أو سببه
552,48,4,https://dorar.net/tafseer/48/4,11-14,ذكر حدث,الحديبية,مرفوض,,ذكر عرضي للحدث في التفسير، دون بيان زمن النزول أو سببه
553,48,5,https://dorar.net/tafseer/48/5,15-17,ذكر حدث,الحديبية,مرفوض,,ذكر عرضي للحدث في التفسير، دون بيان زمن النزول أو سببه
554,48,5,https://dorar.net/tafseer/48/5,15-17,ذكر حدث,خيبر,مرفوض,,ذكر عرضي للحدث في التفسير، دون بيان زمن النزول أو سببه
555,48,5,https://dorar.net/tafseer/48/5,15-17,ذكر حدث,تبوك,مرفوض,,تأريخ عام لا يحدد حدثًا
556,48,5,https://dorar.net/tafseer/48/5,15-17,ذكر حدث,الحديبية,مرفوض,,ذكر عرضي للحدث في التفسير، دون بيان زمن النزول أو سببه
557,48,5,https://dorar.net/tafseer/48/5,15-17,ذكر حدث,خيبر,مرفوض,,ذكر عرضي للحدث في التفسير، دون بيان زمن النزول أو سببه
558,48,5,https://dorar.net/tafseer/48/5,15-17,ذكر حدث,فتح مكة,مرفوض,,ذكر عرضي للحدث في التفسير، دون بيان زمن النزول أو سببه
559,48,5,https://dorar.net/tafseer/48/5,15-17,ذكر حدث,حنين,مرفوض,,ذكر عرضي للحدث في التفسير، دون بيان زمن النزول أو سببه
560,48,5,https://dorar.net/tafseer/48/5,15-17,ذكر حدث,تبوك,مرفوض,,ذكر عرضي للحدث في التفسير، دون بيان زمن النزول أو سببه
561,48,5,https://dorar.net/tafseer/48/5,15-17,ذكر حدث,الحديبية,مرفوض,,ذكر عرضي للحدث في التفسير، دون بيان زمن النزول أو سببه
562,48,5,https://dorar.net/tafseer/48/5,15-17,ذكر حدث,خيبر,مرفوض,,ذكر عرضي للحدث في التفسير، دون بيان زمن النزول أو سببه
563,48,6,https://dorar.net/tafseer/48/6,18-23,ذكر حدث,الحديبية,مرفوض,,ذكر عرضي للحدث في التفسير، دون بيان زمن النزول أو سببه
564,48,6,https://dorar.net/tafseer/48/6,18-23,ذكر حدث,خيبر,مرفوض,,تفسير مختلف فيه (المراد بالمغانم)
565,48,6,https://dorar.net/tafseer/48/6,18-23,ذكر حدث,فتح مكة,مرفوض,,ذكر عرضي للحدث في التفسير، دون بيان زمن النزول أو سببه
566,48,6,https://dorar.net/tafseer/48/6,18-23,ذكر حدث,خيبر,مرفوض,,ذكر عرضي للحدث في التفسير، دون بيان زمن النزول أو سببه
567,48,6,https://dorar.net/tafseer/48/6,18-23,ذكر حدث,الحديبية,مرفوض,,ذكر عرضي للحدث في التفسير، دون بيان زمن النزول أو سببه
568,48,6,https://dorar.net/tafseer/48/6,18-23,ذكر حدث,خيبر,مرفوض,,ذكر عرضي للحدث في التفسير، دون بيان زمن النزول أو سببه
569,48,6,https://dorar.net/tafseer/48/6,18-23,ذكر حدث,خيبر,مرفوض,,ذكر عرضي للحدث في التفسير، دون بيان زمن النزول أو سببه
570,48,6,https://dorar.net/tafseer/48/6,18-23,ذكر حدث,فتح مكة,مرفوض,,ذكر عرضي للحدث في التفسير، دون بيان زمن النزول أو سببه
571,48,6,https://dorar.net/tafseer/48/6,18-23,ذكر حدث,حنين,مرفوض,,ذكر عرضي للحدث في التفسير، دون بيان زمن النزول أو سببه
572,48,6,https://dorar.net/tafseer/48/6,18-23,ذكر حدث,أحد,مرفوض,,ذكر عرضي للحدث في التفسير، دون بيان زمن النزول أو سببه
573,48,6,https://dorar.net/tafseer/48/6,18-23,ذكر حدث,بيعة الرضوان,مرفوض,,ذكر عرضي للحدث في التفسير، دون بيان زمن النزول أو سببه
574,48,6,https://dorar.net/tafseer/48/6,18-23,ذكر حدث,الحديبية,مرفوض,,ذكر عرضي للحدث في التفسير، دون بيان زمن النزول أو سببه
575,48,6,https://dorar.net/tafseer/48/6,18-23,ذكر حدث,خيبر,مرفوض,,ذكر عرضي للحدث في التفسير، دون بيان زمن النزول أو سببه
576,48,6,https://dorar.net/tafseer/48/6,18-23,ذكر حدث,بدر,مرفوض,,ذكر عرضي للحدث في التفسير، دون بيان زمن النزول أو سببه
577,48,6,https://dorar.net/tafseer/48/6,18-23,ذكر حدث,أحد,مرفوض,,ذكر عرضي للحدث في التفسير، دون بيان زمن النزول أو سببه
578,48,7,https://dorar.net/tafseer/48/7,24-26,ذكر حدث,الحديبية,مرفوض,,ذكر عرضي للحدث في التفسير، دون بيان زمن النزول أو سببه
579,48,7,https://dorar.net/tafseer/48/7,24-26,ذكر حدث,فتح مكة,مرفوض,,ذكر عرضي للحدث في التفسير، دون بيان زمن النزول أو سببه
580,48,7,https://dorar.net/tafseer/48/7,24-26,ذكر حدث,الحديبية,مرفوض,,ذكر عرضي للحدث في التفسير، دون بيان زمن النزول أو سببه
581,48,7,https://dorar.net/tafseer/48/7,24-26,ذكر حدث,فتح مكة,مرفوض,,ذكر عرضي للحدث في التفسير، دون بيان زمن النزول أو سببه
582,48,7,https://dorar.net/tafseer/48/7,24-26,ذكر حدث,الحديبية,مرفوض,,ذكر عرضي للحدث في التفسير، دون بيان زمن النزول أو سببه
583,48,7,https://dorar.net/tafseer/48/7,24-26,ذكر حدث,فتح مكة,مرفوض,,ذكر عرضي للحدث في التفسير، دون بيان زمن النزول أو سببه
584,48,8,https://dorar.net/tafseer/48/8,27-28,ذكر حدث,الحديبية,مرفوض,,ذكر عرضي للحدث في التفسير، دون بيان زمن النزول أو سببه
585,48,8,https://dorar.net/tafseer/48/8,27-28,ذكر حدث,خيبر,مرفوض,,ذكر عرضي للحدث في التفسير، دون بيان زمن النزول أو سببه
586,48,8,https://dorar.net/tafseer/48/8,27-28,ذكر حدث,عمرة القضاء,مرفوض,,ذكر عرضي للحدث في التفسير، دون بيان زمن النزول أو سببه
587,48,8,https://dorar.net/tafseer/48/8,27-28,ذكر حدث,فتح مكة,مرفوض,,ذكر عرضي للحدث في التفسير، دون بيان زمن النزول أو سببه
588,48,8,https://dorar.net/tafseer/48/8,27-28,ذكر حدث,بيعة الرضوان,مرفوض,,ذكر عرضي للحدث في التفسير، دون بيان زمن النزول أو سببه
589,48,8,https://dorar.net/tafseer/48/8,27-28,ذكر حدث,الحديبية,مرفوض,,ذكر عرضي للحدث في التفسير، دون بيان زمن النزول أو سببه
590,48,8,https://dorar.net/tafseer/48/8,27-28,ذكر حدث,فتح مكة,مرفوض,,ذكر عرضي للحدث في التفسير، دون بيان زمن النزول أو سببه
591,48,8,https://dorar.net/tafseer/48/8,27-28,ذكر حدث,حجة الوداع,مرفوض,,ذكر عرضي للحدث في التفسير، دون بيان زمن النزول أو سببه
592,48,9,https://dorar.net/tafseer/48/9,29-29,ذكر حدث,الحديبية,مرفوض,,ذكر عرضي للحدث في التفسير، دون بيان زمن النزول أو سببه
593,49,1,https://dorar.net/tafseer/49/1,1-5,سبب نزول,,مؤكِّد لسجل قائم,ASB-051,يوافق سجلًا موجودًا؛ أضيفت صفحة الموسوعة مصدرًا ثانيًا
594,49,1,https://dorar.net/tafseer/49/1,1-5,سبب نزول,,مؤكِّد لسجل قائم,ASB-051,يوافق سجلًا موجودًا؛ أضيفت صفحة الموسوعة مصدرًا ثانيًا
595,49,1,https://dorar.net/tafseer/49/1,1-5,ذكر حدث,الحديبية,مرفوض,,ذكر عرضي للحدث في التفسير، دون بيان زمن النزول أو سببه
596,49,1,https://dorar.net/tafseer/49/1,1-5,ذكر حدث,الحبشة,مرفوض,,ذكر عرضي للحدث في التفسير، دون بيان زمن النزول أو سببه
597,49,1,https://dorar.net/tafseer/49/1,1-5,ذكر حدث,حنين,مرفوض,,ذكر عرضي للحدث في التفسير، دون بيان زمن النزول أو سببه
598,49,2,https://dorar.net/tafseer/49/2,6-8,ذكر حدث,بنو المصطلق,مرفوض,,ثابت، لكن الحدث (بعث الوليد مصدّقًا) ليس من أحداث السيرة في المشروع
599,49,2,https://dorar.net/tafseer/49/2,6-8,ذكر حدث,بنو المصطلق,مرفوض,,ذكر عرضي للحدث في التفسير، دون بيان زمن النزول أو سببه
600,49,2,https://dorar.net/tafseer/49/2,6-8,ذكر حدث,بدر,مرفوض,,ذكر عرضي للحدث في التفسير، دون بيان زمن النزول أو سببه
601,49,4,https://dorar.net/tafseer/49/4,11-13,سبب نزول,,مقبول: ربط جديد,TAF-27,ثابت ومرتبط بحدث أو مرحلة في السيرة
602,50,0,https://dorar.net/tafseer/50,,ذكر حدث,انشقاق القمر,مرفوض,,ذكر عرضي للحدث في التفسير، دون بيان زمن النزول أو سببه
603,50,4,https://dorar.net/tafseer/50/4,16-22,ذكر حدث,خيبر,مرفوض,,ذكر عرضي للحدث في التفسير، دون بيان زمن النزول أو سببه
604,50,8,https://dorar.net/tafseer/50/8,41-45,ذكر حدث,بدر,مرفوض,,ذكر عرضي للحدث في التفسير، دون بيان زمن النزول أو سببه
605,51,3,https://dorar.net/tafseer/51/3,15-19,ذكر حدث,بدر,مرفوض,,ذكر عرضي للحدث في التفسير، دون بيان زمن النزول أو سببه
606,51,6,https://dorar.net/tafseer/51/6,31-37,ذكر حدث,بدر,مرفوض,,ذكر عرضي للحدث في التفسير، دون بيان زمن النزول أو سببه
607,51,10,https://dorar.net/tafseer/51/10,56-60,ذكر حدث,بدر,مرفوض,,ذكر عرضي للحدث في التفسير، دون بيان زمن النزول أو سببه
608,52,1,https://dorar.net/tafseer/52/1,1-8,ذكر حدث,الإسراء والمعراج,مرفوض,,ذكر عرضي للحدث في التفسير، دون بيان زمن النزول أو سببه
609,52,5,https://dorar.net/tafseer/52/5,29-36,ذكر حدث,فتح مكة,مرفوض,,ذكر عرضي للحدث في التفسير، دون بيان زمن النزول أو سببه
610,52,5,https://dorar.net/tafseer/52/5,29-36,ذكر حدث,بدر,مرفوض,,ذكر عرضي للحدث في التفسير، دون بيان زمن النزول أو سببه
611,52,5,https://dorar.net/tafseer/52/5,29-36,ذكر حدث,بدر,مرفوض,,ذكر عرضي للحدث في التفسير، دون بيان زمن النزول أو سببه
612,52,7,https://dorar.net/tafseer/52/7,44-49,ذكر حدث,بدر,مرفوض,,ذكر عرضي للحدث في التفسير، دون بيان زمن النزول أو سببه
613,52,7,https://dorar.net/tafseer/52/7,44-49,ذكر حدث,بدر,مرفوض,,ذكر عرضي للحدث في التفسير، دون بيان زمن النزول أو سببه
614,52,7,https://dorar.net/tafseer/52/7,44-49,ذكر حدث,فتح مكة,مرفوض,,ذكر عرضي للحدث في التفسير، دون بيان زمن النزول أو سببه
615,52,7,https://dorar.net/tafseer/52/7,44-49,ذكر حدث,أحد,مرفوض,,ذكر عرضي للحدث في التفسير، دون بيان زمن النزول أو سببه
616,52,7,https://dorar.net/tafseer/52/7,44-49,ذكر حدث,بدر,مرفوض,,ذكر عرضي للحدث في التفسير، دون بيان زمن النزول أو سببه
617,53,1,https://dorar.net/tafseer/53/1,1-18,ذكر حدث,الإسراء والمعراج,مرفوض,,ذكر عرضي للحدث في التفسير، دون بيان زمن النزول أو سببه
618,53,1,https://dorar.net/tafseer/53/1,1-18,ذكر حدث,الإسراء والمعراج,مرفوض,,ذكر عرضي للحدث في التفسير، دون بيان زمن النزول أو سببه
619,53,1,https://dorar.net/tafseer/53/1,1-18,ذكر حدث,الإسراء والمعراج,مرفوض,,ذكر عرضي للحدث في التفسير، دون بيان زمن النزول أو سببه
620,53,1,https://dorar.net/tafseer/53/1,1-18,ذكر حدث,الإسراء والمعراج,مقبول: ربط جديد,TAF-28,ثابت ومرتبط بحدث أو مرحلة في السيرة
621,53,1,https://dorar.net/tafseer/53/1,1-18,ذكر حدث,الإسراء والمعراج,مرفوض,,ذكر عرضي للحدث في التفسير، دون بيان زمن النزول أو سببه
622,53,1,https://dorar.net/tafseer/53/1,1-18,ذكر حدث,الإسراء والمعراج,مرفوض,,ذكر عرضي للحدث في التفسير، دون بيان زمن النزول أو سببه
623,53,1,https://dorar.net/tafseer/53/1,1-18,ذكر حدث,الإسراء والمعراج,مرفوض,,ذكر عرضي للحدث في التفسير، دون بيان زمن النزول أو سببه
624,53,1,https://dorar.net/tafseer/53/1,1-18,ذكر حدث,تبوك,مرفوض,,ذكر عرضي للحدث في التفسير، دون بيان زمن النزول أو سببه
625,53,1,https://dorar.net/tafseer/53/1,1-18,ذكر حدث,الإسراء والمعراج,مرفوض,,ذكر عرضي للحدث في التفسير، دون بيان زمن النزول أو سببه
626,53,1,https://dorar.net/tafseer/53/1,1-18,ذكر حدث,بدر,مرفوض,,ذكر عرضي للحدث في التفسير، دون بيان زمن النزول أو سببه
627,53,2,https://dorar.net/tafseer/53/2,19-25,ذكر حدث,الحبشة,مرفوض,,ذكر عرضي للحدث في التفسير، دون بيان زمن النزول أو سببه
628,53,4,https://dorar.net/tafseer/53/4,33-55,ذكر حدث,خيبر,مرفوض,,ذكر عرضي للحدث في التفسير، دون بيان زمن النزول أو سببه
629,54,0,https://dorar.net/tafseer/54,,ذكر حدث,انشقاق القمر,مرفوض,,ذكر عرضي للحدث في التفسير، دون بيان زمن النزول أو سببه
630,54,1,https://dorar.net/tafseer/54/1,1-8,ذكر حدث,انشقاق القمر,مرفوض,,ذكر عرضي للحدث في التفسير، دون بيان زمن النزول أو سببه
631,54,1,https://dorar.net/tafseer/54/1,1-8,سبب نزول,انشقاق القمر,مقبول: ربط جديد,TAF-29,ثابت ومرتبط بحدث أو مرحلة في السيرة
632,54,1,https://dorar.net/tafseer/54/1,1-8,ذكر حدث,انشقاق القمر,مرفوض,,ذكر عرضي للحدث في التفسير، دون بيان زمن النزول أو سببه
633,54,1,https://dorar.net/tafseer/54/1,1-8,ذكر حدث,انشقاق القمر,مرفوض,,ذكر عرضي للحدث في التفسير، دون بيان زمن النزول أو سببه
634,54,1,https://dorar.net/tafseer/54/1,1-8,ذكر حدث,انشقاق القمر,مرفوض,,ذكر عرضي للحدث في التفسير، دون بيان زمن النزول أو سببه
635,54,3,https://dorar.net/tafseer/54/3,18-22,ذكر حدث,بدر,مرفوض,,ذكر عرضي للحدث في التفسير، دون بيان زمن النزول أو سببه
636,54,6,https://dorar.net/tafseer/54/6,41-46,ذكر حدث,بدر,مرفوض,,ذكر عرضي للحدث في التفسير، دون بيان زمن النزول أو سببه
637,54,6,https://dorar.net/tafseer/54/6,41-46,ذكر حدث,بدر,مرفوض,,ذكر عرضي للحدث في التفسير، دون بيان زمن النزول أو سببه
638,54,7,https://dorar.net/tafseer/54/7,47-55,سبب نزول,,مقبول: ربط جديد,TAF-30,ثابت ومرتبط بحدث أو مرحلة في السيرة
639,54,7,https://dorar.net/tafseer/54/7,47-55,ذكر حدث,بدر,مرفوض,,ذكر عرضي للحدث في التفسير، دون بيان زمن النزول أو سببه
640,56,1,https://dorar.net/tafseer/56/1,1-9,ذكر حدث,الإسراء والمعراج,مرفوض,,ذكر عرضي للحدث في التفسير، دون بيان زمن النزول أو سببه
641,56,8,https://dorar.net/tafseer/56/8,83-96,ذكر حدث,الإسراء والمعراج,مرفوض,,ذكر عرضي للحدث في التفسير، دون بيان زمن النزول أو سببه
642,57,0,https://dorar.net/tafseer/57,,ذكر حدث,الحديبية,مرفوض,,ذكر عرضي للحدث في التفسير، دون بيان زمن النزول أو سببه
643,57,0,https://dorar.net/tafseer/57,,ذكر حدث,فتح مكة,مرفوض,,ذكر عرضي للحدث في التفسير، دون بيان زمن النزول أو سببه
644,57,1,https://dorar.net/tafseer/57/1,1-6,ذكر حدث,حجة الوداع,مرفوض,,ذكر عرضي للحدث في التفسير، دون بيان زمن النزول أو سببه
645,57,2,https://dorar.net/tafseer/57/2,7-11,ذكر حدث,الحديبية,مرفوض,,ذكر عرضي للحدث في التفسير، دون بيان زمن النزول أو سببه
646,57,2,https://dorar.net/tafseer/57/2,7-11,ذكر حدث,فتح مكة,مرفوض,,ذكر عرضي للحدث في التفسير، دون بيان زمن النزول أو سببه
647,57,2,https://dorar.net/tafseer/57/2,7-11,ذكر حدث,الحديبية,مرفوض,,ذكر عرضي للحدث في التفسير، دون بيان زمن النزول أو سببه
648,57,2,https://dorar.net/tafseer/57/2,7-11,ذكر حدث,فتح مكة,مرفوض,,ذكر عرضي للحدث في التفسير، دون بيان زمن النزول أو سببه
649,57,2,https://dorar.net/tafseer/57/2,7-11,ذكر حدث,تبوك,مرفوض,,ذكر عرضي للحدث في التفسير، دون بيان زمن النزول أو سببه
650,57,4,https://dorar.net/tafseer/57/4,16-19,سبب نزول,,مرفوض,,لا يرتبط بحدث أو مرحلة محددة في السيرة
651,58,1,https://dorar.net/tafseer/58/1,1-4,سبب نزول,,مرفوض,,لا يرتبط بحدث أو مرحلة محددة في السيرة
652,58,3,https://dorar.net/tafseer/58/3,8-10,سبب نزول,,مرفوض,,لا يرتبط بحدث أو مرحلة محددة في السيرة
653,58,5,https://dorar.net/tafseer/58/5,14-19,سبب نزول,,مرفوض,,لا يرتبط بحدث أو مرحلة محددة في السيرة
654,58,5,https://dorar.net/tafseer/58/5,14-19,سبب نزول,,مرفوض,,لا يرتبط بحدث أو مرحلة محددة في السيرة
655,59,0,https://dorar.net/tafseer/59,,ذكر حدث,بنو النضير,مقبول: ربط جديد,TAF-31,ثابت ومرتبط بحدث أو مرحلة في السيرة
656,59,1,https://dorar.net/tafseer/59/1,1-4,ذكر حدث,بنو النضير,مقبول: ربط جديد,TAF-31,ثابت ومرتبط بحدث أو مرحلة في السيرة
657,59,1,https://dorar.net/tafseer/59/1,1-4,ذكر حدث,خيبر,مرفوض,,ذكر عرضي للحدث في التفسير، دون بيان زمن النزول أو سببه
658,59,1,https://dorar.net/tafseer/59/1,1-4,ذكر حدث,بدر,مرفوض,,ذكر عرضي للحدث في التفسير، دون بيان زمن النزول أو سببه
659,59,1,https://dorar.net/tafseer/59/1,1-4,ذكر حدث,بنو النضير,مرفوض,,ذكر عرضي للحدث في التفسير، دون بيان زمن النزول أو سببه
660,59,1,https://dorar.net/tafseer/59/1,1-4,ذكر حدث,بنو قريظة,مقبول: ربط جديد,TAF-31,ثابت ومرتبط بحدث أو مرحلة في السيرة
661,59,1,https://dorar.net/tafseer/59/1,1-4,ذكر حدث,بنو النضير,مرفوض,,ذكر عرضي للحدث في التفسير، دون بيان زمن النزول أو سببه
662,59,1,https://dorar.net/tafseer/59/1,1-4,ذكر حدث,خيبر,مرفوض,,ذكر عرضي للحدث في التفسير، دون بيان زمن النزول أو سببه
663,59,1,https://dorar.net/tafseer/59/1,1-4,ذكر حدث,بنو النضير,مرفوض,,ذكر عرضي للحدث في التفسير، دون بيان زمن النزول أو سببه
664,59,1,https://dorar.net/tafseer/59/1,1-4,ذكر حدث,بنو قريظة,مرفوض,,ذكر عرضي للحدث في التفسير، دون بيان زمن النزول أو سببه
665,59,2,https://dorar.net/tafseer/59/2,5-7,ذكر حدث,بنو النضير,مرفوض,,ذكر عرضي للحدث في التفسير، دون بيان زمن النزول أو سببه
666,59,2,https://dorar.net/tafseer/59/2,5-7,سبب نزول,بنو النضير,مؤكِّد لسجل قائم,ASB-036,يوافق سجلًا موجودًا؛ أضيفت صفحة الموسوعة مصدرًا ثانيًا
667,59,2,https://dorar.net/tafseer/59/2,5-7,ذكر حدث,بنو النضير,مرفوض,,ذكر عرضي للحدث في التفسير، دون بيان زمن النزول أو سببه
668,59,2,https://dorar.net/tafseer/59/2,5-7,ذكر حدث,بنو النضير,مرفوض,,ذكر عرضي للحدث في التفسير، دون بيان زمن النزول أو سببه
669,59,2,https://dorar.net/tafseer/59/2,5-7,ذكر حدث,بنو قريظة,مرفوض,,ذكر عرضي للحدث في التفسير، دون بيان زمن النزول أو سببه
670,59,3,https://dorar.net/tafseer/59/3,8-10,ذكر حدث,بنو النضير,مرفوض,,ذكر عرضي للحدث في التفسير، دون بيان زمن النزول أو سببه
671,59,3,https://dorar.net/tafseer/59/3,8-10,ذكر حدث,بنو النضير,مرفوض,,ذكر عرضي للحدث في التفسير، دون بيان زمن النزول أو سببه
672,59,3,https://dorar.net/tafseer/59/3,8-10,سبب نزول,,مرفوض,,لا يرتبط بحدث أو مرحلة محددة في السيرة
673,59,3,https://dorar.net/tafseer/59/3,8-10,ذكر حدث,فتح مكة,مرفوض,,ذكر عرضي للحدث في التفسير، دون بيان زمن النزول أو سببه
674,59,3,https://dorar.net/tafseer/59/3,8-10,ذكر حدث,بنو النضير,مرفوض,,ذكر عرضي للحدث في التفسير، دون بيان زمن النزول أو سببه
675,59,4,https://dorar.net/tafseer/59/4,11-13,ذكر حدث,بنو النضير,مرفوض,,ذكر عرضي للحدث في التفسير، دون بيان زمن النزول أو سببه
676,59,4,https://dorar.net/tafseer/59/4,11-13,ذكر حدث,بنو قريظة,مرفوض,,ذكر عرضي للحدث في التفسير، دون بيان زمن النزول أو سببه
677,59,4,https://dorar.net/tafseer/59/4,11-13,ذكر حدث,خيبر,مرفوض,,ذكر عرضي للحدث في التفسير، دون بيان زمن النزول أو سببه
678,59,4,https://dorar.net/tafseer/59/4,11-13,ذكر حدث,بنو النضير,مرفوض,,ذكر عرضي للحدث في التفسير، دون بيان زمن النزول أو سببه
679,59,4,https://dorar.net/tafseer/59/4,11-13,ذكر حدث,بنو قريظة,مرفوض,,ذكر عرضي للحدث في التفسير، دون بيان زمن النزول أو سببه
680,59,4,https://dorar.net/tafseer/59/4,11-13,ذكر حدث,بنو النضير,مرفوض,,ذكر عرضي للحدث في التفسير، دون بيان زمن النزول أو سببه
681,59,5,https://dorar.net/tafseer/59/5,14-17,ذكر حدث,بنو قينقاع,مرفوض,,ذكر عرضي للحدث في التفسير، دون بيان زمن النزول أو سببه
682,59,5,https://dorar.net/tafseer/59/5,14-17,ذكر حدث,بنو النضير,مرفوض,,ذكر عرضي للحدث في التفسير، دون بيان زمن النزول أو سببه
683,59,5,https://dorar.net/tafseer/59/5,14-17,ذكر حدث,بدر,مرفوض,,ذكر عرضي للحدث في التفسير، دون بيان زمن النزول أو سببه
684,59,5,https://dorar.net/tafseer/59/5,14-17,ذكر حدث,بنو قينقاع,مرفوض,,ذكر عرضي للحدث في التفسير، دون بيان زمن النزول أو سببه
685,59,5,https://dorar.net/tafseer/59/5,14-17,ذكر حدث,بنو النضير,مرفوض,,ذكر عرضي للحدث في التفسير، دون بيان زمن النزول أو سببه
686,59,5,https://dorar.net/tafseer/59/5,14-17,ذكر حدث,بنو النضير,مرفوض,,ذكر عرضي للحدث في التفسير، دون بيان زمن النزول أو سببه
687,59,6,https://dorar.net/tafseer/59/6,18-21,ذكر حدث,بنو النضير,مرفوض,,ذكر عرضي للحدث في التفسير، دون بيان زمن النزول أو سببه
688,59,7,https://dorar.net/tafseer/59/7,22-24,ذكر حدث,بنو النضير,مرفوض,,ذكر عرضي للحدث في التفسير، دون بيان زمن النزول أو سببه
689,59,7,https://dorar.net/tafseer/59/7,22-24,ذكر حدث,بنو النضير,مرفوض,,ذكر عرضي للحدث في التفسير، دون بيان زمن النزول أو سببه
690,60,1,https://dorar.net/tafseer/60/1,1-3,ذكر حدث,الحديبية,مرفوض,,اختيار تفسيري لا يحدد الحدث
691,60,1,https://dorar.net/tafseer/60/1,1-3,ذكر حدث,فتح مكة,مؤكِّد لسجل قائم,ASB-049,يوافق سجلًا موجودًا؛ أضيفت صفحة الموسوعة مصدرًا ثانيًا
692,60,1,https://dorar.net/tafseer/60/1,1-3,سبب نزول,الحديبية، فتح مكة,مؤكِّد لسجل قائم,ASB-049,يوافق سجلًا موجودًا؛ أضيفت صفحة الموسوعة مصدرًا ثانيًا
693,60,3,https://dorar.net/tafseer/60/3,7-9,ذكر حدث,حنين,مرفوض,,ذكر عرضي للحدث في التفسير، دون بيان زمن النزول أو سببه
694,60,3,https://dorar.net/tafseer/60/3,7-9,ذكر حدث,فتح مكة,مرفوض,,ذكر عرضي للحدث في التفسير، دون بيان زمن النزول أو سببه
695,60,4,https://dorar.net/tafseer/60/4,10-11,ذكر حدث,الحديبية,مؤكِّد لسجل قائم,ASB-047,يوافق سجلًا موجودًا؛ أضيفت صفحة الموسوعة مصدرًا ثانيًا
696,60,4,https://dorar.net/tafseer/60/4,10-11,سبب نزول,الحديبية,مؤكِّد لسجل قائم,ASB-047,يوافق سجلًا موجودًا؛ أضيفت صفحة الموسوعة مصدرًا ثانيًا
697,60,4,https://dorar.net/tafseer/60/4,10-11,ذكر حدث,الحديبية,مؤكِّد لسجل قائم,ASB-047,يوافق سجلًا موجودًا؛ أضيفت صفحة الموسوعة مصدرًا ثانيًا
698,61,1,https://dorar.net/tafseer/61/1,1-4,سبب نزول,,مرفوض,,لا يرتبط بحدث أو مرحلة محددة في السيرة
699,61,1,https://dorar.net/tafseer/61/1,1-4,ذكر حدث,أحد,مرفوض,,ذكر عرضي للحدث في التفسير، دون بيان زمن النزول أو سببه
700,61,2,https://dorar.net/tafseer/61/2,5-6,ذكر حدث,أحد,مرفوض,,ذكر عرضي للحدث في التفسير، دون بيان زمن النزول أو سببه
701,61,4,https://dorar.net/tafseer/61/4,10-13,ذكر حدث,فتح مكة,مرفوض,,ذكر عرضي للحدث في التفسير، دون بيان زمن النزول أو سببه
702,61,4,https://dorar.net/tafseer/61/4,10-13,ذكر حدث,أحد,مرفوض,,ذكر عرضي للحدث في التفسير، دون بيان زمن النزول أو سببه
703,61,5,https://dorar.net/tafseer/61/5,14-14,ذكر حدث,الخندق,مرفوض,,ذكر عرضي للحدث في التفسير، دون بيان زمن النزول أو سببه
704,62,3,https://dorar.net/tafseer/62/3,9-11,سبب نزول,,مؤكِّد لسجل قائم,ASB-079,يوافق سجلًا موجودًا؛ أضيفت صفحة الموسوعة مصدرًا ثانيًا
705,63,1,https://dorar.net/tafseer/63/1,1-3,سبب نزول,,مؤكِّد لسجل قائم,ASB-040,يوافق سجلًا موجودًا؛ أضيفت صفحة الموسوعة مصدرًا ثانيًا
706,63,1,https://dorar.net/tafseer/63/1,1-3,ذكر حدث,تبوك,مرفوض,,ذكر عرضي للحدث في التفسير، دون بيان زمن النزول أو سببه
707,63,3,https://dorar.net/tafseer/63/3,7-8,ذكر حدث,بنو المصطلق,مرفوض,,ذكر عرضي للحدث في التفسير، دون بيان زمن النزول أو سببه
708,63,3,https://dorar.net/tafseer/63/3,7-8,ذكر حدث,تبوك,مرفوض,,ذكر عرضي للحدث في التفسير، دون بيان زمن النزول أو سببه
709,63,3,https://dorar.net/tafseer/63/3,7-8,ذكر حدث,بدر,مرفوض,,ذكر عرضي للحدث في التفسير، دون بيان زمن النزول أو سببه
710,63,3,https://dorar.net/tafseer/63/3,7-8,ذكر حدث,بنو المصطلق,مرفوض,,ذكر عرضي للحدث في التفسير، دون بيان زمن النزول أو سببه
711,63,3,https://dorar.net/tafseer/63/3,7-8,ذكر حدث,الخندق,مرفوض,,ذكر عرضي للحدث في التفسير، دون بيان زمن النزول أو سببه
712,63,3,https://dorar.net/tafseer/63/3,7-8,سبب نزول,,مؤكِّد لسجل قائم,ASB-040,يوافق سجلًا موجودًا؛ أضيفت صفحة الموسوعة مصدرًا ثانيًا
713,64,5,https://dorar.net/tafseer/64/5,14-18,ذكر حدث,الحبشة,مرفوض,,ذكر عرضي للحدث في التفسير، دون بيان زمن النزول أو سببه
714,65,2,https://dorar.net/tafseer/65/2,4-5,ذكر حدث,حجة الوداع,مرفوض,,ذكر عرضي للحدث في التفسير، دون بيان زمن النزول أو سببه
715,66,1,https://dorar.net/tafseer/66/1,1-5,سبب نزول,,مؤكِّد لسجل قائم,ASB-084,يوافق سجلًا موجودًا؛ أضيفت صفحة الموسوعة مصدرًا ثانيًا
716,66,1,https://dorar.net/tafseer/66/1,1-5,ذكر حدث,بدر,مرفوض,,ذكر عرضي للحدث في التفسير، دون بيان زمن النزول أو سببه
717,66,2,https://dorar.net/tafseer/66/2,6-9,ذكر حدث,بيعة الرضوان,مرفوض,,ذكر عرضي للحدث في التفسير، دون بيان زمن النزول أو سببه
718,66,2,https://dorar.net/tafseer/66/2,6-9,ذكر حدث,الهجرة,مرفوض,,ذكر عرضي للحدث في التفسير، دون بيان زمن النزول أو سببه
719,66,3,https://dorar.net/tafseer/66/3,10-12,ذكر حدث,فتح مكة,مرفوض,,ذكر عرضي للحدث في التفسير، دون بيان زمن النزول أو سببه
720,66,3,https://dorar.net/tafseer/66/3,10-12,ذكر حدث,الإفك,مرفوض,,ذكر عرضي للحدث في التفسير، دون بيان زمن النزول أو سببه
721,67,1,https://dorar.net/tafseer/67/1,1-5,ذكر حدث,الإسراء والمعراج,مرفوض,,ذكر عرضي للحدث في التفسير، دون بيان زمن النزول أو سببه
722,67,6,https://dorar.net/tafseer/67/6,23-27,ذكر حدث,بدر,مرفوض,,ذكر عرضي للحدث في التفسير، دون بيان زمن النزول أو سببه
723,68,1,https://dorar.net/tafseer/68/1,1-7,ذكر حدث,فتح مكة,مرفوض,,ذكر عرضي للحدث في التفسير، دون بيان زمن النزول أو سببه
724,68,1,https://dorar.net/tafseer/68/1,1-7,ذكر حدث,بدر,مرفوض,,ذكر عرضي للحدث في التفسير، دون بيان زمن النزول أو سببه
725,68,2,https://dorar.net/tafseer/68/2,8-16,ذكر حدث,بدر,مرفوض,,ذكر عرضي للحدث في التفسير، دون بيان زمن النزول أو سببه
726,68,3,https://dorar.net/tafseer/68/3,17-33,ذكر حدث,بدر,مرفوض,,ذكر عرضي للحدث في التفسير، دون بيان زمن النزول أو سببه
727,69,1,https://dorar.net/tafseer/69/1,1-8,ذكر حدث,بدر,مرفوض,,ذكر عرضي للحدث في التفسير، دون بيان زمن النزول أو سببه
728,72,1,https://dorar.net/tafseer/72/1,1-7,سبب نزول,,مؤكِّد لسجل قائم,ASB-013,يوافق سجلًا موجودًا؛ أضيفت صفحة الموسوعة مصدرًا ثانيًا
729,72,4,https://dorar.net/tafseer/72/4,14-17,ذكر حدث,الهجرة,مرفوض,,ذكر عرضي للحدث في التفسير، دون بيان زمن النزول أو سببه
730,72,5,https://dorar.net/tafseer/72/5,18-24,ذكر حدث,بدر,مرفوض,,ذكر عرضي للحدث في التفسير، دون بيان زمن النزول أو سببه
731,73,2,https://dorar.net/tafseer/73/2,10-14,ذكر حدث,بدر,مرفوض,,ذكر عرضي للحدث في التفسير، دون بيان زمن النزول أو سببه
732,74,1,https://dorar.net/tafseer/74/1,1-10,سبب نزول,,مؤكِّد لسجل قائم,ASB-002,يوافق سجلًا موجودًا؛ أضيفت صفحة الموسوعة مصدرًا ثانيًا
733,74,3,https://dorar.net/tafseer/74/3,31-31,ذكر حدث,خيبر,مرفوض,,ذكر عرضي للحدث في التفسير، دون بيان زمن النزول أو سببه
734,75,3,https://dorar.net/tafseer/75/3,16-19,سبب نزول,,مرفوض,,لا يرتبط بحدث أو مرحلة محددة في السيرة
735,77,3,https://dorar.net/tafseer/77/3,16-24,ذكر حدث,بدر,مرفوض,,ذكر عرضي للحدث في التفسير، دون بيان زمن النزول أو سببه
736,78,6,https://dorar.net/tafseer/78/6,37-40,ذكر حدث,بدر,مرفوض,,ذكر عرضي للحدث في التفسير، دون بيان زمن النزول أو سببه
737,80,1,https://dorar.net/tafseer/80/1,1-16,سبب نزول,,مقبول: ربط جديد,TAF-32,ثابت ومرتبط بحدث أو مرحلة في السيرة
738,81,2,https://dorar.net/tafseer/81/2,15-29,ذكر حدث,الإسراء والمعراج,مرفوض,,استظهار (الظاهر) لا يحدد حدثًا
739,83,1,https://dorar.net/tafseer/83/1,1-6,سبب نزول,,مقبول: ربط جديد,TAF-33,ثابت ومرتبط بحدث أو مرحلة في السيرة
740,90,1,https://dorar.net/tafseer/90/1,1-10,ذكر حدث,فتح مكة,مرفوض,,ذكر عرضي للحدث في التفسير، دون بيان زمن النزول أو سببه
741,90,2,https://dorar.net/tafseer/90/2,11-20,ذكر حدث,الإسراء والمعراج,مرفوض,,ذكر عرضي للحدث في التفسير، دون بيان زمن النزول أو سببه
742,91,2,https://dorar.net/tafseer/91/2,11-15,ذكر حدث,بدر,مرفوض,,ذكر عرضي للحدث في التفسير، دون بيان زمن النزول أو سببه
743,93,1,https://dorar.net/tafseer/93/1,1-11,سبب نزول,,مؤكِّد لسجل قائم,ASB-015,يوافق سجلًا موجودًا؛ أضيفت صفحة الموسوعة مصدرًا ثانيًا
744,93,1,https://dorar.net/tafseer/93/1,1-11,ذكر حدث,فتح مكة,مرفوض,,ذكر عرضي للحدث في التفسير، دون بيان زمن النزول أو سببه
745,93,1,https://dorar.net/tafseer/93/1,1-11,ذكر حدث,بدر,مرفوض,,ذكر عرضي للحدث في التفسير، دون بيان زمن النزول أو سببه
746,94,1,https://dorar.net/tafseer/94/1,1-8,ذكر حدث,الإسراء والمعراج,مرفوض,,ذكر عرضي للحدث في التفسير، دون بيان زمن النزول أو سببه
747,96,2,https://dorar.net/tafseer/96/2,6-19,سبب نزول,,مؤكِّد لسجل قائم,ASB-008,يوافق سجلًا موجودًا؛ أضيفت صفحة الموسوعة مصدرًا ثانيًا
748,96,2,https://dorar.net/tafseer/96/2,6-19,ذكر حدث,بدر,مرفوض,,ذكر عرضي للحدث في التفسير، دون بيان زمن النزول أو سببه
749,98,1,https://dorar.net/tafseer/98/1,1-5,ذكر حدث,بنو المصطلق,مرفوض,,ذكر عرضي للحدث في التفسير، دون بيان زمن النزول أو سببه
750,100,1,https://dorar.net/tafseer/100/1,1-11,ذكر حدث,بدر,مرفوض,,ذكر عرضي للحدث في التفسير، دون بيان زمن النزول أو سببه
751,105,1,https://dorar.net/tafseer/105/1,1-5,ذكر حدث,الحبشة,مرفوض,,ذكر عرضي للحدث في التفسير، دون بيان زمن النزول أو سببه
752,105,1,https://dorar.net/tafseer/105/1,1-5,ذكر حدث,فتح مكة,مرفوض,,ذكر عرضي للحدث في التفسير، دون بيان زمن النزول أو سببه
753,106,1,https://dorar.net/tafseer/106/1,1-4,ذكر حدث,الحبشة,مرفوض,,ذكر عرضي للحدث في التفسير، دون بيان زمن النزول أو سببه
754,108,1,https://dorar.net/tafseer/108/1,1-3,ذكر حدث,حجة الوداع,مرفوض,,ذكر عرضي للحدث في التفسير، دون بيان زمن النزول أو سببه
755,108,1,https://dorar.net/tafseer/108/1,1-3,ذكر حدث,الحديبية,مرفوض,,ذكر عرضي للحدث في التفسير، دون بيان زمن النزول أو سببه
756,110,1,https://dorar.net/tafseer/110/1,1-3,ذكر حدث,فتح مكة,مرفوض,,ذكر عرضي للحدث في التفسير، دون بيان زمن النزول أو سببه
757,110,1,https://dorar.net/tafseer/110/1,1-3,ذكر حدث,فتح مكة,مرفوض,,ذكر عرضي للحدث في التفسير، دون بيان زمن النزول أو سببه
758,110,1,https://dorar.net/tafseer/110/1,1-3,ذكر حدث,فتح مكة,مرفوض,,ذكر عرضي للحدث في التفسير، دون بيان زمن النزول أو سببه
759,110,1,https://dorar.net/tafseer/110/1,1-3,ذكر حدث,بدر,مرفوض,,ذكر عرضي للحدث في التفسير، دون بيان زمن النزول أو سببه
760,111,1,https://dorar.net/tafseer/111/1,1-5,سبب نزول,,مؤكِّد لسجل قائم,ASB-006,يوافق سجلًا موجودًا؛ أضيفت صفحة الموسوعة مصدرًا ثانيًا
761,113,1,https://dorar.net/tafseer/113/1,1-5,سبب نزول,,مرفوض,,لا يرتبط بحدث أو مرحلة محددة في السيرة
