المصطلح,English,لا_تستخدم,ملاحظة
النبي ﷺ,the Prophet ﷺ,,
رسول الله ﷺ,the Messenger of Allah ﷺ,,
رضي الله عنه / عنها / عنهما,"(may Allah be pleased with him / her / them both)",,
جبريل عليه السلام,Jibril (peace be upon him),Gabriel؛Jibreel,
القرآن,the Quran,Qur'an؛Koran,
سورة,"Surah, as in Surah al-Baqarah",Surat؛Sura,
مكة,Makkah,Mecca؛Makka,
المدينة,Madinah,Medina؛Madina؛Medinah,
الطائف,Ta'if,Taif,
الكعبة,the Kaaba,Ka'bah؛Ka'ba؛Kabah,
الحديبية,al-Hudaybiyah,Hudaybiyyah؛Hudaibiya؛Hudaibiyah,
الحبشة,Abyssinia,,The historical name used throughout
النجاشي,the Negus (al-Najashi),Najjashi,al-Najashi is the title of the kings of Abyssinia
الهجرة,the Hijrah,Hegira؛Hijra,
الأنصار,the Ansar,Anṣār,
قريش,Quraysh,Quraish؛Koraysh,
عائشة رضي الله عنها,Aishah,'A'ishah؛A'ishah؛Aisha؛Ayesha,
أبو بكر الصديق رضي الله عنه,Abu Bakr al-Siddiq,Aboo Bakr,Dorar's own English spells it Aboo; that stays inside Dorar quotes only
عبد المطلب,Abd al-Muttalib,Abdul-Muttalib؛Abdul-Mutallab؛Abd-al-Muttalib,
ابن / بن (في الأسماء),ibn,bin,
أم المؤمنين,Mother of the Believers,,
المفسرون,the commentators,exegetes,
صحيح البخاري,Sahih al-Bukhari,,
صحيح مسلم,Sahih Muslim,,
الدرر السنية,Dorar,,
الصفا / المروة,al-Safa / al-Marwah,,
أحد,Uhud,Ohod,
بدر / خيبر / حنين / تبوك / مؤتة,Badr / Khaybar / Hunayn / Tabuk / Mu'tah,,
