المعرف,النوع,رقم_حدث_الدرر,من_lat,من_lon,إلى_lat,إلى_lon,الاسم,Name_EN,النتيجة,الخلاصة,Summary_EN,الشاهد,الشاهد_EN,المصدر,الرابط,ملاحظة,Note_EN
letter_caesar,رسالة,106,24.4672,39.6111,31.7761,35.2358,دحية بن خليفة الكلبي إلى قيصر ملك الروم,"Dihyah ibn Khalifah al-Kalbi to Caesar, king of the Byzantines",لم يسلم,قرأ الكتاب ولم يسلم,Read the letter and did not accept Islam,فقَرأ الكِتابَ ولم يُسْلِمْ,who read the letter and yet he did not embrace Islam,الدرر السنية · حدث 106,https://dorar.net/history/event/106,كان قيصر بإيلياء (بيت المقدس)، ففي صحيح البخاري 7: «فَأَتَوْهُ وَهُمْ بِإِيلِيَاءَ»,"Caesar was at Iliya (Jerusalem): Sahih al-Bukhari 7 says Abu Sufyan's party ""went to Heraclius at Ilya""."
letter_kisra,رسالة,106,24.4672,39.6111,34.3,47.6,عبد الله بن حذافة السهمي إلى كسرى ملك الفرس,"Abd Allah ibn Hudhafah al-Sahmi to Chosroes, king of the Persians",لم يسلم,مزّق الكتاب,Tore the letter apart,فلمَّا قُرِئَ الكِتابُ عليه مَزَّقَهُ,"when the letter was read to him, he tore it",الدرر السنية · حدث 106,https://dorar.net/history/event/106,يسمّي المصدر الملك لا مدينته؛ ينتهي الخط عند اسم الفرس على الخريطة,"The source names the king, not his city; the line ends at the label for Persia."
letter_najashi,رسالة,106,24.4672,39.6111,14.1211,38.7234,عمرو بن أمية الضمري إلى النجاشي ملك الحبشة,"Amr ibn Umayyah al-Damri to the Negus, king of Abyssinia",أكرم الكتاب,أخذ الكتاب ووضعه على عينه,Took the letter and placed it on his eye,أَخَذهُ ووَضعَهُ على عَينِه، ونزَل عن سَريرهِ على الأرضِ,he took it and placed it on his eye and came down from his couch onto the floor,الدرر السنية · حدث 106,https://dorar.net/history/event/106,يسمّي المصدر الملك لا مدينته؛ ينتهي الخط عند أكسوم,"The source names the king, not his city; the line ends at Aksum."
letter_muqawqis,رسالة,106,24.4672,39.6111,31.2001,29.9187,حاطب بن أبي بلتعة إلى المقوقس ملك الإسكندرية,"Hatib ibn Abi Balta'ah to al-Muqawqis, ruler of Alexandria",لم يسلم,حفظ الكتاب وردّ بكتاب وهدية، ولم يسلم,"Kept the letter and sent back a letter and gifts, but did not accept Islam","فجَعلهُ في حُقِّ مِن عاجٍ، وختَم عليه، ثم كتَب إلى رسولِ الله صلى الله عليه وسلم كِتابًا, ولم يُسْلِمْ","put it into the cavity of ivory, and sealed it, then he wrote to the Messenger of Allah ﷺ a letter, though he did not accept Islam",الدرر السنية · حدث 106,https://dorar.net/history/event/106,,
letter_oman,رسالة,106,24.4672,39.6111,22.4,57.3,عمرو بن العاص إلى جيفر وعبّاد ابني الجلندى ملكي عُمان,"Amr ibn al-As to Jayfar and Abbad, sons of al-Julanda, kings of Oman",أسلم,أجابا إلى الإسلام,Both accepted Islam,فأجابا إلى الإسلامِ جميعًا، وصدَّقا النَّبيَّ صلى الله عليه وسلم,They all answered the call of Islam and believed in the Prophet ﷺ.,الدرر السنية · حدث 106,https://dorar.net/history/event/106,ينتهي الخط عند اسم الإقليم؛ لا يسمّي المصدر المدينة,The line ends at the region's name; the source does not name the town.
letter_hawdhah,رسالة,106,24.4672,39.6111,23.6,46.6,سليط بن عمرو إلى هوذة بن علي الحنفي ملك اليمامة,"Salit ibn Amr to Hawdhah ibn Ali al-Hanafi, king of al-Yamamah",لم يسلم,ردّ ردًّا دون ردّ، وطلب بعض الأمر,Gave a half answer and asked for a share of the rule,فرَدَّ عليه رَدًّا دون رَدٍّ,He responded below the expected response,الدرر السنية · حدث 106,https://dorar.net/history/event/106,ينتهي الخط عند اسم الإقليم؛ لا يسمّي المصدر المدينة,The line ends at the region's name; the source does not name the town.
letter_mundhir,رسالة,106,24.4672,39.6111,25.0,49.4,العلاء بن الحضرمي إلى المنذر بن ساوى ملك البحرين,"Al-Ala ibn al-Hadrami to al-Mundhir ibn Sawa, king of al-Bahrayn",أسلم,أسلم لما أتاه الكتاب,Accepted Islam when the letter reached him,فلمَّا أَتاهُ كِتابُ رسولِ الله صلى الله عليه وسلم أَسلمَ,"When the letter of the Messenger of Allah ﷺ reached him, he readily accepted Islam.",الدرر السنية · حدث 106,https://dorar.net/history/event/106,ينتهي الخط عند اسم الإقليم؛ لا يسمّي المصدر المدينة,The line ends at the region's name; the source does not name the town.
letter_ghassani,رسالة,106,24.4672,39.6111,33.4,37.4,شجاع بن وهب إلى الحارث بن أبي شمر الغساني ملك تخوم الشام,"Shuja ibn Wahb to al-Harith ibn Abi Shimr al-Ghassani, king of the borders of al-Sham",لم يسلم,رمى بالكتاب ولم يسلم,Threw the letter away and did not accept Islam,فلمَّا بلَغهُ الكِتابُ رَمى به,"When the letter reached him, he threw it away",الدرر السنية · حدث 106,https://dorar.net/history/event/106,يقول المصدر «مَلِكِ تُخومِ الشَّامِ»؛ ينتهي الخط عند اسم الشام,"The source says ""king of the borders of al-Sham""; the line ends at the label for al-Sham."
letter_himyari,رسالة,106,24.4672,39.6111,15.4,45.3,المهاجر بن أبي أمية إلى الحارث بن عبد كلال الحميري ملك اليمن,"Al-Muhajir ibn Abi Umayyah to al-Harith ibn Abd Kulal al-Himyari, king of Yemen",أسلم,أسلم هو وأخواه,He and his two brothers accepted Islam,وقد أَسلمَ هو وأَخواهُ جميعًا,who accepted Islam alongside both of his brothers,الدرر السنية · حدث 106,https://dorar.net/history/event/106,ينتهي الخط عند اسم الإقليم؛ لا يسمّي المصدر المدينة,The line ends at the region's name; the source does not name the town.
delegation_yemen,وفد,135,15.4,45.3,24.4672,39.6111,ناس من أهل اليمن,People of Yemen,أسلم,قبلوا البشرى,Accepted the good tidings,فَجَاءَ نَاسٌ مِنْ أَهْلِ الْيَمَنِ … قَالُوا قَدْ قَبِلْنَا يَا رَسُولَ اللَّهِ,"Then some people from Yemen came … They said, ""We accept them, O Allah's Messenger (ﷺ)!""",صحيح البخاري 4386,https://sunnah.com/bukhari:4386,لا يذكر الحديث السنة؛ يُعرض مع عام الوفود (9 هـ) تقريبًا؛ يبدأ الخط من اسم الإقليم,The hadith does not give the year; it is shown with the Year of Delegations (9 AH) as an approximation. The line starts at the region's name.
delegation_hanifah,وفد,135,23.6,46.6,24.4672,39.6111,وفد بني حنيفة مع مسيلمة,The delegation of Banu Hanifah with Musaylimah,لم يسلم,اشترط مسيلمة الأمر من بعده فلم يُعطه,Musaylimah asked to rule after him and was refused,قَدِمَ مُسَيْلِمَةُ الْكَذَّابُ عَلَى عَهْدِ رَسُولِ اللَّهِ صلى الله عليه وسلم فَجَعَلَ يَقُولُ إِنْ جَعَلَ لِي مُحَمَّدٌ مِنْ بَعْدِهِ تَبِعْتُهُ … وَقَدِمَهَا فِي بَشَرٍ كَثِيرٍ مِنْ قَوْمِهِ … لَوْ سَأَلْتَنِي هَذِهِ الْقِطْعَةَ مَا أَعْطَيْتُكَهَا,"Musailima Al-Kadhdhab came during the lifetime of the Prophet (ﷺ) and started saying, ""If Muhammad gives me the rule after him, I will follow him."" … And he came to Medina with a great number of the people of his tribe.",صحيح البخاري 4373,https://sunnah.com/bukhari:4373,لا يذكر الحديث السنة؛ يُعرض مع عام الوفود (9 هـ) تقريبًا. وفي صحيح البخاري 4375 أنه «صَاحِبَ الْيَمَامَةِ»، فيبدأ الخط من اليمامة,"The hadith does not give the year; it is shown with the Year of Delegations (9 AH) as an approximation. Sahih al-Bukhari 4375 calls him ""the ruler of al-Yamamah"", so the line starts there."
delegation_najran,وفد,141,17.4924,44.1277,24.4672,39.6111,وفد نصارى نجران,The Christians of Najran,صلح,صالحهم على الجزية وجعل لهم ذمة,Made peace with them on the jizyah and gave them protection,وكان بينها وَفْدُ نَصارى نَجْرانَ … وصالَحَهُم على الجِزْيَةِ، وجعَل لهم ذِمَّةً,One of these delegates was the Christians of Najraan,الدرر السنية · حدث 141,https://dorar.net/history/event/141,في صحيح البخاري 4380: «جَاءَ الْعَاقِبُ وَالسَّيِّدُ صَاحِبَا نَجْرَانَ إِلَى رَسُولِ اللَّهِ صلى الله عليه وسلم»,"Sahih al-Bukhari 4380: ""Al-`Aqib and Saiyid, the rulers of Najran, came to Allah's Messenger (ﷺ)""."
