المعرف,النوع,الاسم,Name_EN,lat,lon,الحجم,الدوران,ملاحظة,حدث_بلوغ_الإسلام,شاهد_بلوغ_الإسلام,ملاحظة_بلوغ_الإسلام,Note_EN,Reach_Note_EN
hijaz,إقليم,الحجاز,al-Hijaz,25.6,38.9,كبير,-62,موقع تقريبي للتوجيه فقط,14,كان أوَّلَ مَنْ آمنَ بالله ورسولِه,,"Approximate position, for orientation only",
tihamah,إقليم,تهامة,Tihamah,18.6,41.9,متوسط,-58,موقع تقريبي للتوجيه فقط,135,فلمَّا كانت وَقعةُ أهلِ الفَتحِ بادَر كُلُّ قومٍ بإسلامِهم,عام الوفود (9 هـ): بادرت قبائل العرب بالإسلام بعد فتح مكة. حكم عام في الجزيرة، لا يسمّي المصدر هذا الموضع بعينه,"Approximate position, for orientation only",Year of Delegations (9 AH): the Arab tribes hastened to accept Islam after the Conquest of Makkah. A general statement about the peninsula; the source does not name this place
najd,إقليم,نجد,Najd,25.4,43.6,كبير,0,موقع تقريبي للتوجيه فقط,135,فلمَّا كانت وَقعةُ أهلِ الفَتحِ بادَر كُلُّ قومٍ بإسلامِهم,عام الوفود (9 هـ): بادرت قبائل العرب بالإسلام بعد فتح مكة. حكم عام في الجزيرة، لا يسمّي المصدر هذا الموضع بعينه,"Approximate position, for orientation only",Year of Delegations (9 AH): the Arab tribes hastened to accept Islam after the Conquest of Makkah. A general statement about the peninsula; the source does not name this place
yamamah,إقليم,اليمامة,al-Yamamah,23.6,46.6,متوسط,0,موقع تقريبي للتوجيه فقط,89,ثم جاءه فأسلَمَ,أسلم ثمامة بن أثال سيد بني حنيفة,"Approximate position, for orientation only","Thumamah ibn Uthal, chief of Banu Hanifah, accepted Islam"
bahrayn,إقليم,البحرين,al-Bahrayn,25.0,49.4,متوسط,-60,اسم الإقليم الشرقي من جزيرة العرب يومئذ؛ موقع تقريبي,106,مَلكِ البَحريْنِ فلمَّا أَتاهُ كِتابُ رسولِ الله صلى الله عليه وسلم أَسلم,أسلم المنذر بن ساوى ملك البحرين لما جاءه كتاب النبي ﷺ (7 هـ),The name then of the eastern region of Arabia; approximate position,"Al-Mundhir ibn Sawa, king of al-Bahrayn, accepted Islam when the Prophet's ﷺ letter reached him (7 AH)"
yemen,إقليم,اليمن,Yemen,15.4,45.3,كبير,0,موقع تقريبي للتوجيه فقط,106,وقد أَسلمَ هو وأَخواهُ جميعًا,أسلم الحارث بن عبد كلال ملك اليمن وأخواه لما جاءه كتاب النبي ﷺ (7 هـ),"Approximate position, for orientation only","Al-Harith ibn Abd Kulal, king of Yemen, and his two brothers accepted Islam when the Prophet's ﷺ letter reached him (7 AH)"
oman,إقليم,عُمان,Oman,22.4,57.3,متوسط,0,موقع تقريبي للتوجيه فقط,106,فأجابا إلى الإسلامِ جميعًا,أجاب جيفر وعبّاد ابنا الجلندى ملكا عُمان إلى الإسلام لما جاءهما كتاب النبي ﷺ مع عمرو بن العاص (7 هـ),"Approximate position, for orientation only","Jayfar and Abbad, sons of al-Julanda, kings of Oman, accepted Islam when the Prophet's ﷺ letter reached them with Amr ibn al-As (7 AH)"
sham,إقليم,الشام,al-Sham,33.4,37.4,كبير,0,موقع تقريبي للتوجيه فقط,,,,"Approximate position, for orientation only",
iraq,إقليم,العراق,Iraq,32.3,45.0,كبير,0,موقع تقريبي للتوجيه فقط,,,,"Approximate position, for orientation only",
rum,قوة,الروم,The Byzantines,34.4,34.1,متوسط,0,كانت الشام تحت حكم الروم في عهد النبوة,,,,Al-Sham was under Byzantine rule in the time of the Prophet ﷺ,
furs,قوة,الفرس,The Persians,34.3,47.6,متوسط,0,كان العراق تحت حكم الفرس في عهد النبوة,,,,Iraq was under Persian rule in the time of the Prophet ﷺ,
habasha,قوة,الحبشة,Abyssinia,12.4,37.2,متوسط,0,موقع تقريبي للتوجيه فقط,17,فنزلنا بخيرِ دارٍ إلى خيرِ جارٍ، أَمَّنَّا على دين,هاجر إليها المسلمون,"Approximate position, for orientation only",The Muslims emigrated there
qulzum,بحر,بحر القلزم (البحر الأحمر),The Red Sea,20.6,38.9,متوسط,61,,,,,,
rum_sea,بحر,بحر الروم,The Mediterranean,33.2,32.7,صغير,0,,,,,,
furs_sea,بحر,بحر فارس (الخليج),The Gulf,27.6,50.6,صغير,-40,,,,,,
