المعرف,الاقتباس,الآيات,Translation_EN,Ayah_EN,الجزء,المترجم,الرابط
ASB-002,يَا أَيُّهَا الْمُدَّثِّرُ,74:1,"O you who covers himself [with a garment],","O you who covers himself [with a garment],",,Sahih International,https://quranpedia.net/embed?surah=74&ayah=1&type=translations
ASB-005,وَأَنْذِرْ عَشِيرَتَكَ الْأَقْرَبِينَ,26:214,"And warn, [O Muḥammad], your closest kindred.","And warn, [O Muḥammad], your closest kindred.",,Sahih International,https://quranpedia.net/embed?surah=26&ayah=214&type=translations
ASB-007,وَلَا تَطْرُدِ الَّذِينَ يَدْعُونَ رَبَّهُمْ بِالْغَدَاةِ وَالْعَشِيِّ يُرِيدُونَ وَجْهَهُ,6:52,"And do not send away those who call upon their Lord morning and afternoon, seeking His face [i.e., favor]. Not upon you is anything of their account and not upon them is anything of your account. So were you to send them away, you would [then] be of the wrongdoers.","And do not send away those who call upon their Lord morning and afternoon, seeking His face [i.e., favor]. Not upon you is anything of their account and not upon them is anything of your account. So were you to send them away, you would [then] be of the wrongdoers.",,Sahih International,https://quranpedia.net/embed?surah=6&ayah=52&type=translations
ASB-012,قُلْ يَا عِبَادِيَ الَّذِينَ أَسْرَفُوا عَلَىٰ أَنْفُسِهِمْ لَا تَقْنَطُوا مِنْ رَحْمَةِ اللَّهِ,39:53,"Say, ""O My servants who have transgressed against themselves [by sinning], do not despair of the mercy of Allāh. Indeed, Allāh forgives all sins. Indeed, it is He who is the Forgiving, the Merciful.""","Say, ""O My servants who have transgressed against themselves [by sinning], do not despair of the mercy of Allāh. Indeed, Allāh forgives all sins. Indeed, it is He who is the Forgiving, the Merciful.""",,Sahih International,https://quranpedia.net/embed?surah=39&ayah=53&type=translations
ASB-013,قُلْ أُوحِيَ إِلَيَّ أَنَّهُ اسْتَمَعَ نَفَرٌ مِنَ الْجِنِّ,72:1,"Say, [O Muḥammad], ""It has been revealed to me that a group of the jinn listened and said, 'Indeed, we have heard an amazing Qur’ān [i.e., recitation].","Say, [O Muḥammad], ""It has been revealed to me that a group of the jinn listened and said, 'Indeed, we have heard an amazing Qur’ān [i.e., recitation].",,Sahih International,https://quranpedia.net/embed?surah=72&ayah=1&type=translations
ASB-014,إِنَّكَ لَا تَهْدِي مَنْ أَحْبَبْتَ,28:56,"Indeed, [O Muḥammad], you do not guide whom you like, but Allāh guides whom He wills. And He is most knowing of the [rightly] guided.","Indeed, [O Muḥammad], you do not guide whom you like, but Allāh guides whom He wills. And He is most knowing of the [rightly] guided.",,Sahih International,https://quranpedia.net/embed?surah=28&ayah=56&type=translations
ASB-015,وَالضُّحَىٰ ۝ وَاللَّيْلِ إِذَا سَجَىٰ ۝ مَا وَدَّعَكَ رَبُّكَ وَمَا قَلَىٰ,93:1–3,"(1) By the morning brightness (2) And [by] the night when it covers with darkness, (3) Your Lord has not taken leave of you, [O Muḥammad], nor has He detested [you].","(1) By the morning brightness (2) And [by] the night when it covers with darkness, (3) Your Lord has not taken leave of you, [O Muḥammad], nor has He detested [you].",,Sahih International,https://quranpedia.net/embed?surah=93&ayah=1-3&type=translations
ASB-018,لَرَادُّكَ إِلَىٰ مَعَادٍ,28:85,"Indeed, [O Muḥammad], He who imposed upon you the Qur’ān will take you back to a place of return. Say, ""My Lord is most knowing of who brings guidance and who is in clear error.""","Indeed, [O Muḥammad], He who imposed upon you the Qur’ān will take you back to a place of return. Say, ""My Lord is most knowing of who brings guidance and who is in clear error.""",,Sahih International,https://quranpedia.net/embed?surah=28&ayah=85&type=translations
ASB-020,مَنْ كَانَ عَدُوًّا لِجِبْرِيلَ فَإِنَّهُ نَزَّلَهُ عَلَىٰ قَلْبِكَ بِإِذْنِ اللَّهِ,2:97,"Say, ""Whoever is an enemy to Gabriel - it is [none but] he who has brought it [i.e., the Qur’ān] down upon your heart, [O Muḥammad], by permission of Allāh, confirming that which was before it and as guidance and good tidings for the believers.""","Say, ""Whoever is an enemy to Gabriel - it is [none but] he who has brought it [i.e., the Qur’ān] down upon your heart, [O Muḥammad], by permission of Allāh, confirming that which was before it and as guidance and good tidings for the believers.""",,Sahih International,https://quranpedia.net/embed?surah=2&ayah=97&type=translations
ASB-021,وَلِكُلٍّ جَعَلْنَا مَوَالِيَ,4:33,"And for all, We have made heirs to what is left by parents and relatives. And to those whom your oaths have bound [to you] - give them their share. Indeed Allāh is ever, over all things, a Witness.","And for all, We have made heirs to what is left by parents and relatives. And to those whom your oaths have bound [to you] - give them their share. Indeed Allāh is ever, over all things, a Witness.",,Sahih International,https://quranpedia.net/embed?surah=4&ayah=33&type=translations
ASB-022,قَدْ نَرَىٰ تَقَلُّبَ وَجْهِكَ فِي السَّمَاءِ,2:144,"We have certainly seen the turning of your face, [O Muḥammad], toward the heaven, and We will surely turn you to a qiblah with which you will be pleased. So turn your face [i.e., yourself] toward al-Masjid al-Ḥarām. And wherever you [believers] are, turn your faces [i.e., yourselves] toward it [in prayer]. Indeed, those who have been given the Scripture [i.e., the Jews and the Christians] well know that it is the truth from their Lord. And Allāh is not unaware of what they do.","We have certainly seen the turning of your face, [O Muḥammad], toward the heaven, and We will surely turn you to a qiblah with which you will be pleased. So turn your face [i.e., yourself] toward al-Masjid al-Ḥarām. And wherever you [believers] are, turn your faces [i.e., yourselves] toward it [in prayer]. Indeed, those who have been given the Scripture [i.e., the Jews and the Christians] well know that it is the truth from their Lord. And Allāh is not unaware of what they do.",,Sahih International,https://quranpedia.net/embed?surah=2&ayah=144&type=translations
ASB-022,وَمَا كَانَ اللَّهُ لِيُضِيعَ إِيمَانَكُمْ,2:143,"And thus We have made you a median [i.e., just] community that you will be witnesses over the people and the Messenger will be a witness over you. And We did not make the qiblah which you used to face except that We might make evident who would follow the Messenger from who would turn back on his heels. And indeed, it is difficult except for those whom Allāh has guided. And never would Allāh have caused you to lose your faith [i.e., your previous prayers]. Indeed Allāh is, to the people, Kind and Merciful.","And thus We have made you a median [i.e., just] community that you will be witnesses over the people and the Messenger will be a witness over you. And We did not make the qiblah which you used to face except that We might make evident who would follow the Messenger from who would turn back on his heels. And indeed, it is difficult except for those whom Allāh has guided. And never would Allāh have caused you to lose your faith [i.e., your previous prayers]. Indeed Allāh is, to the people, Kind and Merciful.",,Sahih International,https://quranpedia.net/embed?surah=2&ayah=143&type=translations
ASB-023,وَعَلَى الَّذِينَ يُطِيقُونَهُ فِدْيَةٌ طَعَامُ مِسْكِينٍ,2:184,"[Fasting for] a limited number of days. So whoever among you is ill or on a journey [during them] - then an equal number of other days [are to be made up]. And upon those who are able [to fast, but with hardship] - a ransom [as substitute] of feeding a poor person [each day]. And whoever volunteers good [i.e., excess] - it is better for him. But to fast is best for you, if you only knew.","[Fasting for] a limited number of days. So whoever among you is ill or on a journey [during them] - then an equal number of other days [are to be made up]. And upon those who are able [to fast, but with hardship] - a ransom [as substitute] of feeding a poor person [each day]. And whoever volunteers good [i.e., excess] - it is better for him. But to fast is best for you, if you only knew.",,Sahih International,https://quranpedia.net/embed?surah=2&ayah=184&type=translations
ASB-024,أُحِلَّ لَكُمْ لَيْلَةَ الصِّيَامِ الرَّفَثُ إِلَىٰ نِسَائِكُمْ,2:187,"It has been made permissible for you the night preceding fasting to go to your wives [for sexual relations]. They are a clothing for you and you are a clothing for them. Allāh knows that you used to deceive yourselves, so He accepted your repentance and forgave you. So now, have relations with them and seek that which Allāh has decreed for you [i.e., offspring]. And eat and drink until the white thread of dawn becomes distinct to you from the black thread [of night]. Then complete the fast until the night [i.e., sunset]. And do not have relations with them as long as you are staying for worship in the mosques. These are the limits [set by] Allāh, so do not approach them. Thus does Allāh make clear His verses [i.e., ordinances] to the people that they may become righteous.","It has been made permissible for you the night preceding fasting to go to your wives [for sexual relations]. They are a clothing for you and you are a clothing for them. Allāh knows that you used to deceive yourselves, so He accepted your repentance and forgave you. So now, have relations with them and seek that which Allāh has decreed for you [i.e., offspring]. And eat and drink until the white thread of dawn becomes distinct to you from the black thread [of night]. Then complete the fast until the night [i.e., sunset]. And do not have relations with them as long as you are staying for worship in the mosques. These are the limits [set by] Allāh, so do not approach them. Thus does Allāh make clear His verses [i.e., ordinances] to the people that they may become righteous.",,Sahih International,https://quranpedia.net/embed?surah=2&ayah=187&type=translations
ASB-026,يَسْأَلُونَكَ عَنِ الْأَنْفَالِ,8:1,"They ask you, [O Muḥammad], about the bounties [of war]. Say, ""The [decision concerning] bounties is for Allāh and the Messenger."" So fear Allāh and amend that which is between you and obey Allāh and His Messenger, if you should be believers.","They ask you, [O Muḥammad], about the bounties [of war]. Say, ""The [decision concerning] bounties is for Allāh and the Messenger."" So fear Allāh and amend that which is between you and obey Allāh and His Messenger, if you should be believers.",,Sahih International,https://quranpedia.net/embed?surah=8&ayah=1&type=translations
ASB-027,إِذْ تَسْتَغِيثُونَ رَبَّكُمْ فَاسْتَجَابَ لَكُمْ,8:9,"[Remember] when you were asking help of your Lord, and He answered you, ""Indeed, I will reinforce you with a thousand from the angels, following one another.""","[Remember] when you were asking help of your Lord, and He answered you, ""Indeed, I will reinforce you with a thousand from the angels, following one another.""",,Sahih International,https://quranpedia.net/embed?surah=8&ayah=9&type=translations
ASB-027,مَا كَانَ لِنَبِيٍّ أَنْ يَكُونَ لَهُ أَسْرَىٰ حَتَّىٰ يُثْخِنَ فِي الْأَرْضِ,8:67,"It is not for a prophet to have captives [of war] until he inflicts a massacre [upon Allāh's enemies] in the land. You [i.e., some Muslims] desire the commodities of this world, but Allāh desires [for you] the Hereafter. And Allāh is Exalted in Might and Wise.","It is not for a prophet to have captives [of war] until he inflicts a massacre [upon Allāh's enemies] in the land. You [i.e., some Muslims] desire the commodities of this world, but Allāh desires [for you] the Hereafter. And Allāh is Exalted in Might and Wise.",,Sahih International,https://quranpedia.net/embed?surah=8&ayah=67&type=translations
ASB-028,إِنْ يَكُنْ مِنْكُمْ عِشْرُونَ صَابِرُونَ يَغْلِبُوا مِائَتَيْنِ,8:65,"O Prophet, urge the believers to battle. If there are among you twenty [who are] steadfast, they will overcome two hundred. And if there are among you one hundred [who are steadfast], they will overcome a thousand of those who have disbelieved because they are a people who do not understand.","O Prophet, urge the believers to battle. If there are among you twenty [who are] steadfast, they will overcome two hundred. And if there are among you one hundred [who are steadfast], they will overcome a thousand of those who have disbelieved because they are a people who do not understand.",,Sahih International,https://quranpedia.net/embed?surah=8&ayah=65&type=translations
ASB-030,لَا يَسْتَوِي الْقَاعِدُونَ مِنَ الْمُؤْمِنِينَ,4:95,Not equal are those believers remaining [at home],"Not equal are those believers remaining [at home] - other than the disabled - and the mujāhideen, [who strive and fight] in the cause of Allāh with their wealth and their lives. Allāh has preferred the mujāhideen through their wealth and their lives over those who remain [behind], by degrees. And to all [i.e., both] Allāh has promised the best [reward]. But Allāh has preferred the mujāhideen over those who remain [behind] with a great reward -",جزء من الآية,Sahih International,https://quranpedia.net/embed?surah=4&ayah=95&type=translations
ASB-030,غَيْرُ أُولِي الضَّرَرِ,4:95,"Not equal are those believers remaining [at home] - other than the disabled - and the mujāhideen, [who strive and fight] in the cause of Allāh with their wealth and their lives. Allāh has preferred the mujāhideen through their wealth and their lives over those who remain [behind], by degrees. And to all [i.e., both] Allāh has promised the best [reward]. But Allāh has preferred the mujāhideen over those who remain [behind] with a great reward -","Not equal are those believers remaining [at home] - other than the disabled - and the mujāhideen, [who strive and fight] in the cause of Allāh with their wealth and their lives. Allāh has preferred the mujāhideen through their wealth and their lives over those who remain [behind], by degrees. And to all [i.e., both] Allāh has promised the best [reward]. But Allāh has preferred the mujāhideen over those who remain [behind] with a great reward -",,Sahih International,https://quranpedia.net/embed?surah=4&ayah=95&type=translations
ASB-031,إِذْ هَمَّتْ طَائِفَتَانِ مِنْكُمْ أَنْ تَفْشَلَا,3:122,"When two parties among you were about to lose courage, but Allāh was their ally; and upon Allāh the believers should rely.","When two parties among you were about to lose courage, but Allāh was their ally; and upon Allāh the believers should rely.",,Sahih International,https://quranpedia.net/embed?surah=3&ayah=122&type=translations
ASB-031,وَاللَّهُ وَلِيُّهُمَا,3:122,"When two parties among you were about to lose courage, but Allāh was their ally; and upon Allāh the believers should rely.","When two parties among you were about to lose courage, but Allāh was their ally; and upon Allāh the believers should rely.",,Sahih International,https://quranpedia.net/embed?surah=3&ayah=122&type=translations
ASB-032,لَيْسَ لَكَ مِنَ الْأَمْرِ شَيْءٌ,3:128,"Not for you, [O Muḥammad, but for Allāh], is the decision whether He should [cut them down] or forgive them or punish them, for indeed, they are wrongdoers.","Not for you, [O Muḥammad, but for Allāh], is the decision whether He should [cut them down] or forgive them or punish them, for indeed, they are wrongdoers.",,Sahih International,https://quranpedia.net/embed?surah=3&ayah=128&type=translations
ASB-033,فَمَا لَكُمْ فِي الْمُنَافِقِينَ فِئَتَيْنِ,4:88,"What is [the matter] with you [that you are] two groups concerning the hypocrites, while Allāh has made them fall back [into error and disbelief] for what they earned. Do you wish to guide those whom Allāh has sent astray? And he whom Allāh sends astray - never will you find for him a way [of guidance].","What is [the matter] with you [that you are] two groups concerning the hypocrites, while Allāh has made them fall back [into error and disbelief] for what they earned. Do you wish to guide those whom Allāh has sent astray? And he whom Allāh sends astray - never will you find for him a way [of guidance].",,Sahih International,https://quranpedia.net/embed?surah=4&ayah=88&type=translations
ASB-036,مَا قَطَعْتُمْ مِنْ لِينَةٍ أَوْ تَرَكْتُمُوهَا قَائِمَةً عَلَىٰ أُصُولِهَا فَبِإِذْنِ اللَّهِ,59:5,Whatever you have cut down of [their] palm trees or left standing on their trunks - it was by permission of Allāh and so He would disgrace the defiantly disobedient.,Whatever you have cut down of [their] palm trees or left standing on their trunks - it was by permission of Allāh and so He would disgrace the defiantly disobedient.,,Sahih International,https://quranpedia.net/embed?surah=59&ayah=5&type=translations
ASB-037,لَيْسَ عَلَى الَّذِينَ آمَنُوا وَعَمِلُوا الصَّالِحَاتِ جُنَاحٌ فِيمَا طَعِمُوا,5:93,"There is not upon those who believe and do righteousness [any] blame concerning what they have eaten [in the past] if they [now] fear Allāh and believe and do righteous deeds, and then fear Allāh and believe, and then fear Allāh and do good; and Allāh loves the doers of good.","There is not upon those who believe and do righteousness [any] blame concerning what they have eaten [in the past] if they [now] fear Allāh and believe and do righteous deeds, and then fear Allāh and believe, and then fear Allāh and do good; and Allāh loves the doers of good.",,Sahih International,https://quranpedia.net/embed?surah=5&ayah=93&type=translations
ASB-038,ادْعُوهُمْ لِآبَائِهِمْ,33:5,Call them by [the names of] their fathers; it is more just in the sight of Allāh. But if you do not know their fathers - then they are [still] your brothers in religion and those entrusted to you. And there is no blame upon you for that in which you have erred but [only for] what your hearts intended. And ever is Allāh Forgiving and Merciful.,Call them by [the names of] their fathers; it is more just in the sight of Allāh. But if you do not know their fathers - then they are [still] your brothers in religion and those entrusted to you. And there is no blame upon you for that in which you have erred but [only for] what your hearts intended. And ever is Allāh Forgiving and Merciful.,,Sahih International,https://quranpedia.net/embed?surah=33&ayah=5&type=translations
ASB-043,وَلَا يَأْتَلِ أُولُو الْفَضْلِ مِنْكُمْ وَالسَّعَةِ,24:22,"And let not those of virtue among you and wealth swear not to give [aid] to their relatives and the needy and the emigrants for the cause of Allāh, and let them pardon and overlook. Would you not like that Allāh should forgive you? And Allāh is Forgiving and Merciful.","And let not those of virtue among you and wealth swear not to give [aid] to their relatives and the needy and the emigrants for the cause of Allāh, and let them pardon and overlook. Would you not like that Allāh should forgive you? And Allāh is Forgiving and Merciful.",,Sahih International,https://quranpedia.net/embed?surah=24&ayah=22&type=translations
ASB-045,وَهُوَ الَّذِي كَفَّ أَيْدِيَهُمْ عَنْكُمْ وَأَيْدِيَكُمْ عَنْهُمْ بِبَطْنِ مَكَّةَ,48:24,"And it is He who withheld their hands from you and your hands from them within [the area of] Makkah after He caused you to overcome them. And ever is Allāh, of what you do, Seeing.","And it is He who withheld their hands from you and your hands from them within [the area of] Makkah after He caused you to overcome them. And ever is Allāh, of what you do, Seeing.",,Sahih International,https://quranpedia.net/embed?surah=48&ayah=24&type=translations
ASB-046,فَفِدْيَةٌ مِنْ صِيَامٍ أَوْ صَدَقَةٍ أَوْ نُسُكٍ,2:196,"And complete the ḥajj and ʿumrah for Allāh. But if you are prevented, then [offer] what can be obtained with ease of sacrificial animals. And do not shave your heads until the sacrificial animal has reached its place of slaughter. And whoever among you is ill or has an ailment of the head [making shaving necessary must offer] a ransom of fasting [three days] or charity or sacrifice. And when you are secure, then whoever performs ʿumrah [during the ḥajj months] followed by ḥajj [offers] what can be obtained with ease of sacrificial animals. And whoever cannot find [or afford such an animal] - then a fast of three days during ḥajj and of seven when you have returned [home]. Those are ten complete [days]. This is for those whose family is not in the area of al-Masjid al-Ḥarām. And fear Allāh and know that Allāh is severe in penalty.","And complete the ḥajj and ʿumrah for Allāh. But if you are prevented, then [offer] what can be obtained with ease of sacrificial animals. And do not shave your heads until the sacrificial animal has reached its place of slaughter. And whoever among you is ill or has an ailment of the head [making shaving necessary must offer] a ransom of fasting [three days] or charity or sacrifice. And when you are secure, then whoever performs ʿumrah [during the ḥajj months] followed by ḥajj [offers] what can be obtained with ease of sacrificial animals. And whoever cannot find [or afford such an animal] - then a fast of three days during ḥajj and of seven when you have returned [home]. Those are ten complete [days]. This is for those whose family is not in the area of al-Masjid al-Ḥarām. And fear Allāh and know that Allāh is severe in penalty.",,Sahih International,https://quranpedia.net/embed?surah=2&ayah=196&type=translations
ASB-049,يَا أَيُّهَا الَّذِينَ آمَنُوا لَا تَتَّخِذُوا عَدُوِّي وَعَدُوَّكُمْ أَوْلِيَاءَ,60:1,"O you who have believed, do not take My enemies and your enemies as allies, extending to them affection while they have disbelieved in what came to you of the truth, having driven out the Prophet and yourselves [only] because you believe in Allāh, your Lord. If you have come out for jihād [i.e., fighting or striving] in My cause and seeking means to My approval, [take them not as friends]. You confide to them affection [i.e., instruction], but I am most knowing of what you have concealed and what you have declared. And whoever does it among you has certainly strayed from the soundness of the way.","O you who have believed, do not take My enemies and your enemies as allies, extending to them affection while they have disbelieved in what came to you of the truth, having driven out the Prophet and yourselves [only] because you believe in Allāh, your Lord. If you have come out for jihād [i.e., fighting or striving] in My cause and seeking means to My approval, [take them not as friends]. You confide to them affection [i.e., instruction], but I am most knowing of what you have concealed and what you have declared. And whoever does it among you has certainly strayed from the soundness of the way.",,Sahih International,https://quranpedia.net/embed?surah=60&ayah=1&type=translations
ASB-053,الَّذِينَ يَلْمِزُونَ الْمُطَّوِّعِينَ مِنَ الْمُؤْمِنِينَ فِي الصَّدَقَاتِ,9:79,"Those who criticize the contributors among the believers concerning [their] charities and [criticize] the ones who find nothing [to spend] except their effort, so they ridicule them - Allāh will ridicule them, and they will have a painful punishment.","Those who criticize the contributors among the believers concerning [their] charities and [criticize] the ones who find nothing [to spend] except their effort, so they ridicule them - Allāh will ridicule them, and they will have a painful punishment.",,Sahih International,https://quranpedia.net/embed?surah=9&ayah=79&type=translations
ASB-055,وَلَا تُصَلِّ عَلَىٰ أَحَدٍ مِنْهُمْ مَاتَ أَبَدًا,9:84,"And do not pray [the funeral prayer, O Muḥammad], over any of them who has died - ever - or stand at his grave. Indeed, they disbelieved in Allāh and His Messenger and died while they were defiantly disobedient.","And do not pray [the funeral prayer, O Muḥammad], over any of them who has died - ever - or stand at his grave. Indeed, they disbelieved in Allāh and His Messenger and died while they were defiantly disobedient.",,Sahih International,https://quranpedia.net/embed?surah=9&ayah=84&type=translations
ASB-061,إِنَّ الصَّفَا وَالْمَرْوَةَ مِنْ شَعَائِرِ اللَّهِ,2:158,"Indeed, aṣ-Ṣafā and al-Marwah are among the symbols of Allāh. So whoever makes ḥajj [pilgrimage] to the House or performs ʿumrah - there is no blame upon him for walking between them. And whoever volunteers good - then indeed, Allāh is Appreciative and Knowing.","Indeed, aṣ-Ṣafā and al-Marwah are among the symbols of Allāh. So whoever makes ḥajj [pilgrimage] to the House or performs ʿumrah - there is no blame upon him for walking between them. And whoever volunteers good - then indeed, Allāh is Appreciative and Knowing.",,Sahih International,https://quranpedia.net/embed?surah=2&ayah=158&type=translations
ASB-070,إِنَّ الَّذِينَ يَشْتَرُونَ بِعَهْدِ اللَّهِ وَأَيْمَانِهِمْ ثَمَنًا قَلِيلًا,3:77,"Indeed, those who exchange the covenant of Allāh and their [own] oaths for a small price will have no share in the Hereafter, and Allāh will not speak to them or look at them on the Day of Resurrection, nor will He purify them; and they will have a painful punishment.","Indeed, those who exchange the covenant of Allāh and their [own] oaths for a small price will have no share in the Hereafter, and Allāh will not speak to them or look at them on the Day of Resurrection, nor will He purify them; and they will have a painful punishment.",,Sahih International,https://quranpedia.net/embed?surah=3&ayah=77&type=translations
ASB-080,وَلَا تَحْسَبَنَّ الَّذِينَ قُتِلُوا فِي سَبِيلِ اللَّهِ أَمْوَاتًا,3:169,"And never think of those who have been killed in the cause of Allāh as dead. Rather, they are alive with their Lord, receiving provision,","And never think of those who have been killed in the cause of Allāh as dead. Rather, they are alive with their Lord, receiving provision,",,Sahih International,https://quranpedia.net/embed?surah=3&ayah=169&type=translations
ASB-082,تُرْجِي مَنْ تَشَاءُ مِنْهُنَّ وَتُؤْوِي إِلَيْكَ مَنْ تَشَاءُ,33:51,"You, [O Muḥammad], may put aside whom you will of them or take to yourself whom you will. And any that you desire of those [wives] from whom you had [temporarily] separated - there is no blame upon you [in returning her]. That is more suitable that they should be content and not grieve and that they should be satisfied with what you have given them - all of them. And Allāh knows what is in your hearts. And ever is Allāh Knowing and Forbearing.","You, [O Muḥammad], may put aside whom you will of them or take to yourself whom you will. And any that you desire of those [wives] from whom you had [temporarily] separated - there is no blame upon you [in returning her]. That is more suitable that they should be content and not grieve and that they should be satisfied with what you have given them - all of them. And Allāh knows what is in your hearts. And ever is Allāh Knowing and Forbearing.",,Sahih International,https://quranpedia.net/embed?surah=33&ayah=51&type=translations
ASB-084,يَا أَيُّهَا النَّبِيُّ لِمَ تُحَرِّمُ مَا أَحَلَّ اللَّهُ لَكَ,66:1,"O Prophet, why do you prohibit [yourself from] what Allāh has made lawful for you, seeking the approval of your wives? And Allāh is Forgiving and Merciful.","O Prophet, why do you prohibit [yourself from] what Allāh has made lawful for you, seeking the approval of your wives? And Allāh is Forgiving and Merciful.",,Sahih International,https://quranpedia.net/embed?surah=66&ayah=1&type=translations
TAF-01,يَسْأَلُونَكَ عَنِ الشَّهْرِ الْحَرَامِ قِتَالٍ فِيهِ,2:217,"They ask you about the sacred month - about fighting therein. Say, ""Fighting therein is great [sin], but averting [people] from the way of Allāh and disbelief in Him and [preventing access to] al-Masjid al-Ḥarām and the expulsion of its people therefrom are greater [evil] in the sight of Allāh. And fitnah is greater than killing."" And they will continue to fight you until they turn you back from your religion if they are able. And whoever of you reverts from his religion [to disbelief] and dies while he is a disbeliever - for those, their deeds have become worthless in this world and the Hereafter, and those are the companions of the Fire; they will abide therein eternally.","They ask you about the sacred month - about fighting therein. Say, ""Fighting therein is great [sin], but averting [people] from the way of Allāh and disbelief in Him and [preventing access to] al-Masjid al-Ḥarām and the expulsion of its people therefrom are greater [evil] in the sight of Allāh. And fitnah is greater than killing."" And they will continue to fight you until they turn you back from your religion if they are able. And whoever of you reverts from his religion [to disbelief] and dies while he is a disbeliever - for those, their deeds have become worthless in this world and the Hereafter, and those are the companions of the Fire; they will abide therein eternally.",,Sahih International,https://quranpedia.net/embed?surah=2&ayah=217&type=translations
TAF-01,إِنَّ الَّذِينَ آمَنُوا وَالَّذِينَ هَاجَرُوا وَجَاهَدُوا فِي سَبِيلِ اللَّهِ أُولَٰئِكَ يَرْجُونَ رَحْمَتَ اللَّهِ,2:218,"Indeed, those who have believed and those who have emigrated and fought in the cause of Allāh - those expect the mercy of Allāh. And Allāh is Forgiving and Merciful.","Indeed, those who have believed and those who have emigrated and fought in the cause of Allāh - those expect the mercy of Allāh. And Allāh is Forgiving and Merciful.",,Sahih International,https://quranpedia.net/embed?surah=2&ayah=218&type=translations
TAF-02,لَا إِكْرَاهَ فِي الدِّينِ,2:256,There shall be no compulsion in [acceptance of] the religion. The right course has become distinct from the wrong. So whoever disbelieves in ṭāghūt and believes in Allāh has grasped the most trustworthy handhold with no break in it. And Allāh is Hearing and Knowing.,There shall be no compulsion in [acceptance of] the religion. The right course has become distinct from the wrong. So whoever disbelieves in ṭāghūt and believes in Allāh has grasped the most trustworthy handhold with no break in it. And Allāh is Hearing and Knowing.,,Sahih International,https://quranpedia.net/embed?surah=2&ayah=256&type=translations
TAF-04,الَّذِينَ اسْتَجَابُوا لِلَّهِ وَالرَّسُولِ مِنْ بَعْدِ مَا أَصَابَهُمُ الْقَرْحُ,3:172,Those [believers] who responded to Allāh and the Messenger after injury had struck them. For those who did good among them and feared Allāh is a great reward -,Those [believers] who responded to Allāh and the Messenger after injury had struck them. For those who did good among them and feared Allāh is a great reward -,,Sahih International,https://quranpedia.net/embed?surah=3&ayah=172&type=translations
TAF-05,فَانْقَلَبُوا بِنِعْمَةٍ مِنَ اللَّهِ وَفَضْلٍ لَمْ يَمْسَسْهُمْ سُوءٌ,3:174,"So they returned with favor from Allāh and bounty, no harm having touched them. And they pursued the pleasure of Allāh, and Allāh is the possessor of great bounty.","So they returned with favor from Allāh and bounty, no harm having touched them. And they pursued the pleasure of Allāh, and Allāh is the possessor of great bounty.",,Sahih International,https://quranpedia.net/embed?surah=3&ayah=174&type=translations
TAF-06,وَإِنَّ مِنْ أَهْلِ الْكِتَابِ لَمَنْ يُؤْمِنُ بِاللَّهِ وَمَا أُنْزِلَ إِلَيْكُمْ وَمَا أُنْزِلَ إِلَيْهِمْ,3:199,"And indeed, among the People of the Scripture are those who believe in Allāh and what was revealed to you and what was revealed to them, [being] humbly submissive to Allāh. They do not exchange the verses of Allāh for a small price. Those will have their reward with their Lord. Indeed, Allāh is swift in account.","And indeed, among the People of the Scripture are those who believe in Allāh and what was revealed to you and what was revealed to them, [being] humbly submissive to Allāh. They do not exchange the verses of Allāh for a small price. Those will have their reward with their Lord. Indeed, Allāh is swift in account.",,Sahih International,https://quranpedia.net/embed?surah=3&ayah=199&type=translations
TAF-08,وَالْمُحْصَنَاتُ مِنَ النِّسَاءِ إِلَّا مَا مَلَكَتْ أَيْمَانُكُمْ,4:24,"And [also prohibited to you are all] married women except those your right hands possess. [This is] the decree of Allāh upon you. And lawful to you are [all others] beyond these, [provided] that you seek them [in marriage] with [gifts from] your property, desiring chastity, not unlawful sexual intercourse. So for whatever you enjoy [of marriage] from them, give them their due compensation as an obligation. And there is no blame upon you for what you mutually agree to beyond the obligation. Indeed, Allāh is ever Knowing and Wise.","And [also prohibited to you are all] married women except those your right hands possess. [This is] the decree of Allāh upon you. And lawful to you are [all others] beyond these, [provided] that you seek them [in marriage] with [gifts from] your property, desiring chastity, not unlawful sexual intercourse. So for whatever you enjoy [of marriage] from them, give them their due compensation as an obligation. And there is no blame upon you for what you mutually agree to beyond the obligation. Indeed, Allāh is ever Knowing and Wise.",,Sahih International,https://quranpedia.net/embed?surah=4&ayah=24&type=translations
TAF-09,أَلَمْ تَرَ إِلَى الَّذِينَ قِيلَ لَهُمْ كُفُّوا أَيْدِيَكُمْ,4:77,"Have you not seen those who were told, ""Restrain your hands [from fighting] and establish prayer and give zakāh""? But then when battle was ordained for them, at once a party of them feared men as they fear Allāh or with [even] greater fear. They said, ""Our Lord, why have You decreed upon us fighting? If only You had postponed [it for] us for a short time."" Say, ""The enjoyment of this world is little, and the Hereafter is better for he who fears Allāh. And injustice will not be done to you, [even] as much as a thread [inside a date seed].""","Have you not seen those who were told, ""Restrain your hands [from fighting] and establish prayer and give zakāh""? But then when battle was ordained for them, at once a party of them feared men as they fear Allāh or with [even] greater fear. They said, ""Our Lord, why have You decreed upon us fighting? If only You had postponed [it for] us for a short time."" Say, ""The enjoyment of this world is little, and the Hereafter is better for he who fears Allāh. And injustice will not be done to you, [even] as much as a thread [inside a date seed].""",,Sahih International,https://quranpedia.net/embed?surah=4&ayah=77&type=translations
TAF-10,إِنَّ الَّذِينَ تَوَفَّاهُمُ الْمَلَائِكَةُ ظَالِمِي أَنْفُسِهِمْ,4:97,"Indeed, those whom the angels take [in death] while wronging themselves - [the angels] will say, ""In what [condition] were you?"" They will say, ""We were oppressed in the land."" They [the angels] will say, ""Was not the earth of Allāh spacious [enough] for you to emigrate therein?"" For those, their refuge is Hell - and evil it is as a destination.","Indeed, those whom the angels take [in death] while wronging themselves - [the angels] will say, ""In what [condition] were you?"" They will say, ""We were oppressed in the land."" They [the angels] will say, ""Was not the earth of Allāh spacious [enough] for you to emigrate therein?"" For those, their refuge is Hell - and evil it is as a destination.",,Sahih International,https://quranpedia.net/embed?surah=4&ayah=97&type=translations
TAF-11,ثُمَّ إِنَّ رَبَّكَ لِلَّذِينَ هَاجَرُوا مِنْ بَعْدِ مَا فُتِنُوا,16:110,"Then, indeed your Lord, to those who emigrated after they had been compelled [to say words of disbelief] and thereafter fought [for the cause of Allāh] and were patient - indeed, your Lord, after that, is Forgiving and Merciful","Then, indeed your Lord, to those who emigrated after they had been compelled [to say words of disbelief] and thereafter fought [for the cause of Allāh] and were patient - indeed, your Lord, after that, is Forgiving and Merciful",,Sahih International,https://quranpedia.net/embed?surah=16&ayah=110&type=translations
TAF-12,وَمَا رَمَيْتَ إِذْ رَمَيْتَ وَلَٰكِنَّ اللَّهَ رَمَىٰ,8:17,"And you did not kill them, but it was Allāh who killed them. And you threw not, [O Muḥammad], when you threw, but it was Allāh who threw that He might test the believers with a good test. Indeed, Allāh is Hearing and Knowing.","And you did not kill them, but it was Allāh who killed them. And you threw not, [O Muḥammad], when you threw, but it was Allāh who threw that He might test the believers with a good test. Indeed, Allāh is Hearing and Knowing.",,Sahih International,https://quranpedia.net/embed?surah=8&ayah=17&type=translations
TAF-15,وَمِنْهُمْ مَنْ يَقُولُ ائْذَنْ لِي وَلَا تَفْتِنِّي ۚ أَلَا فِي الْفِتْنَةِ سَقَطُوا,9:49,"And among them is he who says, ""Permit me [to remain at home] and do not put me to trial."" Unquestionably, into trial they have fallen. And indeed, Hell will encompass the disbelievers.","And among them is he who says, ""Permit me [to remain at home] and do not put me to trial."" Unquestionably, into trial they have fallen. And indeed, Hell will encompass the disbelievers.",,Sahih International,https://quranpedia.net/embed?surah=9&ayah=49&type=translations
TAF-18,وَإِنْ عَاقَبْتُمْ فَعَاقِبُوا بِمِثْلِ مَا عُوقِبْتُمْ بِهِ,16:126,"And if you punish [an enemy, O believers], punish with an equivalent of that with which you were harmed. But if you are patient - it is better for those who are patient.","And if you punish [an enemy, O believers], punish with an equivalent of that with which you were harmed. But if you are patient - it is better for those who are patient.",,Sahih International,https://quranpedia.net/embed?surah=16&ayah=126&type=translations
TAF-19,وَمَا مَنَعَنَا أَنْ نُرْسِلَ بِالْآيَاتِ إِلَّا أَنْ كَذَّبَ بِهَا الْأَوَّلُونَ,17:59,"And nothing has prevented Us from sending signs [i.e., miracles] except that the former peoples denied them. And We gave Thamūd the she-camel as a visible sign, but they wronged her. And We send not the signs except as a warning.","And nothing has prevented Us from sending signs [i.e., miracles] except that the former peoples denied them. And We gave Thamūd the she-camel as a visible sign, but they wronged her. And We send not the signs except as a warning.",,Sahih International,https://quranpedia.net/embed?surah=17&ayah=59&type=translations
TAF-20,وَيَسْأَلُونَكَ عَنِ الرُّوحِ,17:85,"And they ask you, [O Muḥammad], about the soul. Say, ""The soul is of the affair [i.e., concern] of my Lord. And you [i.e., mankind] have not been given of knowledge except a little.""","And they ask you, [O Muḥammad], about the soul. Say, ""The soul is of the affair [i.e., concern] of my Lord. And you [i.e., mankind] have not been given of knowledge except a little.""",,Sahih International,https://quranpedia.net/embed?surah=17&ayah=85&type=translations
TAF-20,قُلْ لَوْ كَانَ الْبَحْرُ مِدَادًا لِكَلِمَاتِ رَبِّي لَنَفِدَ الْبَحْرُ قَبْلَ أَنْ تَنْفَدَ كَلِمَاتُ رَبِّي,18:109,"Say, ""If the sea were ink for [writing] the words of my Lord, the sea would be exhausted before the words of my Lord were exhausted, even if We brought the like of it in [continual] supplement.""","Say, ""If the sea were ink for [writing] the words of my Lord, the sea would be exhausted before the words of my Lord were exhausted, even if We brought the like of it in [continual] supplement.""",,Sahih International,https://quranpedia.net/embed?surah=18&ayah=109&type=translations
TAF-21,إِنَّكُمْ وَمَا تَعْبُدُونَ مِنْ دُونِ اللَّهِ حَصَبُ جَهَنَّمَ,21:98,"Indeed, you [disbelievers] and what you worship other than Allāh are the firewood of Hell. You will be coming to [enter] it.","Indeed, you [disbelievers] and what you worship other than Allāh are the firewood of Hell. You will be coming to [enter] it.",,Sahih International,https://quranpedia.net/embed?surah=21&ayah=98&type=translations
TAF-21,إِنَّ الَّذِينَ سَبَقَتْ لَهُمْ مِنَّا الْحُسْنَىٰ أُولَٰئِكَ عَنْهَا مُبْعَدُونَ,21:101,"Indeed, those for whom the best [reward] has preceded from Us - they are from it far removed.","Indeed, those for whom the best [reward] has preceded from Us - they are from it far removed.",,Sahih International,https://quranpedia.net/embed?surah=21&ayah=101&type=translations
TAF-22,وَلَمَّا ضُرِبَ ابْنُ مَرْيَمَ مَثَلًا إِذَا قَوْمُكَ مِنْهُ يَصِدُّونَ,43:57,"And when the son of Mary was presented as an example, immediately your people laughed aloud.","And when the son of Mary was presented as an example, immediately your people laughed aloud.",,Sahih International,https://quranpedia.net/embed?surah=43&ayah=57&type=translations
TAF-24,هَٰذَا مَا وَعَدَنَا اللَّهُ وَرَسُولُهُ,33:22,"And when the believers saw the companies, they said, ""This is what Allāh and His Messenger had promised us, and Allāh and His Messenger spoke the truth."" And it increased them only in faith and acceptance.","And when the believers saw the companies, they said, ""This is what Allāh and His Messenger had promised us, and Allāh and His Messenger spoke the truth."" And it increased them only in faith and acceptance.",,Sahih International,https://quranpedia.net/embed?surah=33&ayah=22&type=translations
TAF-26,وَتُخْفِي فِي نَفْسِكَ مَا اللَّهُ مُبْدِيهِ,33:37,"And [remember, O Muḥammad], when you said to the one on whom Allāh bestowed favor and you bestowed favor, ""Keep your wife and fear Allāh,"" while you concealed within yourself that which Allāh is to disclose. And you feared the people, while Allāh has more right that you fear Him. So when Zayd had no longer any need for her, We married her to you in order that there not be upon the believers any discomfort [i.e., guilt] concerning the wives of their claimed [i.e., adopted] sons when they no longer have need of them. And ever is the command [i.e., decree] of Allāh accomplished.","And [remember, O Muḥammad], when you said to the one on whom Allāh bestowed favor and you bestowed favor, ""Keep your wife and fear Allāh,"" while you concealed within yourself that which Allāh is to disclose. And you feared the people, while Allāh has more right that you fear Him. So when Zayd had no longer any need for her, We married her to you in order that there not be upon the believers any discomfort [i.e., guilt] concerning the wives of their claimed [i.e., adopted] sons when they no longer have need of them. And ever is the command [i.e., decree] of Allāh accomplished.",,Sahih International,https://quranpedia.net/embed?surah=33&ayah=37&type=translations
TAF-27,وَلَا تَنَابَزُوا بِالْأَلْقَابِ,49:11,"O you who have believed, let not a people ridicule [another] people; perhaps they may be better than them; nor let women ridicule [other] women; perhaps they may be better than them. And do not insult one another and do not call each other by [offensive] nicknames. Wretched is the name [i.e., mention] of disobedience after [one's] faith. And whoever does not repent - then it is those who are the wrongdoers.","O you who have believed, let not a people ridicule [another] people; perhaps they may be better than them; nor let women ridicule [other] women; perhaps they may be better than them. And do not insult one another and do not call each other by [offensive] nicknames. Wretched is the name [i.e., mention] of disobedience after [one's] faith. And whoever does not repent - then it is those who are the wrongdoers.",,Sahih International,https://quranpedia.net/embed?surah=49&ayah=11&type=translations
TAF-28,وَلَقَدْ رَآهُ نَزْلَةً أُخْرَىٰ ۝ عِنْدَ سِدْرَةِ الْمُنْتَهَىٰ,53:13–14,(13) And he certainly saw him in another descent (14) At the Lote Tree of the Utmost Boundary -,(13) And he certainly saw him in another descent (14) At the Lote Tree of the Utmost Boundary -,,Sahih International,https://quranpedia.net/embed?surah=53&ayah=13-14&type=translations
TAF-29,اقْتَرَبَتِ السَّاعَةُ وَانْشَقَّ الْقَمَرُ,54:1,"The Hour has come near, and the moon has split [in two].","The Hour has come near, and the moon has split [in two].",,Sahih International,https://quranpedia.net/embed?surah=54&ayah=1&type=translations
TAF-29,سِحْرٌ مُسْتَمِرٌّ,54:2,"And if they see a sign [i.e., miracle], they turn away and say, ""Passing magic.""","And if they see a sign [i.e., miracle], they turn away and say, ""Passing magic.""",,Sahih International,https://quranpedia.net/embed?surah=54&ayah=2&type=translations
TAF-30,يَوْمَ يُسْحَبُونَ فِي النَّارِ عَلَىٰ وُجُوهِهِمْ ذُوقُوا مَسَّ سَقَرَ ۝ إِنَّا كُلَّ شَيْءٍ خَلَقْنَاهُ بِقَدَرٍ,54:48–49,"(48) The Day they are dragged into the Fire on their faces [it will be said], ""Taste the touch of Saqar."" (49) Indeed, all things We created with predestination.","(48) The Day they are dragged into the Fire on their faces [it will be said], ""Taste the touch of Saqar."" (49) Indeed, all things We created with predestination.",,Sahih International,https://quranpedia.net/embed?surah=54&ayah=48-49&type=translations
TAF-32,عَبَسَ وَتَوَلَّىٰ,80:1,"He [i.e., the Prophet (ﷺ) ] frowned and turned away","He [i.e., the Prophet (ﷺ) ] frowned and turned away",,Sahih International,https://quranpedia.net/embed?surah=80&ayah=1&type=translations
TAF-33,وَيْلٌ لِلْمُطَفِّفِينَ,83:1,"Woe to those who give less [than due],","Woe to those who give less [than due],",,Sahih International,https://quranpedia.net/embed?surah=83&ayah=1&type=translations
