الترتيب,رقم_حدث_الدرر,نظرة_عامة,المقتطفات,Quotes_EN,المصدر
1,1,,اختلفَ أهلُ السِّيَر والتَّاريخِ في تحديدِ يومِ وشهرِ وِلادتِه صلى الله عليه وسلم واتَّفقوا على أنَّ مِيلادَه صلى الله عليه وسلم كان يومَ الاثنينِ من عامِ الفيلِ. | وكانت وِلادتُه صلى الله عليه وسلم بعدَ وفاةِ والدِه عبدِ الله، حيث كان حَمْلًا في بطنِ أمِّه حين تُوفِّي والدُه، فنشأ صلى الله عليه وسلم يتيمًا. وكانت وِلادتُه في دارِ أبي طالبٍ بِشِعبِ بني هاشمٍ.,"The scholars of biography and history have disagreed about the exact date of the Prophet’s birth, but they unanimously agreed that he was born on a Monday during the Year of The Elephant. | His birth ﷺ was after the death of his father Abdullah and while he was still in the womb of his mother, and so the Prophet ﷺ grew-up as an orphan. Furthermore, his birth was in the house of Abee Taalib in the district of Banee Haashim.",https://dorar.net/history/event/1
2,12,,كان أوَّلَ ما بُدِئ بهِ الوحيُ هو الرُّؤيا الصَّادقةُ في النَّومِ، وكان لا يَرى رُؤيا إلا جاءتْ مِثلَ فَلَقِ الصُّبحِ، ثمَّ إنَّه صلى الله عليه وسلم حُبِّبَ إليهِ الخَلاءُ، فكان يَخلو في غارِ حِراءٍ ويَتَحَنَّثُ فيهِ مُتعبِّدًا، حتَّى جاءهُ جبريلُ عَليهِ السَّلامُ وهو في الغارِ | فَقَصَّ ذلك على زوجتِه خَديجةَ التي قَصَّتْ ما حدث على وَرقةَ بنِ نَوفلٍ فصدَّقهُ، وقال: إنَّه النَّاموسُ الأكبرُ الذي جاء موسى | فكان ذلك أوَّلَ النُّبوَّةِ والأمرَ بالتَّبليغِ.,"When revelation first started to appear to the Prophet ﷺ it started off as visions in his dreams; his dreams would occur like the braking of dawn. Then seclusion became beloved to him ﷺ and he would seclude himself at the cave of Hiraa’ and worship [Allah] there all by himself. | He ﷺ told his wife Khadeejah what had happened, who then told Waraqah ibn Nawfal, and he believed him. | This then was the beginning of his Prophethood and the command to convey the divine message to the people.",https://dorar.net/history/event/12
3,17,,فقال لهم رسولُ الله صلى الله عليه وسلم: إنَّ بأرضِ الحَبشةِ مَلِكًا لا يُظلمُ عنده، فالحقوا ببلادهِ حتَّى يجعلَ الله لكم فَرَجًا ومَخرجًا ممَّا أنتم فيهِ. فخرجنا إليها حتَّى اجتمعنا بها، فنزلنا بخيرِ دارٍ إلى خيرِ جارٍ، أَمَّنَّا على ديننا، ولم نخشَ منه ظُلمًا | هاجر مِنَ المسلمين فيها اثنا عشرَ رجلًا، وأربعُ نِسوةٍ، منهم عُثمانُ بنُ عفَّانَ، وهو أوَّلُ من خرج ومعه زوجتُه رُقيَّةُ بنتُ رسولِ الله صلى الله عليه وسلم.,"The Messenger of Allah ﷺ said to them: ‘verily in Abyssinia is a king who does not oppress anyone; go to him until Allah gives you respite and a way out from the difficulties you are in.’ Thus, a group of them then went to Abyssinia until we all met there, and we found that we had gone from the best of lands to the best of neighbors, he safeguarded our religion (in that land) and we did not fear from him oppression of any sort.” | In total, 16 Muslims left, 12 men and 4 women; ‘Uthmaan ibn ‘Affaan along with his wife Ruqayyah, the daughter of the Messenger of Allah ﷺ were the first people to immigrate to Abyssinia.",https://dorar.net/history/event/17
4,25,,"فقالوا: اخرُجْ من بلادِنا. وأَغْرَوْا به سُفهاءَهُم، فلمَّا أراد الخُروجَ تَبِعَهُ سُفهاؤهُم وعَبيدهُم يُسِبُّونَهُ ويُصيحونَ بهِ، حتَّى اجتمع عَليهِ النَّاسُ، فوقَفوا له سِمَاطَيْنِ [أي صَفَّيْنِ] وجعلوا يَرمونهُ بالحِجارةِ، وبكِلماتٍ مِنَ السَّفَهِ، ورَجموا عَراقيبَهُ، حتَّى اخْتَضَبَ نَعلاهُ بالدِّماءِ. | فلمَّا بلغ قَرْنَ المنازلِ بعث الله إليه جبريلَ ومعه مَلَكُ الجبالِ، يَسْتَأْمِرُهُ أنْ يُطْبِقَ الأَخْشَبَيْنِ على أهلِ مكَّة, فقال النَّبيُّ صلى الله عليه وسلم: (بل أرجو أنْ يُخرجَ الله عزَّ وجلَّ من أصلابهِم مَنْ يَعبدُ الله عزَّ وجلَّ وحدَه لا يُشركُ بهِ شيئًا).","However, they said to him: “Get out from our lands!”, and they asked their riffraff and their slaves to goad and taunt him. On his way out of al-Taa’if, they insulted and yelled at him until a large gathering of people gathered around him. Two rows of people stood on either side of him ﷺ throwing rocks and insulting him; they pelted his ankles until his sandals were filled with blood. | When he reached Qarn al-Manaazil (i.e., the Miqaat for the people of Najd and surrounding areas), Allah, Exalted be He, sent Jibreel with the Angel of the Mountains so that the Prophet ﷺ may order him to push the two mountains towering over Makkah in order to crush its people. But the Prophet ﷺ refused saying: “Rather, I hope that one day Allah, the Mighty and Majestic brings forth from their loins a generation who will worship Allah, the Mighty and Majestic, without associating with Him anything.”",https://dorar.net/history/event/25
5,32,,في هذه الحادثةِ العظيمةِ رأى النَّبيُّ صلى الله عليه وسلم الأنبياءَ، ورأى سِدرةَ المُنتهى وغيرَ ذلك مِنَ الآياتِ العظيمةِ، وفيها فُرِضتْ الصَّلواتُ الخمسُ، وهو أمرٌ تتَّفِقُ عليه رِواياتُ الصَّحيحينِ، وقد كذَّبتْ قُريشٌ وقوعَ حادثةِ الإسراءِ والمِعراجِ، وهذا أمرٌ اتَّفقتْ عليه رِواياتُ الصَّحيحينِ أيضًا,"During this significant night, the Prophet ﷺ saw all the other prophets and At the Lote Tree of the Utmost Boundary, as well as many other great signs. On that night, the five daily prayers were made obligatory, as confirmed by all the reports [on this matter] in Saheeh al-Bukhaaree and Saheeh Muslim. However, Quraysh denied that the Night Journey to Jerusalem and ascending to the Heaven could have ever happened, as confirmed by the reported recorded in Saheeh al-Bukhaaree and Saheeh Muslim.",https://dorar.net/history/event/32
6,35,,مكث رسولُ الله صلى الله عليه وسلم بمكَّةَ عشرَ سِنينَ يَتْبَعُ النَّاسَ في منازلِهم بعُكاظٍ ومَجَنَّةَ، وفي المَواسمِ بمِنًى، يقول: مَن يُؤْوِيني؟ مَن يَنصُرني حتَّى أُبَلِّغَ رسالةَ رَبِّي وله الجَنَّةُ. | فرحل إليه مِنَّا سبعون رجلًا حتَّى قَدِموا عليه في المَوسمِ فَواعَدناهُ شِعْبَ العَقبةِ | قال فقُمنا إليه فبايَعناهُ فأخذ علينا وشَرَطَ ويُعطينا على ذلك الجنَّةَ,"The Messenger of Allah ﷺ stayed in Makkah for 10 years, following people around to their homes, at ‘Ukaadh and Majannah, as well as during the pilgrimage seasons at Mina. He would ask people: “Who shall protect and support me so that I may deliver the message of my Lord, and Paradise will be granted to him?” | A group of seventy men from amongst us went to him and met him during the pilgrimage season, and we promised him at al-Aqabah. | so we went to him ﷺ and we gave him our fealty and allegiance, which he took from us, and gave us the conditions, and promised us that we would enter Paradise, (if we followed it to the letter).”",https://dorar.net/history/event/35
7,42,,قال: «فإنِّي قد أُذِنَ لي في الخُروجِ». فقال أبو بكرٍ: الصُّحبة بأبي أنت يا رسولَ الله؟ قال رسولُ الله صلى الله عليه وسلم: «نعم». | ثمَّ لَحِقَ رسولُ الله صلى الله عليه وسلم وأبو بكرٍ بِغارٍ في جبلِ ثَوْرٍ، فَكَمَنَا فيه ثلاثَ ليالٍ | فثار المسلمون إلى السِّلاحِ، فتَلَقَّوْا رسولَ الله صلى الله عليه وسلم بظَهْرِ الحَرَّةِ، فعَدل بهِم ذاتَ اليمينِ، حتَّى نزل بهِم في بني عَمرِو بنِ عَوفٍ، وذلك يومَ الاثنينِ مِن شهرِ ربيعٍ الأوَّلِ,"The Prophet ﷺ then continued: “I have been given permission to leave.” Aboo Bakr then said: “May my mother and father be your ransom! Am I allowed to accompany you in this trip?” The Messenger of Allah ﷺ said: “Yes”. | Then, we caught up with the Messenger of Allah ﷺ and Aboo Bakr (may Allah be pleased with him) at a cave in Mount Thawr wherein we stayed there for three days. | Upon hearing his announcement, the Muslims sprang for their weapons, and they met the Messenger of Allah ﷺ at the top of the Harrah, and he turned with them to the right and continued with them until the had descended upon the quarters of the people of Banee ‘Amr ibn ‘Awf.",https://dorar.net/history/event/42
8,44,,ركِب رسولُ الله صلى الله عليه وسلم راحِلتَه مِن قُباءٍ فسار يمشي معه النَّاسُ حتَّى برَكتْ عند مسجدِ الرَّسولِ صلى الله عليه وسلم بالمدينةِ، وهو يُصلِّي فيه يَومئذٍ رجالٌ مِنَ المسلمين، وكان مِرْبَدًا للتَّمرِ، لِسُهيلٍ وسَهلٍ غُلامَينِ يَتيمَينِ في حَجْرِ أَسعدَ بنِ زُرارةَ، فقال رسولُ الله صلى الله عليه وسلم حين بَركتْ به راحِلتُه: «هذا إن شاء الله المنزِلُ». | إنَّ المسجدَ كان على عهدِ رسولِ الله صلى الله عليه وسلم مَبْنِيًّا باللَّبِنِ، وسَقْفُهُ الجَريدُ، وعُمُدُهُ خَشبُ النَّخلِ.,"The Messenger of Allah ﷺ mounted his ride from Qubaa’ and progressed, while people are walking with him, until his she-camel alighted where his Mosque would eventually be built in al-Madeenah. The place was already used by several Muslims as a place of prayer. It was a place to dry dates, which belonged to Sahl and Suhayl, two orphans under the care of As’ad ibn Zuraarah. Upon the alighting of his camel, the Messenger of Allah ﷺ said: “This place, by Allah’s willing, will be where will be the house (i.e., the mosque).” | The mosque at the time of the Messenger of Allah ﷺ was built out of mud-brick, its roof was thatched with palm-leaves, and its pillars were the trunks of palm trees.",https://dorar.net/history/event/44
9,59,,ثمَّ الْتَقى المسلمون والمشركون عند ماءِ بدرٍ، وهي مكانٌ بين مكَّةَ والمدينةِ وهو أَقربُ إليها مِن مكَّةَ، وكان عددُ المشركين يُقارِبُ الألفَ، وعددُ المسلمين أَكثرُ مِن ثلاثمائةٍ، وبدأتِ المعركةُ بالمُبارزَةِ المَشهورةِ، ثمَّ بدأ القِتالُ وكان شديدًا، وقُتِلَ فيها صَناديدُ قُريشٍ كأبي جهلٍ، وأُميَّةَ بنِ خَلفٍ، وغَيرِهِما، حتَّى بلَغ قَتلاهُم سبعون رجلًا ومِثلُهم مِنَ الأَسرى، وقُتِلَ أربعةَ عشرَ مِنَ المسلمين، وقِيلَ: سِتَّةَ عشرَ. فكان النَّصرُ الكبيرُ حَليفَ المسلمين. حيث نَصرهُم الله تعالى وأَرسل ملائكةً تُقاتلُ معهم,"The army of disbelievers consisted of about one thousand fighters whereas the army of Muslims was slightly more than three hundred fighters. The battle started with a duel, man to man, sword against sword; then the two armies engaged. The fighting was intense, during which the chiefs of Quraysh were killed like Abu Jahl, ‘Umayyah ibn Khalaf, and others. The total of casualties among the disbelievers reached one hundred and forty men, half of them were killed and the other half was captured as prisoners. As for the Muslims, fourteen men were killed, and it has been said: they were sixteen. | On that day, it was a great victory for the Muslims whom Allah aided with angels to fight along with them.",https://dorar.net/history/event/59
10,69,,وكانت بَوادرُ النَّصرِ تَلوحُ لِصالحِ المسلمين، فلمَّا رَأى المسلمون تَقَهْقُرَ المشركين أَهملَ الرُّماةُ وَصِيَّةَ نَبِيِّهِم لهم ونزلوا يَحصُدون الغَنائمَ، فانْتهَز خالدُ بنُ الوليدِ الفُرصةَ فالْتَفَّ خَلفَهم وأَعملَ الحربَ فيهم، ممَّا أَدَّى لِقَلْبِ الموازينِ وانْجَلَتِ المعركةُ عن مَقْتَلِ سبعين رجلًا مِن المسلمين مِنهم حمزةُ بنُ عبدِ المُطَّلبِ، ومُصعبُ بنُ عُميرٍ، وعبدُ الله بنُ حَرامٍ والدُ جابرٍ، وعبدُ الله بنُ جُبيرٍ أَميرُ الرُّماةِ,"It was at this point of perceived victory that the Muslim archers disobeyed the Prophet’s orders and deserted their stations, thinking that the battle was over, and joined the Muslim fighters to collect the war spoils. | Khaalid ibn al-Waleed noticed the sudden vacuum created by the disappearance of the rear archers; thus, his cavalrymen attacked the Muslims from behind, killing many in the process. This move changed the calculations of the battle and turned it to the favour of the disbelievers, resulting in the killing of 70 Companions including Hamzah ibn ‘Abd al-Muttalib, Mus’ab ibn ‘Umayr, ‘Abdullah ibn Haraam, the father of Jaabir, and ‘Abdullah ibn Jubayr, the commander of the Muslim archers.",https://dorar.net/history/event/69
11,84,,قام النَّبيُّ صلى الله عليه وسلم وأصحابُه رضي الله عنهم بِحَفرِ خَندقٍ في المنطقةِ المكشوفةِ أمامَ الغُزاةِ، وذكَر ابنُ عُقبةَ: أنَّ حَفرَ الخندقِ استغرقَ قريبًا مِن عِشرين ليلةً. | وعندما وصلتِ الأَحزابُ المدينةَ فوجِئوا بوُجودِ الخَندقِ، فقاموا بِعدَّةِ مُحاولاتٍ لاقْتِحامهِ، ولكنَّهم فَشلوا. واسْتمرَّ الحِصارُ أربعًا وعِشرين ليلةً. وثَقُلَ الأمرُ على قُريشٍ بسببِ الرِّيحِ التي أَكْفَأَتْ قُدورَهُم وخِيامَهُم، كما قام المسلمون بالتَّخْذيلِ بين اليَهودِ والمشركين، فأُرْغِموا على الرَّحيلِ وهَزمهُم الله تعالى، وكف شَرَّهُم عنِ المدينةِ.,"The Prophet ﷺ dug a trench in the open area in front of the combatants. Ibn ‘Uqbah mentions, “The digging of the trench took nearly twenty nights to complete.” | When the parties reached al-Madeenah, they were surprised by the presence of the trench. They made several attempts to storm it, however, they failed. The siege lasted twenty-four nights. Quraysh no longer could hold their siege due to the wind that overturned their pots and their tents, and the disappointing situation that the Muslims created between the Jews and the Quraysh. As a result, they were forced to leave, and Allah, the Almighty, defeated them, and stopped their evil from entering al-Madeenah.",https://dorar.net/history/event/84
12,101,,خرَج رسولُ الله صلى الله عليه وسلم ومعه قُرابةُ ألفٍ وأربعمائةٍ مِن أصحابِه يُريدون العُمرةَ فلمَّا وصلوا إلى الحُديبيةِ - وهي تَبعُد عن مكَّةَ قُرابةَ 22 كم - وَصلَهُ الخبرُ أنَّ هناك مَن يُريدُ أن يُقاتِلَهُ، فقال: إنَّه لم يَجِئْ لقِتالٍ؛ بل جاء مُعتمِرًا. | ثمَّ جاء المشركون إلى الحُديبيةِ وحَصَلت عِدَّةُ مُفاوضاتٍ بين رُؤساءٍ مِنَ المشركين وبين النَّبيِّ صلى الله عليه وسلم حتَّى جاء سُهيلُ بنُ عَمرٍو فصالَحهُ النَّبيُّ صلى الله عليه وسلم على أن تُوضَعَ الحربُ عشرَ سنين يأمنُ فيها النَّاسُ، ويَكُفُّ بعضُهم عن بعضٍ,"The Messenger of Allah ﷺ went out with about one thousand and four hundred of his Companions wanting to perform Umrah. However, when they reached al-Hudaybiyah - which is about 22 km away from Makkah - the news reached him that there were people who wanted to fight him, so he said that he did not come to fight. Rather, he came to perform Umrah. | Afterwards, the polytheists came to al-Hudaybiyah and there, several negotiations between chiefs from among the polytheists and the Prophet ﷺ took place until Suhayl ibn ‘Amr came and the Prophet ﷺ reconciled with him and made a ten years truce during which people will be granted safety from any harm",https://dorar.net/history/event/101
13,102,,عن أنسٍ رضي الله عنه: أنَّ النَّبيَّ صلى الله عليه وسلم خرَج إلى خَيبرَ، فجاءَها ليلًا، وكان إذا جاء قومًا بِليلٍ لا يُغيرُ عليهم حتَّى يُصبِحَ، فلمَّا أَصبح خرجَت يَهودُ بمَساحيهِم ومَكاتِلهِم | وقد جعَل الله تعالى فتحَ خَيبرَ على يَدِ عليِّ بنِ أبي طالبٍ رضي الله عنه. | فأَبقاهم النَّبيُّ صلى الله عليه وسلم في أَرضِهم ولهم النِّصفُ.,"On the authority of Anas (may Allah be pleased with him), it is narrated that the Prophet ﷺ went out to Khaybar and he arrived at it at night. It was his habit if he ﷺ came to a people by night, he would not attack them until morning. In the morning, the Jews came out with their baskets and spades. | Allah granted the victory of Khaybar at the hands of ‘Ali ibn Aboo Taalib, may Allah be pleased with him. | The Prophet ﷺ permitted them to remain in their lands and that they are allowed to take half of the produce.",https://dorar.net/history/event/102
14,106,,"بعدَ رُجوعِ رسولِ الله صلى الله عليه وسلم مِنَ الحُديبيةِ كتَب إلى المُلوكِ يَدعوهُم إلى الإسلامِ | واختار مِن أصحابِه رُسُلًا لهم مَعرفةٌ وخِبرةٌ، وأَرسلَهُم إلى المُلوكِ فبعَث دِحيةَ بنَ خَليفةَ الكَلبيَّ إلى قَيصرَ مَلِكِ الرُّومِ، فقَرأ الكِتابَ ولم يُسْلِمْ, وبعَث عبدَ الله بنَ حُذافةَ السَّهميَّ إلى كِسرى مَلِكِ الفُرْسِ، فلمَّا قُرِئَ الكِتابُ عليه مَزَّقَهُ، ولمَّا بلَغ ذلك رسولَ الله صلى الله عليه وسلم قال: (مَزَّقَ الله مُلْكَهُ). وقد كان كما قال","After the Messenger of Allah ﷺ returned from al-Hudaybiyah, he sent letters to the kings inviting them to Islam. | He ﷺ chose messengers from his Companions who had knowledge and experience and sent them to the kings. He sent Dihyah ibn Khaleefah al-Kalbee to Caesar, the king of the Romans, who read the letter and yet he did not embrace Islam. He ﷺ sent Abdullah ibn Sahmee to Kisra, the king of the Persians, and when the letter was read to him, he tore it. When that news reached the Messenger of Allah ﷺ he said, “May Allah tear his kingdom apart.” Thus, it happened exactly as he stated.",https://dorar.net/history/event/106
15,122,,فاقتَتَلوا، فقُتِلَ زيدُ بنُ حارثةَ، فأخَذ الرَّايةَ جعفرُ بنُ أبي طالبٍ، فقاتَل حتَّى قُطِعَتْ يَمينُه، فأخَذ الرَّايةَ بِيُسْراهُ فقُطِعَتْ، فاحْتضَنَها فقُتِلَ كذلك، فأخَذ عبدُ الله بنُ رَواحةَ الرَّايةَ، وتَرَدَّدَ عنِ النُّزولِ بعضَ التَّرَدُّدِ، ثمَّ صَمَّمَ، فقاتَل حتَّى قُتِلَ | فاصطَلَح النَّاسُ على خالدِ بنِ الوليدِ، فلمَّا أخَذ الرَّايةَ دافَع القَومَ وحاشى بهِم، ثمَّ انْحازَ وانْحِيزَ عنه، حتَّى انْصرَف بالنَّاسِ، فتَمَكَّنَ مِنَ الانْسِحابِ بمَن معه مِنَ المسلمين,"They fought with each other and Zayd ibn Haarithah was martyred during the combat. | So, the people reconciled with the leadership of Khaalid ibn al-Waleed. When he took the flag, he repelled the enemy and fought them bravely. Then, he took a side and the enemy withdrew from him, until he managed to withdraw with those who were with him among the Muslims.",https://dorar.net/history/event/122
16,127,,كان سببُها أنَّ المشركين نقَضوا العهدَ الذي بينهم وبين رسولِ الله صلى الله عليه وسلم، فأَغاروا على إحدى القَبائلِ المُحالفةِ للرَّسولِ عليه الصَّلاةُ والسَّلامُ، وهي قَبيلةُ خُزاعةَ | عنِ ابنِ عبَّاسٍ رضِي الله عنهما: أنَّ النَّبيَّ صلى الله عليه وسلم خرَج في رَمضانَ مِنَ المدينةِ ومعه عشرةُ آلافٍ | وقال لهم ما قاله عليه الصَّلاةُ والسَّلامُ: مَن دخَل دارَ أبي سُفيانَ فهو آمِن، ومَن أَغلَق عليه دارَهُ فهو آمِن، ومَن دخَل المسجِدَ فهو آمِن. فتَفرَّقَ النَّاسُ إلى دورِهِم وإلى المسجِدِ.,"The Quraysh of Makkah broke their pact of Hudaybiyyah with the Prophet (PBUH) by killing some of the men of the Khuzaa’ah tribe with whom the Prophet ﷺ had a treaty. | It is reported on the authority of Ibn ‘Abbaas (may Allah be pleased with him) that the Prophet ﷺset out in the month of Ramadan with his forces of 10,000 men, after 8.5 years from his arrival to al-Madeenah. | Thereafter, the Prophet ﷺ announced that whoever entered Aboo Sufyaan’s house would be safe and whoever went behind his own door and bolted it would be safe and whoever went into the Sacred Mosque would also be safe.” Thereupon, the people of Makkah took refuge in their own homes and the Sacred Mosque.",https://dorar.net/history/event/127
17,132,,واسْتقبَل الرَّسولُ صلى الله عليه وسلم بجَيشِه وادِيَ حُنينٍ في عَمايَةِ الصُّبْحِ، وانْحَدروا فيه، وعند دُخولِهم إلى الوادي حَملوا على هَوازِنَ فانْكشَفوا، فأَكَبَّ المسلمون على ما تَركوهُ مِن غَنائِمَ، وبينما هُم على هذه الحالِ اسْتقبَلَتْهُم هَوازِنُ وأَمطَرتْهُم بِوابِلٍ مِنَ السِّهامِ | وانْحازَ الرَّسولُ صلى الله عليه وسلم ذاتَ اليَمينِ وهو يقولُ: (أين النَّاسُ؟ هَلُمُّوا إليَّ، أنا رسولُ الله، أنا رسولُ الله، أنا محمَّدُ بنُ عبدِ الله). | فوَلَّوْا مُدْبِرين، والرَّسولُ صلى الله عليه وسلم يقولُ: (انْهزَموا ورَبِّ محمَّدٍ),"The Prophet ﷺ and his army arrived at the valley of Hunayn before the dawn while the sky was still dark. They descended down to the valley and launched an attack against Hawaazin who fled the location. Thereupon, the Muslims rushed to collect the spoils that they left behind and while they were busy collecting the spoils of war, Hawaazin showered them with arrows causing the Muslims to retreat, each one trying to save himself. | The Prophet ﷺ remained and stood firm in the battlefield and called the Muslims out loud: ""Come on, people! I am the Messenger of Allah. I am Muhammad, the son of Abdullah."" | As they were fleeing, the Prophet ﷺ said: “By the Lord of Muhammad! They have been defeated.”",https://dorar.net/history/event/132
18,138,,تَبوكُ مَوضِعٌ بين وادي القُرى والشَّامِ | كما رَوى مُسلمٌ أيضًا عن أبي هُريرةَ رضي الله عنه ما وقع للمسلمين في طَريقِ هذه الغَزوةِ مِن نَقْصٍ في الزَّادِ حتَّى مَصُّوا النَّوَى وشَرِبوا عليه الماءَ | والمشهورُ والرَّاجحُ أنَّ جَيشَ تَبوكَ كان ثلاثين ألفًا، ولكنَّ الرَّسولَ صلَّى الله عليه وسلَّم لم يَلْقَ حَربًا مِنَ الأعداءِ، فرجَع إلى المدينةِ مُنتصِرًا بعدَ أن أقامَ بتَبوكَ عِشرين ليلةً.,"Tabook is a place situated between al-Shaam and Waadi al-Qura. | This is even noted in the hadeeth in Saheeh Muslim wherein Aboo Hurayrah (may Allah be pleased with him) reported that in this battle, the food supplies were so short that the Companions had to subsist on sucking date stones and drinking water. | The famous, and most likely to be correct, view is that the army of Muslims in the battle of Tabook was made up of 30,000 fighters. However, no fighting ensued as the enemy fled before the arrival of the Muslim army; thus, the Prophet ﷺ returned to al-Madeenah victorious after he stationed in Tabook for 20 nights.",https://dorar.net/history/event/138
19,141,,بَقِيَتِ الوُفودُ تَتابَعُ إلى رسولِ الله صلَّى الله عليه وسلَّم، وكان بينها وَفْدُ نَصارى نَجْرانَ، ومصالحتهم وصالَحَهُم على الجِزْيَةِ، وجعَل لهم ذِمَّةً.,The delegates continued to arrive at al-Madeenah visiting the Prophet ﷺ. One of these delegates was the Christians of Najraan who signed a treaty with the Prophet ﷺ who made granted them protection after they agreed to pay the jizyah.,https://dorar.net/history/event/141
20,143,,سُمِّيَتْ حَجَّةَ الوَداعِ؛ لأنَّه عليه الصَّلاةُ والسَّلامُ وَدَّعَ النَّاسَ فيها، ولم يَحُجَّ بعدَها | وعندما أَعلنَ الرَّسولُ صلى الله عليه وسلم عَزمَهُ على الحَجِّ في هذا العامِ قَدِمَ المدينةَ بَشَرٌ كَثيرٌ، كُلُّهُم يَلتَمِسُ أن يَأْتَمَّ بِرسولِ الله صلى الله عليه وسلم، ويَعملَ مِثلَ عَملِهِ. وخرَج مِنَ المدينةِ لِخمسٍ بَقِينَ مِن ذي القَعدةِ.,"It was named the Farewell Pilgrimage because the Prophet ﷺ bid farewell to the Muslims and it was his last pilgrimage. | Large number of Muslims attended this Hajj because the Prophet ﷺ disclosed to the people that he is intending it. All of them wanted to attend, led by the Prophet, and learn the rites of Hajj from him directly in action. He ﷺ left al-Madeenah five nights from the end of the month of Dhoo al-Qa’dah.",https://dorar.net/history/event/143
21,145,نعم,اشْتَكى رسولُ الله صلى الله عليه وسلم بعدَ عَودتِه مِن حَجَّةِ الوَداعِ، حتَّى اشْتَدَّ وَجَعُهُ وهو في بيت مَيمونَةَ رضي الله عنها | ثمَّ تَوفَّاهُ الله تعالى يَومَ الاثنين في الثَّاني عشر من رَبيعٍ الأوَّلِ، وقد تَمَّ له مِنَ العُمُرِ 63 سَنَةً، وكُفِّنَ عليه الصَّلاةُ والسَّلامُ في ثلاثةِ أَثوابٍ بِيضٍ سَحُولِيَّةٍ مِن كُرْسُفٍ، ليس فيها قَميصٌ ولا عِمامَةٌ، وصلَّى النَّاسُ عليه أَرْسالًا، ودُفِنَ في مكانِ مَوتِهِ في حُجرَةِ عائشةَ رضي الله عنها، وجَزاهُ الله تعالى عن المسلمين خيرَ ما جَزَى نَبِيًّا عن أُمَّتِهِ.,"After his return from the farewell pilgrimage, the Prophet ﷺ fell ill. | He ﷺ died on Monday, the 12th of Rabee’ al-Awwal at the age of 63. | The Muslims prayed over him ﷺ in successive groups due to their large numbers, and he ﷺ was buried in the same place where he died in the house of ‘Aishah (may Allah be pleased with her).",https://dorar.net/history/event/145
