dorar_event_number,ترتيب_العرض,الفترة,السنة_الهجرية,العنوان_العربي_الدرر,title_en_dorar,title_en_display,حالة_العنوان_الإنجليزي,رابط_الدرر_العربي,رابط_الدرر_الإنجليزي
1,1,قبل البعثة,-53,ولادة النبي محمد بن عبدالله صلى الله عليه وسلم,"THE BIRTH OF THE BEST OF CREATION, OUR PROPHET MUHAMMAD, AL-MUSTAFA ﷺ .","The Birth of the Best of Creation, Our Prophet Muhammad, al-Mustafa ﷺ",من الدرر (dorar.net/en/history),https://dorar.net/history/event/1,https://dorar.net/en/history?page=1
2,2,قبل البعثة,-49,حادِثةُ شَقِّ صدرِ النَّبيِّ صلَّى الله عَليهِ وسلَّم الأُولى,THE PROPHET’S CHEST IS SPLIT OPEN .,The Prophet’s Chest Is Split Open,من الدرر (dorar.net/en/history),https://dorar.net/history/event/2,https://dorar.net/en/history?page=1
3,3,قبل البعثة,-48,وفاة أم النبي آمنة بنت وهب وحضانة أم أيمن له صلى الله عليه وسلم,"THE DEATH OF THE MOTHER OF THE PROPHET ﷺ AAMINAH BINT WAHB, AND SUCKLING AT THE HANDS OF UMM AYMAN, HIS WET NURSE .","The Death of the Mother of the Prophet ﷺ Aaminah bint Wahb, and Suckling at the Hands of Umm Ayman, His Wet Nurse",من الدرر (dorar.net/en/history),https://dorar.net/history/event/3,https://dorar.net/en/history?page=1
4,4,قبل البعثة,-48,كفالة عبد المطلب رسول الله صلَّى اللهُ عليه وسلَّم ومعرفته بشأنه,THE MESSENGER OF ALLAH ﷺ IS PUT UNDER THE CARE OF ‘ABDUL-MUTTALIB AND HIS AWARENESS OF HIS STATUS. .,The Messenger of Allah ﷺ Is Put Under the Care of ‘Abdul-Muttalib and His Awareness of His Status.,من الدرر (dorar.net/en/history),https://dorar.net/history/event/4,https://dorar.net/en/history?page=1
5,5,قبل البعثة,-46,وفاة عبد المطلب ووصيته لأبي طالب برسول الله صلَّى اللهُ عليه وسلَّم,THE DEATH OF ABDUL-MUTALLAB AND HIS FINAL WISHES TO ABOO TAALIB REGARDING THE MESSENGER OF ALLAH ﷺ. .,The Death of Abdul-Mutallab and His Final Wishes to Aboo Taalib Regarding the Messenger of Allah ﷺ.,من الدرر (dorar.net/en/history),https://dorar.net/history/event/5,https://dorar.net/en/history?page=1
6,6,قبل البعثة,-42,سفر النبي صلَّى اللهُ عليه وسلَّم مع عمه أبي طالب إلى الشام,"THE PROPHET ﷺ TRAVELS WITH HIS UNCLE, ABOO TAALIB TO AL-SHAAM .","The Prophet ﷺ Travels with His Uncle, Aboo Taalib to al-Shaam",من الدرر (dorar.net/en/history),https://dorar.net/history/event/6,https://dorar.net/en/history?page=1
7,7,قبل البعثة,-39,حرب الفِجَار، وشهود النبي صلَّى اللهُ عليه وسلَّم لها,THE WAR OF AL-FIJAAR THAT THE PROPHET ﷺ WITNESSED. .,The War of al-Fijaar That the Prophet ﷺ Witnessed.,من الدرر (dorar.net/en/history),https://dorar.net/history/event/7,https://dorar.net/en/history?page=1
8,8,قبل البعثة,-33,حِلْفُ الفُضولِ بين قبائل قريش,THE OATH OF THE RIGHTEOUS (HILF AL-FUDOOL) .,The Oath of the Righteous (Hilf al-Fudool),من الدرر (dorar.net/en/history),https://dorar.net/history/event/8,https://dorar.net/en/history?page=1
9,9,قبل البعثة,-28,زَواجُ النَّبيِّ صلَّى الله عَليهِ وسلَّم من خَديجةَ بنتِ خُويلدٍ رضِي الله عنها,"THE MARRIAGE OF THE PROPHET ﷺ TO KHADEEJAH BINT KHUWAYLID, MAY ALLAH BE WELL PLEASED WITH HER. .","The Marriage of the Prophet ﷺ to Khadeejah bint Khuwaylid, May Allah Be Well Pleased with Her.",من الدرر (dorar.net/en/history),https://dorar.net/history/event/9,https://dorar.net/en/history?page=1
10,10,قبل البعثة,-28,سفر النبي صلَّى اللهُ عليه وسلَّم للمرة الثانية إلى الشام,THE PROPHET ﷺ TRAVELS A SECOND TIME TO AL- SHAAM. .,The Prophet ﷺ Travels a Second Time to al- Shaam.,من الدرر (dorar.net/en/history),https://dorar.net/history/event/10,https://dorar.net/en/history?page=1
11,11,قبل البعثة,-18,النَّبيُّ صلَّى الله عَليهِ وسلَّم يضعُ الحَجَرَ الأَسودَ في مكانِه في الكعبةِ,THE PROPHET ﷺ PLACES THE BLACK STONE BACK IN ITS PLACE WITHIN THE KA’BAH. .,The Prophet ﷺ Places the Black Stone Back in Its Place Within the Ka’bah.,من الدرر (dorar.net/en/history),https://dorar.net/history/event/11,https://dorar.net/en/history?page=1
12,12,العهد المكي,-13,أوَّلُ نُزولِ الوَحيِ ونُبوءةُ النَّبيِّ صلَّى الله عَليهِ وسلَّم,THE FIRST REVELATION AND THE PROPHETHOOD OF THE PROPHET ﷺ .,The First Revelation and the Prophethood of the Prophet ﷺ,من الدرر (dorar.net/en/history),https://dorar.net/history/event/12,https://dorar.net/en/history?page=1
13,13,العهد المكي,-13,فُتورُ الوحيِ عن رسولِ الله صلَّى الله عَليهِ وسلَّم,REVELATION STOPS COMING TO THE PROPHET ﷺ FOR A TIME .,Revelation Stops Coming to the Prophet ﷺ for a Time,من الدرر (dorar.net/en/history),https://dorar.net/history/event/13,https://dorar.net/en/history?page=1
14,14,العهد المكي,-13,أوَّلُ النَّاسِ إيمانًا بالله ورسولِه,THE FIRST PEOPLE TO BELIEVE IN ALLAH AND HIS MESSENGER .,The First People to Believe in Allah and His Messenger,من الدرر (dorar.net/en/history),https://dorar.net/history/event/14,https://dorar.net/en/history?page=1
15,15,العهد المكي,-9,ما لقِي الصَّحابةُ من إيذاءِ قُريشٍ,THE PERSECUTION OF THE COMPANIONS BY THE DISBELIEVERS OF QURAYSH .,The Persecution of the Companions by the Disbelievers of Quraysh,من الدرر (dorar.net/en/history),https://dorar.net/history/event/15,https://dorar.net/en/history?page=1
16,16,العهد المكي,-9,طلب قريش من أبي طالب أن يكف عنهم رسول الله صلى الله عليه وسلم,QURAYSH PROTESTS TO ABOO TAALIB ABOUT THE ACTIONS OF THE MESSENGER OF ALLAH ﷺ IN HOPES THAT HE WILL STOP HIM ﷺ. .,Quraysh Protests to Aboo Taalib About the Actions of the Messenger of Allah ﷺ in Hopes That He Will Stop Him ﷺ.,من الدرر (dorar.net/en/history),https://dorar.net/history/event/16,https://dorar.net/en/history?page=2
17,17,العهد المكي,-8,الهِجرةُ الأُولى إلى الحَبشةِ,THE FIRST MIGRATION TO ABYSSINIA .,The First Migration to Abyssinia,من الدرر (dorar.net/en/history),https://dorar.net/history/event/17,https://dorar.net/en/history?page=2
18,18,العهد المكي,-7,إسلام حمزة بن عبد المطلب رَضي اللهُ عنه,"HAMZA IBN ‘ABDUL-MUTTALIB ACCEPTS ISLAM, MAY ALLAH BE WELL PLEASED WITH HIM. .","Hamza ibn ‘Abdul-Muttalib Accepts Islam, May Allah Be Well Pleased with Him.",من الدرر (dorar.net/en/history),https://dorar.net/history/event/18,https://dorar.net/en/history?page=2
19,19,العهد المكي,-7,الهِجرةُ الثَّانيةُ إلى الحَبشةِ,THE SECOND MIGRATION TO ABYSSINIA. .,The Second Migration to Abyssinia.,من الدرر (dorar.net/en/history),https://dorar.net/history/event/19,https://dorar.net/en/history?page=2
20,20,العهد المكي,-7,إِسلامُ عُمَرَ رضِي الله عنهُ,‘UMAR IBN AL-KHATTAAB (MAY ALLAH BE WELL PLEASED WITH HIM) ACCEPTS ISLAM .,‘Umar ibn al-Khattaab (May Allah Be Well Pleased with Him) Accepts Islam,من الدرر (dorar.net/en/history),https://dorar.net/history/event/20,https://dorar.net/en/history?page=2
21,21,العهد المكي,-6,إسلام الطّفيل بن عمرو الدوسي رَضي اللهُ عنه,"THE ISLAM OF TUFAYL IBN ‘AMR AL-DAWSY, MAY ALLAH BE WELL PLEASED WITH HIM .","The Islam of Tufayl ibn ‘Amr al-Dawsy, May Allah Be Well Pleased with Him",من الدرر (dorar.net/en/history),https://dorar.net/history/event/21,https://dorar.net/en/history?page=2
22,22,العهد المكي,-6,حصار قريش للمسلمين في شعب أبي طالب,EMBARGO AND BOYCOTT OF THE HASHEMITES .,Embargo and Boycott of the Hashemites,من الدرر (dorar.net/en/history),https://dorar.net/history/event/22,https://dorar.net/en/history?page=2
23,23,العهد المكي,-3,نَقْضُ قريش لمِيثاقِ الصَّحيفةِ,"THE NULLIFICATION OF THE PARCHMENT, LAYING OUT THE AGREEMENT TO BOYCOTT THE HASHEMITES AND BANOO AL-MUTTALIB .","The Nullification of the Parchment, Laying Out the Agreement to Boycott the Hashemites and Banoo al-Muttalib",من الدرر (dorar.net/en/history),https://dorar.net/history/event/23,https://dorar.net/en/history?page=2
24,24,العهد المكي,-3,وَفاةُ أمِّ المؤمنين خَديجةَ بنتِ خويلدٍ رضِي الله عنها,"THE DEATH OF THE MOTHER OF THE BELIEVERS, KHADEEJAH BINT KHUWAYLID, MAY ALLAH BE WELL PLEASED WITH HER .","The Death of the Mother of the Believers, Khadeejah bint Khuwaylid, May Allah Be Well Pleased with Her",من الدرر (dorar.net/en/history),https://dorar.net/history/event/24,https://dorar.net/en/history?page=2
25,25,العهد المكي,-3,خُروجُ رسولِ الله صلَّى الله عَليهِ وسلَّم إلى الطَّائفِ,THE MESSENGER OF ALLAH ﷺ LEAVING MAKKAH TO AL-TAA’IF .,The Messenger of Allah ﷺ Leaving Makkah to al-Taa’if,من الدرر (dorar.net/en/history),https://dorar.net/history/event/25,https://dorar.net/en/history?page=2
26,26,العهد المكي,-3,إِسلامُ الجِنِّ وتَوافُدهُم على النَّبيِّ صلَّى الله عَليهِ وسلَّم,SOME OF THE JINN MAKE THEIR WAY TO THE PROPHET ﷺ AND ACCEPT ISLAM .,Some of the Jinn Make Their Way to the Prophet ﷺ and Accept Islam,من الدرر (dorar.net/en/history),https://dorar.net/history/event/26,https://dorar.net/en/history?page=2
27,27,العهد المكي,-3,وَفاةُ أبي طالبٍ عَمِّ النَّبيِّ صلَّى الله عَليهِ وسلَّم,"THE DEATH OF ABOO TAALIB, THE PATERNAL UNCLE OF THE PROPHET ﷺ .","The Death of Aboo Taalib, the Paternal Uncle of the Prophet ﷺ",من الدرر (dorar.net/en/history),https://dorar.net/history/event/27,https://dorar.net/en/history?page=2
28,28,العهد المكي,-3,زَواجُ النَّبيِّ صلَّى الله عَليهِ وسلَّم من سَوْدَةَ بنتِ زَمْعَةَ رضِي الله عنها,THE PROPHET ﷺ MARRIES SAWDAH BINT ZAM’AH (MAY ALLAH BE WELL PLEASED WITH HER) .,The Prophet ﷺ Marries Sawdah bint Zam’ah (May Allah Be Well Pleased with Her),من الدرر (dorar.net/en/history),https://dorar.net/history/event/28,https://dorar.net/en/history?page=2
29,29,العهد المكي,-3,بداية دخول الأنصار في الإسلام,THE ANSAAR STARTING TO ACCEPT ISLAM .,The Ansaar Starting to Accept Islam,من الدرر (dorar.net/en/history),https://dorar.net/history/event/29,https://dorar.net/en/history?page=2
30,30,العهد المكي,-2,زَواجُ النَّبيِّ مِن عائشةَ بنتِ أبي بكرٍ الصِّدِّيقِ رضِي الله عنهُما,THE PROPHET ﷺ MARRIES ‘AAÍSHAH BINT ABEE BAKR (MAY ALLAH BE WELL PLEASED WITH HER AND HER FATHER) .,The Prophet ﷺ Marries ‘Aaíshah bint Abee Bakr (May Allah Be Well Pleased with Her and Her Father),من الدرر (dorar.net/en/history),https://dorar.net/history/event/30,https://dorar.net/en/history?page=2
31,31,العهد المكي,-2,بَيْعةُ العَقبةِ الأولى,THE FIRST PLEDGE OF ALLEGIANCE AT AL-‘AQABAH .,The First Pledge of Allegiance at al-‘Aqabah,من الدرر (dorar.net/en/history),https://dorar.net/history/event/31,https://dorar.net/en/history?page=3
32,32,العهد المكي,-1,الإسراءُ والمِعراجُ وفرضُ الصَّلواتِ الخمسِ,THE NIGHT JOURNEY & ASCENSION TO HEAVEN; ENACTING THE FIVE DAILY PRAYERS .,The Night Journey & Ascension to Heaven; Enacting the Five Daily Prayers,من الدرر (dorar.net/en/history),https://dorar.net/history/event/32,https://dorar.net/en/history?page=3
33,33,العهد المكي,-1,هِجرةُ أبي سَلمةَ وأمِّ سَلمةَ رضي الله عنهما,THE EMIGRATION OF ABOO SALAMAH AND UMM SALAMAH .,The Emigration of Aboo Salamah and Umm Salamah,من الدرر (dorar.net/en/history),https://dorar.net/history/event/33,https://dorar.net/en/history?page=3
34,34,العهد المكي,-1,انتِشارُ الإسلامِ في يَثْرِبَ بعدَ العَقبةِ الأولى,ISLAM SPREADS IN YATHRIB (AL-MADEENAH) AFTER THE FIRST PLEDGE OF ALLEGIANCE AT AL-AQABAH .,Islam Spreads in Yathrib (al-Madeenah) After the First Pledge of Allegiance at al-Aqabah,من الدرر (dorar.net/en/history),https://dorar.net/history/event/34,https://dorar.net/en/history?page=3
35,35,العهد المكي,-1,بَيعةُ العَقبةِ الثَّانيةِ,THE SECOND PLEDGE OF ALLEGIANCE AT AL-AL-‘AQABAH. .,The Second Pledge of Allegiance at al-al-‘Aqabah.,من الدرر (dorar.net/en/history),https://dorar.net/history/event/35,https://dorar.net/en/history?page=3
36,36,العهد المكي,0,مُعجِزةُ انشِقاقِ القَمرِ,THE MIRACLE OF THE SPLITTING OF THE MOON .,The Miracle of the Splitting of the Moon,من الدرر (dorar.net/en/history),https://dorar.net/history/event/36,https://dorar.net/en/history?page=3
40,37,الهجرة,1,هِجرةُ الصَّحابةِ إلى المدينةِ,THE MIGRATION OF THE COMPANIONS TO AL-MADEENAH .,The Migration of the Companions to al-Madeenah,من الدرر (dorar.net/en/history),https://dorar.net/history/event/40,https://dorar.net/en/history?page=3
41,38,العهد المكي,1,اجتماعُ المُشركين في دارِ النَّدوَةِ واتِّفاقُهم على قَتلِ النَّبيِّ صلَّى الله عليه وسلَّم,THE POLYTHEISTS OF MAKKAH GATHER IN DAAR AL-NIDWAH AND AGREE TO ALL KILL THE PROPHET ﷺ. .,The Polytheists of Makkah Gather in Daar al-Nidwah and Agree to All Kill the Prophet ﷺ.,من الدرر (dorar.net/en/history),https://dorar.net/history/event/41,https://dorar.net/en/history?page=3
42,39,الهجرة,1,هِجرةُ الرَّسولِ صلَّى الله عليه وسلَّم وأبي بكرٍ رضِي الله عنه إلى المدينةِ,THE MIGRATION OF THE PROPHET ﷺ AND HIS COMPANION ABOO BAKR (MAY ALLAH BE WELL PLEASED WITH HIM) TO AL-MADEENAH .,The Migration of the Prophet ﷺ and His Companion Aboo Bakr (May Allah Be Well Pleased with Him) to al-Madeenah,من الدرر (dorar.net/en/history),https://dorar.net/history/event/42,https://dorar.net/en/history?page=3
43,40,العهد المدني,1,بِناءُ مَسجدِ قُباءٍ,THE BUILDING OF THE MOSQUE AT QUBAA’ .,The Building of the Mosque at Qubaa’,من الدرر (dorar.net/en/history),https://dorar.net/history/event/43,https://dorar.net/en/history?page=3
44,41,العهد المدني,1,بِناءُ المسجدِ النَّبوِيِّ,THE BUILDING OF THE PROPHET’S MOSQUE .,The Building of the Prophet’s Mosque,من الدرر (dorar.net/en/history),https://dorar.net/history/event/44,https://dorar.net/en/history?page=3
45,42,العهد المدني,1,المُؤاخاةُ بين المُهاجِرين والأنصارِ,THE EMIGRANTS AND THE ANSAAR ARE MADE BROTHERS .,The Emigrants and the Ansaar Are Made Brothers,من الدرر (dorar.net/en/history),https://dorar.net/history/event/45,https://dorar.net/en/history?page=3
37,43,العهد المدني,1,إسلام عبد الله بن سلَام رَضي اللهُ عنه,‘ABDULLAH IBN SALAAM (MAY ALLAH BE PLEASED WITH HIM) ENTERS ISLAM .,‘Abdullah ibn Salaam (May Allah Be Pleased with Him) Enters Islam,من الدرر (dorar.net/en/history),https://dorar.net/history/event/37,https://dorar.net/en/history?page=3
38,44,العهد المدني,1,معاهدة النبي صلَّى اللهُ عليه وسلَّم مع يهود,THE PROPHET ﷺ CONCLUDES A PACT WITH THE JEWS .,The Prophet ﷺ Concludes a Pact with the Jews,من الدرر (dorar.net/en/history),https://dorar.net/history/event/38,https://dorar.net/en/history?page=3
39,45,العهد المدني,1,مَشروعِيَّةُ الأَذانِ,LEGISLATING THE CALL TO PRAYER .,Legislating the Call to Prayer,من الدرر (dorar.net/en/history),https://dorar.net/history/event/39,https://dorar.net/en/history?page=3
46,46,العهد المدني,1,سرية عبيدة بن الحارث بن المطلب إلى بطن رابغ,"SENDING OUT AN EXPEDITION LED BY ‘UBAYDAH IBN AL-HAARITH IBN AL-MUTTALIB TO THE VALLEY OF RAABIGH, .","Sending Out an Expedition Led by ‘Ubaydah ibn al-Haarith ibn al-Muttalib to the Valley of Raabigh,",من الدرر (dorar.net/en/history),https://dorar.net/history/event/46,https://dorar.net/en/history?page=4
47,47,العهد المدني,1,سرية حمزة إلى سيف البحر,SENDING OUT AN EXPEDITION LED BY HAMZAH TO THE SEASHORE .,Sending Out an Expedition Led by Hamzah to the Seashore,من الدرر (dorar.net/en/history),https://dorar.net/history/event/47,https://dorar.net/en/history?page=4
48,48,العهد المدني,1,سرية سعد بن أبي وقاص رضي الله عنه إلى الخَرّار,SENDING OUT AN EXPEDITION LED BY SA’D IBN ABEE WAQQAAS (MAY ALLAH BE PLEASED WITH HIM) TO AL-KHARRAAR .,Sending Out an Expedition Led by Sa’d ibn Abee Waqqaas (May Allah Be Pleased with Him) to al-Kharraar,من الدرر (dorar.net/en/history),https://dorar.net/history/event/48,https://dorar.net/en/history?page=4
49,49,العهد المدني,2,غَزوةُ الأَبْواءِ (وَدَّانَ) ومُوادَعةُ بني ضَمْرَةَ,THE BATTLE OF AL-ABWAA’ (WADDAAN) AND MAKING PEACE WITH BANEE DUMRAH .,The Battle of al-Abwaa’ (Waddaan) and Making Peace with Banee Dumrah,من الدرر (dorar.net/en/history),https://dorar.net/history/event/49,https://dorar.net/en/history?page=4
50,50,العهد المدني,2,غزوة بدر الأولى (وادي سفوان),THE FIRST BATTLE OF BADR (THE VALLEY OF SAFWAAN) .,The First Battle of Badr (The Valley of Safwaan),من الدرر (dorar.net/en/history),https://dorar.net/history/event/50,https://dorar.net/en/history?page=4
51,51,العهد المدني,2,غَزوةُ بُواطٍ بِقُربِ يَنْبُعَ,THE BATTLE OF BUWAAT .,The Battle of Buwaat,من الدرر (dorar.net/en/history),https://dorar.net/history/event/51,https://dorar.net/en/history?page=4
52,52,العهد المدني,2,غَزوةُ العُشَيْرَةِ (الْعُسَيْرَةِ),THE BATTLE OF AL-USHAYRAH (AL-USAYRAH) .,The Battle of al-Ushayrah (al-Usayrah),من الدرر (dorar.net/en/history),https://dorar.net/history/event/52,https://dorar.net/en/history?page=4
53,53,العهد المدني,2,سرية سعد بن أبي وقاص رضي الله عنه إلى رابغ,THE EXPEDITION OF SA’D IN ABEE WAQQAAS (MAY ALLAH BE PLEASED WITH HIM) .,The Expedition of Sa’d in Abee Waqqaas (May Allah Be Pleased with Him),من الدرر (dorar.net/en/history),https://dorar.net/history/event/53,https://dorar.net/en/history?page=4
54,54,العهد المدني,2,سرية عبد الله بن جحش الأسدي إلى نخلة,SENDING OUT THE EXPEDITION OF ‘ADULLAH IBN JAHSH AL-ASADEE TO NAKHLAH .,Sending Out the Expedition of ‘Adullah ibn Jahsh al-Asadee to Nakhlah,من الدرر (dorar.net/en/history),https://dorar.net/history/event/54,https://dorar.net/en/history?page=4
55,55,العهد المدني,2,تَحويلُ القِبلَةِ إلى الكعبة,CHANGING THE DIRECTION OF QIBLAH .,Changing the Direction of Qiblah,من الدرر (dorar.net/en/history),https://dorar.net/history/event/55,https://dorar.net/en/history?page=4
56,56,العهد المدني,2,نزول فَرْضِيَّة صِيامِ شَهرِ رَمضانَ,ENACTING THE FASTING OF THE MONTH OF RAMADAN .,Enacting the Fasting of the Month of Ramadan,من الدرر (dorar.net/en/history),https://dorar.net/history/event/56,https://dorar.net/en/history?page=4
57,57,العهد المدني,2,نزول فَرْضية زكاةِ الفِطرِ,ENACTING THE ZAKAT OF FITR .,Enacting the Zakat of Fitr,من الدرر (dorar.net/en/history),https://dorar.net/history/event/57,https://dorar.net/en/history?page=4
58,58,العهد المدني,2,سرية عمير بن عدي رضي الله عنه لقتل عصماء بنت مروان,SENDING ‘UMAYR IBN ‘ADYY AL-KHATMEE (MAY ALLAH BE PLEASED WITH HIM) TO ‘ASMAA’ BINT MARWAAN FROM THE TRIBE OF ‘UMAYYAH IBN ZAYD. .,Sending ‘Umayr ibn ‘Adyy al-Khatmee (May Allah Be Pleased with Him) to ‘Asmaa’ bint Marwaan from the Tribe of ‘Umayyah ibn Zayd.,من الدرر (dorar.net/en/history),https://dorar.net/history/event/58,https://dorar.net/en/history?page=4
59,59,العهد المدني,2,غَزوةُ بدرٍ (الكُبرى) وانْتصارُ المُسلمين,THE GREAT BATTLE OF BADR (THE VICTORY OF MUSLIMS) .,The Great Battle of Badr (The Victory of Muslims),من الدرر (dorar.net/en/history),https://dorar.net/history/event/59,https://dorar.net/en/history?page=4
60,60,العهد المدني,2,وفاةُ رُقَيَّةَ رضِي الله عنها,THE DEATH OF RUQAYYAH (MAY ALLAH BE PLEASED WITH HER). .,The Death of Ruqayyah (May Allah Be Pleased with Her).,من الدرر (dorar.net/en/history),https://dorar.net/history/event/60,https://dorar.net/en/history?page=4
61,61,العهد المدني,2,سرية سالم بن عمير رضي الله تعالى عنه إلى أبي عفك اليهودي,"DISPATCHING THE EXPEDITION OF SAALIM IBN ‘AMR (MAY ALLAH BE PLEASED WITH HIM) TO ‘ABOO ‘AFAK, THE JEW .","Dispatching the Expedition of Saalim ibn ‘Amr (May Allah Be Pleased with Him) to ‘Aboo ‘Afak, the Jew",من الدرر (dorar.net/en/history),https://dorar.net/history/event/61,https://dorar.net/en/history?page=5
62,62,العهد المدني,2,غَزوةُ بني قَينُقاعٍ,THE BATTLE OF BANOO QAYNUQAA’ .,The Battle of Banoo Qaynuqaa’,من الدرر (dorar.net/en/history),https://dorar.net/history/event/62,https://dorar.net/en/history?page=5
63,63,العهد المدني,2,غزوة السويق أو غزوة بني سليم (قرقرة الكدر),THE BATTLE OF AS-SOOWAYQ / THE BATTLE OF BANEE SALEEM AT AL-KUDR (QARQARAH AL-KUDR) .,The Battle of As-Soowayq / the Battle of Banee Saleem at al-Kudr (Qarqarah al-Kudr),من الدرر (dorar.net/en/history),https://dorar.net/history/event/63,https://dorar.net/en/history?page=5
65,64,العهد المدني,3,مَقتَلُ كعبِ بنِ الأَشرفِ,THE KILLING OF KA’B IBN AL-ASHRAF .,The Killing of Ka’b ibn al-Ashraf,من الدرر (dorar.net/en/history),https://dorar.net/history/event/65,https://dorar.net/en/history?page=5
66,65,العهد المدني,3,غزوة غطفان إلى نجد (غزوة ذي أمرّ),THE BATTLE OF GHATAFAAN .,The Battle of Ghatafaan,من الدرر (dorar.net/en/history),https://dorar.net/history/event/66,https://dorar.net/en/history?page=5
67,66,العهد المدني,3,غزوة بحران بين الفُرْعِ والمدينة,THE BATTLE OF AL-FUROO’ AT BUHRAAN .,The Battle of al-Furoo’ at Buhraan,من الدرر (dorar.net/en/history),https://dorar.net/history/event/67,https://dorar.net/en/history?page=5
68,67,العهد المدني,3,سَرِيَّةُ زيدِ بنِ حارِثةَ,THE EXPEDITION OF ZAYD IBN HAARITHAH .,The Expedition of Zayd ibn Haarithah,من الدرر (dorar.net/en/history),https://dorar.net/history/event/68,https://dorar.net/en/history?page=5
69,68,العهد المدني,3,غَزوةُ أُحُدٍ وسبب هزيمة المسلمين,THE BATTLE OF UHUD AND THE DEFEAT OF THE MUSLIMS BECAUSE OF THE ARCHERS WHO DISOBEYED THE COMMAND OF THE PROPHET ﷺ .,The Battle of Uhud and the Defeat of the Muslims Because of the Archers Who Disobeyed the Command of the Prophet ﷺ,من الدرر (dorar.net/en/history),https://dorar.net/history/event/69,https://dorar.net/en/history?page=5
70,69,العهد المدني,3,اسْتِشهادُ حَمزةَ رضِي الله عنه في غَزوةِ أُحُدٍ,THE MARTYRDOM OF HAMZAH IN THE BATTLE OF UHUD .,The Martyrdom of Hamzah in the Battle of Uhud,من الدرر (dorar.net/en/history),https://dorar.net/history/event/70,https://dorar.net/en/history?page=5
71,70,العهد المدني,3,غَزوةُ حَمراءِ الأَسدِ,THE EXPEDITION OF HAMRAA’ AL-ASAD .,The Expedition of Hamraa’ al-Asad,من الدرر (dorar.net/en/history),https://dorar.net/history/event/71,https://dorar.net/en/history?page=5
72,71,العهد المدني,4,سرية عبد الله بن عبد الأسد رضي الله عنه إلى قطن,"THE BRIGADE OF ABOO SALAMAH, ABDULLAH IBN ABD AL-ASAD (MAY ALLAH BE PLEASED WITH HIM) TO QATAN .","The Brigade of Aboo Salamah, Abdullah ibn Abd al-Asad (May Allah Be Pleased with Him) to Qatan",من الدرر (dorar.net/en/history),https://dorar.net/history/event/72,https://dorar.net/en/history?page=5
73,72,العهد المدني,4,سرية عبد الله بن أنيس الجهني إلى سفيان بن خالد ببطن عُرْنة,THE DISPATCHING OF ABDULLAH IBN UNAYS IBN AS’AD AL-JUHANEE AL-QUDHAA’I AL-ANSAAREE AL-SALAMEE TO KILL SUFYAAN IBN KHAALID AT ‘URNAH .,The Dispatching of Abdullah ibn Unays ibn As’ad al-Juhanee al-Qudhaa’i al-Ansaaree al-Salamee to Kill Sufyaan ibn Khaalid at ‘Urnah,من الدرر (dorar.net/en/history),https://dorar.net/history/event/73,https://dorar.net/en/history?page=5
74,73,العهد المدني,4,سرية يَوم الرَّجيعِ,THE BATTLE OF AR-RAJEE’ .,The Battle of Ar-Rajee’,من الدرر (dorar.net/en/history),https://dorar.net/history/event/74,https://dorar.net/en/history?page=5
75,74,العهد المدني,4,سرية بِئر مَعونةَ,THE WELL OF MA’OONAH .,The Well of Ma’oonah,من الدرر (dorar.net/en/history),https://dorar.net/history/event/75,https://dorar.net/en/history?page=5
76,75,العهد المدني,4,غَزوةُ بني النَّضيرِ,THE BATTLE OF BANOO AN-NADEER .,The Battle of Banoo An-Nadeer,من الدرر (dorar.net/en/history),https://dorar.net/history/event/76,https://dorar.net/en/history?page=6
78,76,العهد المدني,4,غزوة بدر الموعد (بدر الثانية),THE BATTLE OF SECOND BADR (BADR AL-MAW’ID) .,The Battle of Second Badr (Badr al-Maw’id),من الدرر (dorar.net/en/history),https://dorar.net/history/event/78,https://dorar.net/en/history?page=6
80,77,العهد المدني,5,غزوة دومة الجندل,THE EXPEDITION OF DOOMAT AL-JANDAL .,The Expedition of Doomat al-Jandal,من الدرر (dorar.net/en/history),https://dorar.net/history/event/80,https://dorar.net/en/history?page=6
83,78,العهد المدني,5,غزوة بني المصطلق (المريسيع),THE EXPEDITION OF BANOO AL-MUSTALIQ (AL-MARAYSEE’) .,The Expedition of Banoo al-Mustaliq (al-Maraysee’),من الدرر (dorar.net/en/history),https://dorar.net/history/event/83,https://dorar.net/en/history?page=6
79,79,العهد المدني,5,حادِثةُ الإفْكِ,THE FALSE ACCUSATION OF ADULTERY LEVIED AGAINST ‘AISHAH (MAY ALLAH BE PLEASED WITH HER) .,The False Accusation of Adultery Levied Against ‘Aishah (May Allah Be Pleased with Her),من الدرر (dorar.net/en/history),https://dorar.net/history/event/79,https://dorar.net/en/history?page=6
84,80,العهد المدني,5,غَزوةُ الخَندَقِ (الأَحزابِ),THE BATTLE OF TRENCH .,The Battle of Trench,من الدرر (dorar.net/en/history),https://dorar.net/history/event/84,https://dorar.net/en/history?page=6
85,81,العهد المدني,5,نُزولُ آيةِ الحِجابِ,THE REVELATION OF THE AYAH OF HIJAAB .,The Revelation of the Ayah of Hijaab,من الدرر (dorar.net/en/history),https://dorar.net/history/event/85,https://dorar.net/en/history?page=6
86,82,العهد المدني,5,غَزوةُ يَهودِ بني قُرَيْظَةَ,THE BATTLE OF THE JEWS OF BANOO QURAYDHAH .,The Battle of the Jews of Banoo Quraydhah,من الدرر (dorar.net/en/history),https://dorar.net/history/event/86,https://dorar.net/en/history?page=6
87,83,العهد المدني,6,مَقتلُ سَلَّامِ بنِ أبي الحُقَيْقِ اليَهوديِّ,"THE KILLING OF SALLAAM IBN ABOO AL-HUQAYQ, THE JEW. .","The Killing of Sallaam ibn Aboo al-Huqayq, the Jew.",من الدرر (dorar.net/en/history),https://dorar.net/history/event/87,https://dorar.net/en/history?page=6
88,84,العهد المدني,6,غَزوةُ ذي قَرَدٍ,THE BATTLE OF DHEE QARAD .,The Battle of Dhee Qarad,من الدرر (dorar.net/en/history),https://dorar.net/history/event/88,https://dorar.net/en/history?page=6
89,85,العهد المدني,6,سرية محمد بن مسلمة رضي الله عنه إلى القرطاء,THE BRIGADE OF MUHAMMAD IBN MASLAMAH (MAY ALLAH BE PLEASED WITH HIM) TOWARDS AL-QURTAA’ .,The Brigade of Muhammad ibn Maslamah (May Allah Be Pleased with Him) Towards al-Qurtaa’,من الدرر (dorar.net/en/history),https://dorar.net/history/event/89,https://dorar.net/en/history?page=6
90,86,العهد المدني,6,سرية عُكَّاشة بن مِحصَن رضي الله عنه إلى الغَمر (ماء بني أسد),THE BRIGADE OF ‘UKKAASHAH IBN MIHSAN (MAY ALLAH BE PLEASED WITH HIM) TO GHAMR MAZRUQ (A WATER SOURCE THAT BELONGED TO BANOO ASAD) .,The Brigade of ‘Ukkaashah ibn Mihsan (May Allah Be Pleased with Him) to Ghamr Mazruq (A Water Source That Belonged to Banoo Asad),من الدرر (dorar.net/en/history),https://dorar.net/history/event/90,https://dorar.net/en/history?page=6
91,87,العهد المدني,6,سرية محمد بن مسلمة رضي الله عنه إلى بني ثعلبة وبني عوال بذي القَصَّةِ,THE BRIGADE OF MUHAMMAD IBN MASLAMAH (MAY ALLAH BE PLEASED WITH HIM_ TO BANOO THA’LABAH AND BANOO ‘AWAAL AT DHOO AL-QASSAH .,The Brigade of Muhammad ibn Maslamah (May Allah Be Pleased with Him_ to Banoo Tha’labah and Banoo ‘Awaal at Dhoo al-Qassah,من الدرر (dorar.net/en/history),https://dorar.net/history/event/91,https://dorar.net/en/history?page=7
92,88,العهد المدني,6,سرية أبي عبيدة بن الجراح إلى ذي القصة,THE BRIGADE OF ABOO ‘UBAYDAH IBN AL-JARRAAH TO DHOO AL-QASSAH .,The Brigade of Aboo ‘Ubaydah ibn al-Jarraah to Dhoo al-Qassah,من الدرر (dorar.net/en/history),https://dorar.net/history/event/92,https://dorar.net/en/history?page=7
93,89,العهد المدني,6,سرية زيد بن حارثة رضي الله عنه إلى الجموم (ماءٌ على طَريقِ مكةَ),THE BRIGADE OF ZAYD IBN HAARITHAH AT AL-JAMOOM .,The Brigade of Zayd ibn Haarithah at al-Jamoom,من الدرر (dorar.net/en/history),https://dorar.net/history/event/93,https://dorar.net/en/history?page=7
94,90,العهد المدني,6,غزوة بني لحيان (الذين غدروا يوم الرجيع),THE BATTLE OF BANOO LIHYAAN BANEE HUDHAYL IBN MUDRIKAH ON THE OUTSKIRTS OF ‘ASFAAN .,The Battle of Banoo Lihyaan Banee Hudhayl ibn Mudrikah on the Outskirts of ‘Asfaan,من الدرر (dorar.net/en/history),https://dorar.net/history/event/94,https://dorar.net/en/history?page=7
95,91,العهد المدني,6,سرية زيد بن حارثة رضي الله عنه إلى العيص,THE BRIGADE OF ZAYD IBN HAARITHAH TO AL-‘EES (NOW KNOWN AS AL AIS/ AL ‘AYS) .,The Brigade of Zayd ibn Haarithah to al-‘Ees (Now Known as al Ais/ al ‘Ays),من الدرر (dorar.net/en/history),https://dorar.net/history/event/95,https://dorar.net/en/history?page=7
96,92,العهد المدني,6,سرية زيد بن حارثة إلى بني ثعلبة بالطَّرف (ماء قرب المدينة),THE BRIGADE OF ZAYD IBN HAARITHAH TO BANOO THA’LABAH AT AL-TARAF .,The Brigade of Zayd ibn Haarithah to Banoo Tha’labah at al-Taraf,من الدرر (dorar.net/en/history),https://dorar.net/history/event/96,https://dorar.net/en/history?page=7
97,93,العهد المدني,6,سرية عبد الرحمن بن عوف رضي الله عنه إلى دومة الجندل,THE BRIGADE OF ABDUR RAHMAAN IBN ‘AWF TO DOOMAT AL-JANDAL .,The Brigade of Abdur Rahmaan ibn ‘Awf to Doomat al-Jandal,من الدرر (dorar.net/en/history),https://dorar.net/history/event/97,https://dorar.net/en/history?page=7
98,94,العهد المدني,6,سرية أبي بكر الصديق رضي الله عنه إلى بني فزارة بوادي القرى,THE BRIGADE OF ABOO BAKR AS-SIDDEEQ (MAY ALLAH BE PLEASED WITH HIM) TO BANOO FAZAARAH AT WADEE AL-QURA .,The Brigade of Aboo Bakr As-Siddeeq (May Allah Be Pleased with Him) to Banoo Fazaarah at Wadee al-Qura,من الدرر (dorar.net/en/history),https://dorar.net/history/event/98,https://dorar.net/en/history?page=7
99,95,العهد المدني,6,سرية كُرز بن جابر الفهري إلى العرنيين,THE BRIGADE OF KURZ IBN JAABIR AL-FIHREE TO THE PEOPLE ‘URAYNAH .,The Brigade of Kurz ibn Jaabir al-Fihree to the People ‘Uraynah,من الدرر (dorar.net/en/history),https://dorar.net/history/event/99,https://dorar.net/en/history?page=7
100,96,العهد المدني,6,بَيعةُ الرِّضْوانِ,THE PLEDGE OF ALLEGIANCE OF AL-RIDWAAN .,The Pledge of Allegiance of al-Ridwaan,من الدرر (dorar.net/en/history),https://dorar.net/history/event/100,https://dorar.net/en/history?page=7
101,97,العهد المدني,6,صُلْحُ الحُدَيبيةِ,THE TREATY OF AL-HUDAYBIYAH .,The Treaty of al-Hudaybiyah,من الدرر (dorar.net/en/history),https://dorar.net/history/event/101,https://dorar.net/en/history?page=7
102,98,العهد المدني,7,غَزوةُ خَيبرَ,THE BATTLE OF KHAYBAR .,The Battle of Khaybar,من الدرر (dorar.net/en/history),https://dorar.net/history/event/102,https://dorar.net/en/history?page=7
103,99,العهد المدني,7,تَحريمُ لُحومِ الحُمُرِ الأَهْلِيَّةِ ومُتعةِ النِّساءِ يوم خيبر,THE PROHIBITION OF CONSUMING DOMESTIC DONKEYS AND OF TEMPORARY MARRIAGES .,The Prohibition of Consuming Domestic Donkeys and of Temporary Marriages,من الدرر (dorar.net/en/history),https://dorar.net/history/event/103,https://dorar.net/en/history?page=7
104,100,العهد المدني,7,هجرة أبي موسى الأشعري وأصحابه رضي الله عنهم إلى المدينة مروراً بالحَبشةِ,THE RETURN OF THE EMIGRANTS FROM ABYSSINIA .,The Return of the Emigrants from Abyssinia,من الدرر (dorar.net/en/history),https://dorar.net/history/event/104,https://dorar.net/en/history?page=7
105,101,العهد المدني,7,مُحاوَلةُ اليَهودِ تَسميمِ رسولِ الله صلَّى الله عليه وسلَّم,THE ATTEMPT OF JEWS TO POISON THE MESSENGER OF ALLAH ﷺ .,The Attempt of Jews to Poison the Messenger of Allah ﷺ,من الدرر (dorar.net/en/history),https://dorar.net/history/event/105,https://dorar.net/en/history?page=7
106,102,العهد المدني,7,مراسلة النبي صلى الله عليه وسلم إلى المُلوكِ يَدعوهُم إلى الإسلامِ,THE ENVOYS OF THE MESSENGER OF ALLAH ﷺ TO THE KINGS .,The Envoys of the Messenger of Allah ﷺ to the Kings,من الدرر (dorar.net/en/history),https://dorar.net/history/event/106,https://dorar.net/en/history?page=8
77,103,العهد المدني,7,غَزوةُ ذاتِ الرِّقاعِ,THE BATTLE OF RAGS (DHAAT AR-RIQAA’) .,The Battle of Rags (Dhaat Ar-Riqaa’),من الدرر (dorar.net/en/history),https://dorar.net/history/event/77,https://dorar.net/en/history?page=6
107,104,العهد المدني,7,سَرِيَّةُ غالبِ بنِ عبدِ الله اللَّيثيِّ إلى بني المُلَوَّحِ بُقدَيْدٍ,THE BRIGADE OF GHAALIB IBN ABDULLAH AL-LAYTHEE TO BANOO AL-MULLAWWAH AT QUDAYD .,The Brigade of Ghaalib ibn Abdullah al-Laythee to Banoo al-Mullawwah at Qudayd,من الدرر (dorar.net/en/history),https://dorar.net/history/event/107,https://dorar.net/en/history?page=8
108,105,العهد المدني,7,سرية زيد بن حارثة إلى أرض حِسْمى,THE BRIGADE OF ZAYD IBN HAARITHAH TO HISMEE .,The Brigade of Zayd ibn Haarithah to Hismee,من الدرر (dorar.net/en/history),https://dorar.net/history/event/108,https://dorar.net/en/history?page=8
109,106,العهد المدني,7,سَرِيَّةُ عُمَرَ بنِ الخطَّابِ رضِي الله عنه إلى (تُرَبَةَ) طائفةٍ مِن هَوازِنَ,"THE EXPEDITION OF ‘UMAR IBN AL-KHATTAAB (MAY ALLAH BE PLEASED WITH HIM) TO TURBAH, A GROUP OF HAWAAZIN .","The Expedition of ‘Umar ibn al-Khattaab (May Allah Be Pleased with Him) to Turbah, a Group of Hawaazin",من الدرر (dorar.net/en/history),https://dorar.net/history/event/109,https://dorar.net/en/history?page=8
110,107,العهد المدني,7,سَرِيَّةُ بَشيرِ بنِ سعدٍ الأَنصاريِّ إلى بني مُرَّةَ بِناحِيةِ فَدَكٍ,THE EXPEDITION OF BASHEER IBN SA’D AL-ANSAAREE TO BANOO MURRAH AT FADAK .,The Expedition of Basheer ibn Sa’d al-Ansaaree to Banoo Murrah at Fadak,من الدرر (dorar.net/en/history),https://dorar.net/history/event/110,https://dorar.net/en/history?page=8
111,108,العهد المدني,7,سَرِيَّةُ غالبِ بنِ عبدِ الله اللَّيثيِّ إلى بني عُوَالٍ,THE EXPEDITION OF GHAALIB IBN ABDULLAH AL-LAYTHEE TO BANOO ‘UWAAL AND OTHERS .,The Expedition of Ghaalib ibn Abdullah al-Laythee to Banoo ‘Uwaal and Others,من الدرر (dorar.net/en/history),https://dorar.net/history/event/111,https://dorar.net/en/history?page=8
112,109,العهد المدني,7,سَرِيَّةُ عبدِ الله بنِ رَواحةَ إلى خَيبرَ لِقَتلِ يَسيرِ بنِ رِزامٍ اليَهوديِّ,"THE EXPEDITION OF ABDULLAH IBN RAWAAHAH TO KHAYBAR TO KILL YASEER IBN RIZAAM, THE JEW .","The Expedition of Abdullah ibn Rawaahah to Khaybar to Kill Yaseer ibn Rizaam, the Jew",من الدرر (dorar.net/en/history),https://dorar.net/history/event/112,https://dorar.net/en/history?page=8
113,110,العهد المدني,7,سَرِيَّةُ أبي حَدْرَدٍ الأَسلميٍّ إلى الغابةِ,THE BRIGADE OF ABOO HADRAD AL-ASLAMEE TO AL-GHAABAH .,The Brigade of Aboo Hadrad al-Aslamee to al-Ghaabah,من الدرر (dorar.net/en/history),https://dorar.net/history/event/113,https://dorar.net/en/history?page=8
114,111,العهد المدني,7,عُمرَةُ الحُديبيةِ وتُسَمَّى (عُمرَةَ القَضاءِ),THE ‘UMRAH OF AL-HUDAYBIYAH (UMRAH AL-QADAA’) .,The ‘Umrah of al-Hudaybiyah (Umrah al-Qadaa’),من الدرر (dorar.net/en/history),https://dorar.net/history/event/114,https://dorar.net/en/history?page=8
115,112,العهد المدني,7,سَرِيَّةُ ابنِ أبي العَوجاءِ إلى بني سُلَيْمٍ,THE BRIGADE OF IBN ABOO AL-‘AWJAA’ TO BANOO SULAYM .,The Brigade of ibn Aboo al-‘Awjaa’ to Banoo Sulaym,من الدرر (dorar.net/en/history),https://dorar.net/history/event/115,https://dorar.net/en/history?page=8
116,113,العهد المدني,8,وَفاةُ زَينبَ رضِي الله عنها بنتِ رسولِ الله صلَّى الله عليه وسلَّم,THE DEATH OF ZAYNAB (MAY ALLAH BE PLEASED WITH HER) THE DAUGHTER OF THE MESSENGER OF ALLAH ﷺ .,The Death of Zaynab (May Allah Be Pleased with Her) the Daughter of the Messenger of Allah ﷺ,من الدرر (dorar.net/en/history),https://dorar.net/history/event/116,https://dorar.net/en/history?page=8
118,114,العهد المدني,8,إِسلامُ عَمرِو بنِ العاصِ وخالدِ بنِ الوليدِ وعُثمانَ بنِ طلحةَ رضِي الله عنهم,"THE ISLAM OF ‘AMR IBN AL-‘AAS, KHAALID IBN AL-WALEED, AND ‘UTHMAAN IBN TALHAH (MAY ALLAH BE PLEASED WITH THEM). .","The Islam of ‘Amr ibn al-‘Aas, Khaalid ibn al-Waleed, and ‘Uthmaan ibn Talhah (May Allah Be Pleased with Them).",من الدرر (dorar.net/en/history),https://dorar.net/history/event/118,https://dorar.net/en/history?page=8
119,115,العهد المدني,8,سَرِيَّةُ غالبِ بنِ عبدِ الله اللَّيثيِّ إلى أَصحابِ بَشيرِ بنِ سعدٍ بفَدَكٍ,THE EXPEDITION OF GHAALIB IBN ‘ABD ALLAH AL-LAYTHEE TO AVENGE FOR THE KILLING OF THE COMPANIONS OF BASHEER IBN SA’D AT FADAK. .,The Expedition of Ghaalib ibn ‘Abd Allah al-Laythee to Avenge for the Killing of the Companions of Basheer ibn Sa’d at Fadak.,من الدرر (dorar.net/en/history),https://dorar.net/history/event/119,https://dorar.net/en/history?page=8
120,116,العهد المدني,8,سَرِيَّةَ كعبِ بنِ عُميرٍ الأنصاريِّ إلى بني قُضَاعَةَ,DISPATCHING AN EXPEDITION TO DHAAT ADTLAH TO FIGHT BANOO QUDAA’AH .,Dispatching an Expedition to Dhaat Adtlah to Fight Banoo Qudaa’ah,من الدرر (dorar.net/en/history),https://dorar.net/history/event/120,https://dorar.net/en/history?page=8
121,117,العهد المدني,8,سَرِيَّةُ شُجاعِ بنِ وَهْبٍ رضِي الله عنه إلى بني هَوازِنَ,THE EXPEDITION OF SHUJ’AA IBN WAH TO BANOO HAWAAZIN .,The Expedition of Shuj’aa ibn Wah to Banoo Hawaazin,من الدرر (dorar.net/en/history),https://dorar.net/history/event/121,https://dorar.net/en/history?page=9
122,118,العهد المدني,8,غَزوةُ مُؤْتَةَ,THE BATTLE OF MU’TAH .,The Battle of Mu’tah,من الدرر (dorar.net/en/history),https://dorar.net/history/event/122,https://dorar.net/en/history?page=9
123,119,العهد المدني,8,غَزوةُ ذاتِ السَّلاسِلِ,THE BATTLE OF CHAINS (DHAAT AL-SALAASIL) .,The Battle of Chains (Dhaat al-Salaasil),من الدرر (dorar.net/en/history),https://dorar.net/history/event/123,https://dorar.net/en/history?page=9
124,120,العهد المدني,8,سَرِيَّةُ أبي عُبيدةَ بنِ الجَرَّاحِ رضِي الله عنه إلى سِيفِ البَحرِ,THE EXPEDITION OF ABOO ‘UBAYDAH IBN AL-JARRAAH TO SAYF AL-BAHR .,The Expedition of Aboo ‘Ubaydah ibn al-Jarraah to Sayf al-Bahr,من الدرر (dorar.net/en/history),https://dorar.net/history/event/124,https://dorar.net/en/history?page=9
125,121,العهد المدني,8,سَرِيَّةُ أبي قَتادةَ الأَنصاريِّ إلى خَضِرَة,THE EXPEDITION OF ABOO QATAADH AL-ANSAAREE TO KHIDRAH .,The Expedition of Aboo Qataadh al-Ansaaree to Khidrah,من الدرر (dorar.net/en/history),https://dorar.net/history/event/125,https://dorar.net/en/history?page=9
126,122,العهد المدني,8,سَرِيَّةُ أبي قَتادةَ رضِي الله عنه إلى بَطْنِ إِضَمٍ,THE EXPEDITION OF ABOO QATAADAH (MAY ALLAH BE PLEASED WITH HIM) TO BATN AND IDAM. .,The Expedition of Aboo Qataadah (May Allah Be Pleased with Him) to Batn and Idam.,من الدرر (dorar.net/en/history),https://dorar.net/history/event/126,https://dorar.net/en/history?page=9
127,123,العهد المدني,8,غَزوةُ فَتحِ مكَّةَ,THE CONQUEST OF MAKKAH .,The Conquest of Makkah,من الدرر (dorar.net/en/history),https://dorar.net/history/event/127,https://dorar.net/en/history?page=9
128,124,العهد المدني,8,سَرِيَّةُ خالدِ بنِ الوليدِ رضِي الله عنه إلى العُزَّى بنَخْلَةَ,THE EXPEDITION OF KHAALID IBN AL-WALEED (MAY ALLAH BE PLEASED WITH HIM) TO DESTROY THE SHE-IDOL STATURE CALLED AL-‘UZZA AT NAKHLAH. .,The Expedition of Khaalid ibn al-Waleed (May Allah Be Pleased with Him) to Destroy the She-Idol Stature Called al-‘Uzza at Nakhlah.,من الدرر (dorar.net/en/history),https://dorar.net/history/event/128,https://dorar.net/en/history?page=9
129,125,العهد المدني,8,سَرِيَّةُ عَمرِو بنِ العاصِ رضِي الله عنه إلى سُواعٍ، صَنَمِ هُذيلٍ,"THE EXPEDITION OF ‘AMR IBN AL-‘AAS TO DESTROY SOOWAA’ , THE IDOL OF THE TRIBE OF HUDHAYL .","The Expedition of ‘Amr ibn al-‘Aas to Destroy Soowaa’ , the Idol of the Tribe of Hudhayl",من الدرر (dorar.net/en/history),https://dorar.net/history/event/129,https://dorar.net/en/history?page=9
130,126,العهد المدني,8,سَرِيَّةُ خالدِ بنِ الوليدِ رضِي الله عنه إلى بني جَذِيمَةَ,THE EXPEDITION OF KHAALID IBN AL-WALEED (MAY ALLAH BE PLEASED WITH HIM) TO BANOO JADHEEMAH .,The Expedition of Khaalid ibn al-Waleed (May Allah Be Pleased with Him) to Banoo Jadheemah,من الدرر (dorar.net/en/history),https://dorar.net/history/event/130,https://dorar.net/en/history?page=9
132,127,العهد المدني,8,غَزوةُ حُنينٍ (هَوازِنَ),THE BATTLE OF HUNAYN (HAWAAZIN) .,The Battle of Hunayn (Hawaazin),من الدرر (dorar.net/en/history),https://dorar.net/history/event/132,https://dorar.net/en/history?page=9
117,128,العهد المدني,8,سريَّة أَوْطاسٍ (وادٍ بين مكة والطائف),THE BATTLE OF AWTAAS .,The Battle of Awtaas,من الدرر (dorar.net/en/history),https://dorar.net/history/event/117,https://dorar.net/en/history?page=8
131,129,العهد المدني,8,غزوة الطَّائفِ بعد أن حاصرها المسلمون أربعين ليلة,THE SIEGE OF AL-TAA’IF .,The Siege of al-Taa’if,من الدرر (dorar.net/en/history),https://dorar.net/history/event/131,https://dorar.net/en/history?page=9
133,130,العهد المدني,8,عُمرَةُ الجِعْرانَةِ,THE ‘UMRAH OF AL-JI’RAANAH .,The ‘Umrah of al-Ji’raanah,من الدرر (dorar.net/en/history),https://dorar.net/history/event/133,https://dorar.net/en/history?page=9
134,131,العهد المدني,9,وَفاةُ أمِّ كُلثومٍ بنتِ رسولِ الله صلَّى الله عليه وسلَّم,"THE PASSING OF UMM KULTHOOM (MAY ALLAH BE PLEASED WITH HER), THE DAUGHTER OF THE PROPHET ﷺ .","The Passing of Umm Kulthoom (May Allah Be Pleased with Her), the Daughter of the Prophet ﷺ",من الدرر (dorar.net/en/history),https://dorar.net/history/event/134,https://dorar.net/en/history?page=9
135,132,العهد المدني,9,عامُ الوُفودِ,THE YEAR OF DELEGATES .,The Year of Delegates,من الدرر (dorar.net/en/history),https://dorar.net/history/event/135,https://dorar.net/en/history?page=9
136,133,العهد المدني,9,نزول فريضة الحج,MAKING PILGRIMAGE (HAJJ) OBLIGATION .,Making Pilgrimage (Hajj) Obligation,من الدرر (dorar.net/en/history),https://dorar.net/history/event/136,https://dorar.net/en/history?page=10
137,134,العهد المدني,9,وَفاةُ النَّجاشِيِّ صاحِبِ الحَبشةِ رضِي الله عنه,"THE DEATH OF THE NAJAASHI, THE KING OF ABYSSINIA .","The Death of the Najaashi, the King of Abyssinia",من الدرر (dorar.net/en/history),https://dorar.net/history/event/137,https://dorar.net/en/history?page=10
138,135,العهد المدني,9,غَزوةُ تَبوكَ وجَيشُ العُسْرَةِ,THE BATTLE OF TABOOK AND THE ARMY OF DESTITUTE .,The Battle of Tabook and the Army of Destitute,من الدرر (dorar.net/en/history),https://dorar.net/history/event/138,https://dorar.net/en/history?page=10
139,136,العهد المدني,9,وَفاةُ رَأْسِ المُنافقين عبدِ الله بنِ أُبَيٍّ ابنِ سَلولَ,"THE DEATH OF THE HEAD OF HYPOCRITES, ABDULLAH IBN UBAY IBN SALOOL .","The Death of the Head of Hypocrites, Abdullah ibn Ubay ibn Salool",من الدرر (dorar.net/en/history),https://dorar.net/history/event/139,https://dorar.net/en/history?page=10
140,137,العهد المدني,9,حَجَّةُ أبي بكرٍ الصِّدِّيقِ ونُزولُ سُورةِ بَراءَة,ABOO BAKR PERFORMS HAJJ AND THE REVELATION OF THE SURAH OF TAWBAH. .,Aboo Bakr Performs Hajj and the Revelation of the Surah of Tawbah.,من الدرر (dorar.net/en/history),https://dorar.net/history/event/140,https://dorar.net/en/history?page=10
141,138,العهد المدني,10,تَتابُعُ الوُفودِ إلى النَّبيِّ صلَّى الله عليه وسلَّم,THE PROPHET ﷺ RECEIVING MORE DELEGATES .,The Prophet ﷺ Receiving More Delegates,من الدرر (dorar.net/en/history),https://dorar.net/history/event/141,https://dorar.net/en/history?page=10
142,139,العهد المدني,10,وَفاةُ إبراهيمَ ابنِ النَّبيِّ صلَّى الله عليه وسلَّم,"THE DEATH OF IBRAAHEEM, THE SON OF THE PROPHET ﷺ .","The Death of Ibraaheem, the Son of the Prophet ﷺ",من الدرر (dorar.net/en/history),https://dorar.net/history/event/142,https://dorar.net/en/history?page=10
143,140,العهد المدني,10,حَجَّةُ الوَداعِ وتسمى حَجَّةُ الإسلامِ أو حَجَّةُ البَلاغِ,"THE FAREWELL PILGRIMAGE, A.K.A. THE PILGRIMAGE OF ISLAM OR THE PILGRIMAGE OF ANNOUNCEMENT .","The Farewell Pilgrimage, A.k.a. the Pilgrimage of Islam or the Pilgrimage of Announcement",من الدرر (dorar.net/en/history),https://dorar.net/history/event/143,https://dorar.net/en/history?page=10
6103,141,العهد المدني,10,خروج الأسود العنسي في اليمن وقتله على يد فيروز الديلمي,The revolt of al-Aswad al-’Ansee to Yemen and his death at the hands of Fayrooz al-Daylamee .,The Revolt of al-Aswad al-’Ansee to Yemen and His Death at the Hands of Fayrooz al-Daylamee,من الدرر (dorar.net/en/history),https://dorar.net/history/event/6103,https://dorar.net/en/history?page=10
145,142,العهد المدني,11,مُصيبَةُ المسلمين الكُبرى بِوَفاةِ رسولِ الله صلَّى الله عليه وسلَّم,THE CALAMITY OF THE DEATH OF THE PROPHET ﷺ .,The Calamity of the Death of the Prophet ﷺ,من الدرر (dorar.net/en/history),https://dorar.net/history/event/145,https://dorar.net/en/history?page=10
