رمز_المكان,رقم_حدث_الدرر,العدد,ما_يعده,What_EN,الشاهد,الرابط
abyssinia,17,16,المهاجرون إلى الحبشة,Emigrants to Abyssinia,هاجر مِنَ المسلمين فيها اثنا عشرَ رجلًا، وأربعُ نِسوةٍ,https://dorar.net/history/event/17
abyssinia,19,101,المهاجرون إلى الحبشة (أقل عدد مذكور),Emigrants to Abyssinia (the lower count given),هاجر مِنَ الرِّجالِ ثلاثةٌ وثمانون رجلًا، وثماني عشرةَ أو تسعَ عشرةَ امرأةً,https://dorar.net/history/event/19
mecca,17,16,من خرج من مسلمي مكة إلى الحبشة,Muslims of Makkah who left for Abyssinia,هاجر مِنَ المسلمين فيها اثنا عشرَ رجلًا، وأربعُ نِسوةٍ,https://dorar.net/history/event/17
mecca,19,101,من خرج من مسلمي مكة إلى الحبشة (أقل عدد مذكور),Muslims of Makkah who left for Abyssinia (the lower count given),هاجر مِنَ الرِّجالِ ثلاثةٌ وثمانون رجلًا، وثماني عشرةَ أو تسعَ عشرةَ امرأةً,https://dorar.net/history/event/19
medina,35,70,من جاء من يثرب إلى بيعة العقبة الثانية,Men of Yathrib who came to the second pledge of al-Aqabah,فرحل إليه مِنَّا سبعون رجلًا,https://dorar.net/history/event/35
medina,59,300,المسلمون الخارجون إلى بدر,Muslims who marched to Badr,وعددُ المسلمين أَكثرُ مِن ثلاثمائةٍ,https://dorar.net/history/event/59
medina,69,1000,المسلمون الخارجون إلى أحد,Muslims who marched to Uhud,فسار في ألفٍ مِن أصحابِهِ,https://dorar.net/history/event/69
medina,78,1500,المسلمون الخارجون إلى بدر الموعد,Muslims who marched to Badr al-Maw'id,خَرَج الرسولُ صلَّى اللهُ عليه وسلَّم بألفٍ وخَمسِمئةٍ من أصحابِه,https://dorar.net/history/event/78
medina,127,10000,الجيش الخارج من المدينة لفتح مكة,The army that left Madinah for the Conquest of Makkah,خرَج في رَمضانَ مِنَ المدينةِ ومعه عشرةُ آلافٍ,https://dorar.net/history/event/127
mecca,127,10000,الجيش الذي دخل مكة يوم الفتح,The army that entered Makkah at the Conquest,خرَج في رَمضانَ مِنَ المدينةِ ومعه عشرةُ آلافٍ,https://dorar.net/history/event/127
medina,138,30000,جيش تبوك,The army of Tabuk,والمشهورُ والرَّاجحُ أنَّ جَيشَ تَبوكَ كان ثلاثين ألفًا,https://dorar.net/history/event/138
