المعرف,الفصل,المستوى,السؤال,Question_EN,الإجابة,الخيارات,Options_EN,الشرح,Explanation_EN,رقم_حدث_الدرر,الشاهد,رابط_الدرر
Q1,قبل البعثة,1,في أي مدينة وُلد النبي ﷺ؟,In which city was the Prophet ﷺ born?,mecca,mecca;medina;taif,,وُلد النبي ﷺ بمكة عام الفيل.,"The Prophet ﷺ was born in Makkah, in the Year of the Elephant.",1,لا خِلافَ أنَّه وُلِدَ صَلَّى اللَّهُ عَليهِ وسلَّم بجَوفِ مكَّة,https://dorar.net/history/event/1
Q2,العهد المكي,1,إلى أين هاجر المسلمون في الهجرة الأولى؟,Where did the Muslims go in the first migration?,abyssinia,abyssinia;medina;taif,,أشار النبي ﷺ على أصحابه بالهجرة إلى الحبشة لأن فيها ملكًا لا يُظلم عنده أحد.,"The Prophet ﷺ advised his Companions to go to Abyssinia, where the king wronged no one.",17,إنَّ بأرضِ الحَبشةِ مَلِكًا لا يُظلمُ عنده,https://dorar.net/history/event/17
Q3,الهجرة,1,في أي غار مكث النبي ﷺ وأبو بكر ثلاث ليال في الهجرة؟,In which cave did the Prophet ﷺ and Abu Bakr stay three nights during the Hijrah?,thawr,thawr;hira,,لجأ النبي ﷺ وأبو بكر إلى غار في جبل ثور ثلاث ليال.,The Prophet ﷺ and Abu Bakr hid in a cave on Mount Thawr for three nights.,42,بِغارٍ في جبلِ ثَوْرٍ، فَكَمَنَا فيه ثلاثَ ليالٍ,https://dorar.net/history/event/42
Q4,العهد المدني,1,في أي غزوة استُشهد حمزة رضي الله عنه؟,In which battle was Hamzah martyred?,uhud,uhud;badr;khandaq,,استُشهد حمزة رضي الله عنه يوم أحد.,Hamzah was martyred at the Battle of Uhud.,70,اسْتِشهادُ حَمزةَ رضِي الله عنه في غَزوةِ أُحُدٍ,https://dorar.net/history/event/70
Q5,قبل البعثة,1,بعد وفاة آمنة أمّ النبي ﷺ، مَن الذي تولّى كفالته؟,"After his mother Aminah died, who took the Prophet ﷺ into his care?",جدّه عبد المطلب,جدّه عبد المطلب;عمّه أبو طالب;عمّه العباس,His grandfather Abd al-Muttalib;His uncle Abu Talib;His uncle al-Abbas,بعد وفاة آمنة صارت كفالة النبي ﷺ إلى جدّه عبد المطلب بن هاشم.,"After Aminah died, the Prophet ﷺ came under the care of his grandfather Abd al-Muttalib.",4,لمَّا تُوفِّيتِ آمنةُ والدةُ الرسول عليه الصلاة والسلام وعُمُرُه ستُّ سنواتٍ، صارت كَفالَتُه إلى جدِّه عبدِ المطلب بن هاشِمٍ,https://dorar.net/history/event/4
Q6,قبل البعثة,1,على ماذا تعاهدت قبائل قريش في حلف الفضول؟,What did the clans of Quraysh pledge to do in Hilf al-Fudul?,نصرة كل مظلوم في مكة,إعادة بناء الكعبة;حماية قوافل التجارة;نصرة كل مظلوم في مكة,To rebuild the Kaaba;To protect trade caravans;To help anyone wronged in Makkah,تعاهدوا في حلف الفضول على أن يقفوا مع كل مظلوم في مكة حتى يُرَدّ إليه حقه.,In Hilf al-Fudul they pledged to stand with anyone wronged in Makkah until his right was returned.,8,فتعاقدوا وتعاهدوا على ألَّا يجدوا بمكَّة مظلومًا من أهلِها وغيرِهم من سائرِ النَّاس إلَّا قاموا معه، وكانوا على مَن ظلمهُ حتَّى تُرَدَّ عَليهِ مَظلمتُه,https://dorar.net/history/event/8
Q7,قبل البعثة,1,اختلفت قبائل قريش فيمن يضع الحجر الأسود في مكانه، فماذا فعل النبي ﷺ لحلّ الخلاف؟,The clans of Quraysh disputed who would put the Black Stone in place. What did the Prophet ﷺ do?,وضعه في ثوب أمسكته القبائل,اختار قبيلة واحدة لتضعه;وضعه في ثوب أمسكته القبائل;أجرى قرعة بين القبائل,Chose one clan to place it;Put it in a cloth all clans held;Drew lots among the clans,وضع النبي ﷺ الحجر في ثوب، فأمسكت القبائل بأطرافه، ثم وضعه هو في مكانه.,"The Prophet ﷺ put the stone in a cloth, the clans held its sides, and he set it in place himself.",11,فوضعهُ في ثوبٍ ثمَّ دعا بُطونَهم فأخذوا بنواحيه معهُ، فوضعهُ هو صلَّى الله عَليهِ وسلَّم.,https://dorar.net/history/event/11
Q8,قبل البعثة,2,تُوفِّيت آمنة أمّ النبي ﷺ وهي عائدة به إلى مكة، فمَن الذي رجع به؟,The mother of the Prophet ﷺ died on the way back to Makkah. Who brought him home?,حاضنته أم أيمن,عمّه حمزة;جدّه عبد المطلب;حاضنته أم أيمن,His uncle Hamzah;His grandfather Abd al-Muttalib;His caretaker Umm Ayman,بعد وفاة آمنة في الأبواء رجعت أم أيمن رضي الله عنها بالنبي ﷺ إلى مكة.,"After Aminah died at al-Abwa, Umm Ayman brought the Prophet ﷺ back to Makkah.",3,ثم رَجَعَت به أُمُّه إلى مكةَ، فلمَّا كانوا بالأبواءِ توُفِّيَت أُمُّه آمِنةُ بنتُ وهبٍ، ورَجَعَت به أُمُّ أيمنَ رَضي اللهُ عنها,https://dorar.net/history/event/3
Q9,قبل البعثة,2,كم كان عمر النبي ﷺ حين سافر مع عمّه أبي طالب إلى الشام؟,How old was the Prophet ﷺ when he traveled to al-Sham with his uncle Abu Talib?,اثنتا عشرة سنة,ثماني سنوات;اثنتا عشرة سنة;خمس وعشرون سنة,8 years;12 years;25 years,سافر النبي ﷺ مع عمّه أبي طالب إلى الشام للتجارة وعمره اثنتا عشرة سنة.,The Prophet ﷺ was 12 years old when he traveled with Abu Talib to al-Sham for trade.,6,لمَّا تمَّ للنبيِّ صلَّى اللهُ عليه وسلَّم من العُمُرِ اثنَتا عَشْرةَ سنةً، سافر عمُّه أبو طالِبٍ إلى الشَّامِ في رَكبٍ للتِّجارةِ، فأخَذهُ معه.,https://dorar.net/history/event/6
Q10,قبل البعثة,2,مَن الذي خرج مع النبي ﷺ إلى الشام في تجارة خديجة رضي الله عنها؟,Who went with the Prophet ﷺ to al-Sham on Khadijah's trade journey?,غلامها ميسرة,غلامها ميسرة;عمّه أبو طالب;زيد بن حارثة,Her servant Maysarah;His uncle Abu Talib;Zayd ibn Harithah,أرسلت خديجة رضي الله عنها النبي ﷺ في تجارتها، فخرج مع غلامها ميسرة إلى الشام.,"Khadijah sent the Prophet ﷺ with her trade, and he went to al-Sham with her servant Maysarah.",10,وبلغ خَديجةَ ما كان من صِدقِ حديثِ النبيِّ صلَّى اللهُ عليه وسلَّم وعِظَمِ أمانَتِه، وكرمِ أخلاقِه، فأرسلَتْه في تجارَتِها، فخَرَج مع غُلامِها مَيسَرةَ حتى قدِمَ الشامَ,https://dorar.net/history/event/10
Q11,قبل البعثة,3,مَن الصحابي الذي قال إنه كان يرى أثر الخياطة في صدر النبي ﷺ بعد حادثة شق الصدر؟,Which Companion said he used to see the stitch marks on the chest of the Prophet ﷺ after it was split open?,أنس بن مالك,عبد الله بن عباس;أنس بن مالك;أبو قتادة الأنصاري,Abdullah ibn Abbas;Anas ibn Malik;Abu Qatadah al-Ansari,روى أنس بن مالك رضي الله عنه حادثة شق الصدر، وقال إنه كان يرى أثر الخياطة في صدر النبي ﷺ.,"Anas ibn Malik, who narrated the event, said he used to see the stitch marks on the chest of the Prophet ﷺ.",2,قال أنسٌ: «وقد كنتُ أَرى أثرَ ذلكَ المِخْيَطِ في صدرِه»,https://dorar.net/history/event/2
Q12,قبل البعثة,3,لماذا أوصى عبد المطلب ابنه أبا طالب بالذات برعاية النبي ﷺ؟,Why did Abd al-Muttalib entrust the Prophet ﷺ to his son Abu Talib in particular?,لأنه وعبد الله من أم واحدة,لأنه وعبد الله من أم واحدة;لأنه أكبر أبنائه سنًّا;لأنه أغنى أبنائه مالًا,He shared a mother with Abdullah;He was his eldest son;He was his richest son,اختار عبد المطلب أبا طالب لأنه وعبد الله والد النبي ﷺ كانا من أم واحدة.,"Abd al-Muttalib chose Abu Talib because he and Abdullah, the father of the Prophet ﷺ, had the same mother.",5,وأوصَى به إلى أبي طالِبٍ؛ لأنَّ عبدَ الله -والِدَ النبيِّ صلَّى اللهُ عليه وسلَّم- وأبا طالبٍ كانا لأُمٍّ واحدةٍ,https://dorar.net/history/event/5
Q13,قبل البعثة,3,لماذا سُمّيت حرب الفجار بهذا الاسم؟,Why was the War of al-Fijar given this name?,لأن رجلًا قُتل في الشهر الحرام,لأنها بدأت وقت الفجر;لأنها دامت سنوات طويلة;لأن رجلًا قُتل في الشهر الحرام,It began at dawn (fajr);It lasted many years;A man was killed in a sacred month,سُمّيت حرب الفجار بهذا الاسم لأن البرّاض قتل عروة الرحّال في الشهر الحرام.,It was named al-Fijar because al-Barrad killed Urwah al-Rahhal during a sacred month.,7,فوَثَب عليه البَرَّاضُ فقَتَله في الشَّهرِ الحَرامِ؛ فلذلك سُمِّي الفِجارَ,https://dorar.net/history/event/7
Q14,العهد المكي,1,ما أول ما بُدئ به الوحي إلى النبي ﷺ؟,How did revelation to the Prophet ﷺ first begin?,الرؤيا الصادقة في النوم,الرؤيا الصادقة في النوم;صوت ينادي في السوق;رؤية جبريل في الطريق,True dreams in his sleep;A voice calling in the market;Seeing Jibril on the road,كان أول ما بُدئ به الوحي الرؤيا الصادقة في النوم، ثم حُبّبت إليه الخلوة في غار حراء.,Revelation began with true dreams in his sleep; then he came to love seclusion in the cave of Hira.,12,كان أوَّلَ ما بُدِئ بهِ الوحيُ هو الرُّؤيا الصَّادقةُ في النَّومِ,https://dorar.net/history/event/12
Q15,العهد المكي,1,مَن أول من أسلم وآمن بالنبي ﷺ؟,Who was the first to accept Islam and believe in the Prophet ﷺ?,خديجة بنت خويلد,عمر بن الخطاب;خديجة بنت خويلد;حمزة بن عبد المطلب,Umar ibn al-Khattab;Khadijah bint Khuwaylid;Hamzah ibn Abd al-Muttalib,كانت خديجة رضي الله عنها أول من أسلم، آمنت به إذ كفر به الناس.,Khadijah was the first to accept Islam; she believed in him when others disbelieved.,24,كانتْ خَديجةُ أوَّلَ مَنْ أَسلمَ بالنَّبيِّ صلى الله عليه وسلم,https://dorar.net/history/event/24
Q16,العهد المكي,1,ما الذي دفع حمزة بن عبد المطلب رضي الله عنه إلى إعلان أنه على دين النبي ﷺ أول الأمر؟,What first led Hamzah ibn Abd al-Muttalib to declare that he followed the religion of the Prophet ﷺ?,غضبه لما آذى أبو جهل النبي ﷺ,غضبه لما آذى أبو جهل النبي ﷺ;رؤيا رآها في منامه;حديث سمعه من أبي بكر,His anger when Abu Jahl harmed the Prophet ﷺ;A dream he saw in his sleep;Something he heard from Abu Bakr,غضب حمزة رضي الله عنه لما آذى أبو جهل ابن أخيه ﷺ، فكان إسلامه أول الأمر أنفة، ثم شرح الله صدره.,"Hamzah was angered when Abu Jahl harmed his nephew ﷺ: his Islam began as pride, then Allah opened his heart.",18,فأخبَرَتْه المَولاةُ بما رأتْ من أبي جَهلٍ، فغَضِب حَمزةُ,https://dorar.net/history/event/18
Q17,العهد المكي,2,مَن رافق النبي ﷺ في خروجه إلى الطائف؟,Who went with the Prophet ﷺ when he went to Ta'if?,زيد بن حارثة,أبو بكر الصديق;علي بن أبي طالب;زيد بن حارثة,Abu Bakr al-Siddiq;Ali ibn Abi Talib;Zayd ibn Harithah,خرج النبي ﷺ إلى الطائف ماشيًا ومعه مولاه زيد بن حارثة رضي الله عنه.,"The Prophet ﷺ walked to Ta'if with Zayd ibn Harithah, whom he had freed.",25,ومعه مولاهُ زيدُ بنُ حارثةَ,https://dorar.net/history/event/25
Q18,العهد المكي,2,كم سنة بقي بنو هاشم محاصرين في الشِّعب؟,For how many years were Banu Hashim besieged in the valley (al-Shi‘b)?,ثلاث سنين,سنة واحدة;ثلاث سنين;عشر سنين,One year;Three years;Ten years,بقي بنو هاشم في شِعبهم ثلاث سنين حتى نُقضت الصحيفة.,"Banu Hashim stayed in their valley for three years, until the boycott document was annulled.",22,فلبِث بنو هاشمٍ في شِعبهِم ثلاثَ سِنينَ,https://dorar.net/history/event/22
Q19,العهد المكي,2,مَن تُوفّي في العام نفسه الذي تُوفّيت فيه خديجة رضي الله عنها؟,Who died in the same year as Khadijah?,أبو طالب,أبو طالب;أبو لهب;عبد المطلب,Abu Talib;Abu Lahab;Abd al-Muttalib,تُوفّيت خديجة رضي الله عنها وأبو طالب في عام واحد، فتتابعت على النبي ﷺ المصائب.,"Khadijah and Abu Talib died in the same year, and the hardships followed one another for the Prophet ﷺ.",24,توفِّيتْ رضي الله عنها وأبو طالبٍ في عامٍ واحدٍ,https://dorar.net/history/event/24
Q20,العهد المكي,2,كم رجلًا من أهل يثرب قدموا على النبي ﷺ في بيعة العقبة الثانية؟,How many men from Yathrib came to the Prophet ﷺ for the Second Pledge of al-Aqabah?,سبعون رجلًا,اثنا عشر رجلًا;سبعون رجلًا;ثلاثمائة رجل,Twelve men;Seventy men;Three hundred men,قدم سبعون رجلًا من أهل يثرب في الموسم، فبايعوا النبي ﷺ عند العقبة.,Seventy men from Yathrib came during the pilgrimage season and pledged allegiance to the Prophet ﷺ at al-Aqabah.,35,فرحل إليه مِنَّا سبعون رجلًا حتَّى قَدِموا عليه في المَوسمِ,https://dorar.net/history/event/35
Q21,العهد المكي,3,لما عرض ملك الجبال أن يُطبق الأخشبين على أهل مكة، بماذا أجاب النبي ﷺ؟,"When the angel of the mountains offered to crush the people of Makkah, how did the Prophet ﷺ answer?",رجا أن يخرج منهم من يعبد الله,أذن له في ذلك;رجا أن يخرج منهم من يعبد الله;طلب أن يُمهلهم سنة,He allowed it;He hoped some of their descendants would worship Allah;He asked that they be given a year,أبى النبي ﷺ ذلك، ورجا أن يُخرج الله من أصلابهم من يعبد الله وحده.,"The Prophet ﷺ declined, hoping Allah would bring from their descendants people who worship Him alone.",25,(بل أرجو أنْ يُخرجَ الله عزَّ وجلَّ من أصلابهِم مَنْ يَعبدُ الله عزَّ وجلَّ وحدَه لا يُشركُ بهِ شيئًا),https://dorar.net/history/event/25
Q22,العهد المكي,3,أي سورة كان خباب بن الأرت رضي الله عنه يُقرئها لأخت عمر وزوجها حين دخل عليهما عمر؟,Which surah was Khabbab ibn al-Aratt teaching Umar’s sister and her husband when Umar came in?,سورة طه,سورة يس;سورة الفاتحة;سورة طه,Surah Ya-Sin;Surah al-Fatihah;Surah Taha,كان خباب رضي الله عنه يُقرئهما سورة طه من صحيفة، فقرأها عمر رضي الله عنه ثم ذهب إلى النبي ﷺ فأسلم.,"Khabbab was teaching them Surah Taha from a page; Umar read it, then went to the Prophet ﷺ and accepted Islam.",20,معه صَحيفةٌ فيها: سُورةُ [طه] يُقرِئهُما إيَّاها,https://dorar.net/history/event/20
Q23,العهد المكي,3,مَن أول من خرج في الهجرة الأولى إلى الحبشة؟,Who was the first to leave in the first migration to Abyssinia?,عثمان بن عفان,عثمان بن عفان;جعفر بن أبي طالب;عبد الرحمن بن عوف,Uthman ibn Affan;Ja‘far ibn Abi Talib;Abd al-Rahman ibn Awf,كان عثمان بن عفان رضي الله عنه أول من خرج، ومعه زوجته رقية بنت رسول الله ﷺ.,"Uthman ibn Affan was the first to leave, with his wife Ruqayyah, the daughter of the Messenger of Allah ﷺ.",17,منهم عُثمانُ بنُ عفَّانَ، وهو أوَّلُ من خرج ومعه زوجتُه رُقيَّةُ بنتُ رسولِ الله صلى الله عليه وسلم,https://dorar.net/history/event/17
Q24,الهجرة,1,بعد أي حدث أمر النبي ﷺ أصحابه رضي الله عنهم بالهجرة إلى المدينة؟,After which event did the Prophet ﷺ order his Companions to migrate to Madinah?,بيعة العقبة,بيعة العقبة;غزوة بدر;فتح مكة,The Pledge of Aqabah;The Battle of Badr;The Conquest of Makkah,لما تمت بيعة العقبة أمر النبي ﷺ أصحابه رضي الله عنهم بالهجرة إلى المدينة.,"When the Pledge of Aqabah was completed, the Prophet ﷺ ordered his Companions to migrate to Madinah.",40,لمَّا تَمَّتْ بَيعةُ العَقبةِ أمرَ رسولُ الله صلى الله عليه وسلم مَن كان معه بالهِجرةِ إلى المدينةِ,https://dorar.net/history/event/40
Q25,الهجرة,1,مَن صحب النبي ﷺ في هجرته من مكة إلى المدينة؟,Who accompanied the Prophet ﷺ on his Hijrah from Makkah to Madinah?,أبو بكر,عمر بن الخطاب;مصعب بن عمير;أبو بكر,Umar ibn al-Khattab;Mus'ab ibn Umayr;Abu Bakr,طلب أبو بكر رضي الله عنه أن يصحب النبي ﷺ في الهجرة فوافق النبي ﷺ.,"Abu Bakr asked to accompany the Prophet ﷺ on the Hijrah, and the Prophet ﷺ agreed.",42,قال: «فإنِّي قد أُذِنَ لي في الخُروجِ». فقال أبو بكرٍ: الصُّحبة بأبي أنت يا رسولَ الله؟ قال رسولُ الله صلى الله عليه وسلم: «نعم».,https://dorar.net/history/event/42
Q26,الهجرة,2,رفضت قريش أن يهاجر صهيب بن سنان رضي الله عنه بماله، فماذا فعل؟,Quraysh refused to let Suhayb ibn Sinan migrate with his wealth. What did he do?,أعطاهم ماله,أعطاهم ماله;قاتلهم ثم هرب;خرج سرًّا في الليل,He gave them his wealth;He fought them and fled;He left secretly at night,أعطى صهيب رضي الله عنه ماله لقريش مقابل أن يتركوه يهاجر.,Suhayb gave his wealth to Quraysh in return for being allowed to migrate.,40,فقال لهم صُهيبٌ: أَرأيتُم إن جَعلتُ لكم مالي أَتُخَلُّون سَبيلي؟ قالوا: نعم، فقال: فإنِّي قد جَعلتُ لكم,https://dorar.net/history/event/40
Q27,الهجرة,2,مَن كان يبيت عند النبي ﷺ وأبي بكر رضي الله عنه في الغار، ثم يصبح مع قريش في مكة كأنه بات فيها؟,"Who would spend the nights with the Prophet ﷺ and Abu Bakr in the cave, then be among Quraysh in Makkah by morning as if he had slept there?",عبد الله بن أبي بكر,عامر بن فهيرة;عبد الله بن أبي بكر;الزبير بن العوام,Amir ibn Fuhayrah;Abdullah ibn Abi Bakr;Al-Zubayr ibn al-Awwam,كان عبد الله بن أبي بكر رضي الله عنهما يبيت عندهما ثم يخرج قبل الفجر فيصبح مع قريش في مكة.,"Abdullah ibn Abi Bakr spent the nights with them, then left before dawn to be among Quraysh in Makkah by morning.",42,يَبيتُ عندهما عبدُ الله بنُ أبي بكرٍ، وهو غلامُ شابٌّ، ثَقِفٌ لَقِنٌ، فَيُدْلِجُ مِن عندهِما بِسَحَرٍ، فيُصبحُ مع قُريشٍ بمكَّةَ كَبائِتٍ,https://dorar.net/history/event/42
Q28,الهجرة,2,لما اقترب سراقة بن جعشم رضي الله عنه حتى سمع قراءة النبي ﷺ، ماذا حدث لفرسه؟,"When Suraqah ibn Ju'shum came close enough to hear the Prophet ﷺ reciting, what happened to his horse?",غاصت يداها في الأرض,هربت منه وتركته;انكسرت إحدى قوائمها;غاصت يداها في الأرض,It ran off and left him;It broke one of its legs;Its forelegs sank into the ground,غاصت يدا فرس سراقة رضي الله عنه في الأرض حتى بلغتا الركبتين.,The forelegs of Suraqah's horse sank into the ground up to the knees.,42,حتَّى إذا سمعتُ قِراءةَ رسولِ الله صلى الله عليه وسلم، وهو لا يَلتفتُ، وأبو بكرٍ يُكثِرُ الالتِفاتَ، ساختْ يَدا فَرسي في الأرضِ، حتَّى بَلغتا الرُّكبَتينِ,https://dorar.net/history/event/42
Q29,الهجرة,3,اتفق هشام بن العاص رضي الله عنه مع عمر بن الخطاب رضي الله عنه على أن يهاجرا معًا، فلماذا لم يهاجر معه؟,Hisham ibn al-As agreed with Umar ibn al-Khattab to migrate together. Why did he not go with him?,علم قومه بأمره فحبسوه,مرض قبل الخروج;علم قومه بأمره فحبسوه;ضل طريقه إلى المدينة,He fell ill before leaving;His people found out and held him;He lost his way to Madinah,علم قوم هشام بن العاص رضي الله عنه بأمره فحبسوه عن الهجرة.,Hisham ibn al-As's people found out about his plan and held him back from migrating.,40,وواعد عُمَرَ بنَ الخطَّابِ أن يُهاجِرَ معه، وقال: تَجِدُني أو أَجِدُك عند أَضاءةِ بني غِفارٍ، ففَطِنَ لهشامٍ قومُه فحبسوه عن الهِجرةِ,https://dorar.net/history/event/40
Q30,الهجرة,3,كان بعض الأنصار رضي الله عنهم ممن لم يروا النبي ﷺ من قبل يحيّون أبا بكر رضي الله عنه، فكيف عرفوا النبي ﷺ؟,Some of the Ansar who had never seen the Prophet ﷺ were greeting Abu Bakr. How did they come to know the Prophet ﷺ?,ظلله أبو بكر بردائه,ظلله أبو بكر بردائه;أخبرهم أبو بكر باسمه;قام فخطب فيهم,Abu Bakr shaded him with his cloak;Abu Bakr told them his name;He stood up and addressed them,لما أصابت الشمس النبي ﷺ ظلله أبو بكر رضي الله عنه بردائه، فعرفه الناس عند ذلك.,"When the sun reached the Prophet ﷺ, Abu Bakr shaded him with his cloak, and then the people knew who he was.",42,حتَّى أصابتِ الشَّمسُ رسولَ الله صلى الله عليه وسلم، فأقبل أبو بكرٍ حتَّى ظَلَّلَ عليه بِردائِه، فعرَف النَّاسُ رسولَ الله صلى الله عليه وسلم عند ذلك,https://dorar.net/history/event/42
Q31,الهجرة,3,كم من الوقت ظل أبو بكر رضي الله عنه يطعم راحلتيه وهو ينتظر أن يصحب النبي ﷺ في الهجرة؟,For how long did Abu Bakr feed his two riding camels while waiting to accompany the Prophet ﷺ on the Hijrah?,أربعة أشهر,شهر واحد;شهران;أربعة أشهر,One month;Two months;Four months,ظل أبو بكر رضي الله عنه يطعم راحلتيه أربعة أشهر وهو ينتظر أن يصحب النبي ﷺ.,Abu Bakr fed his two riding camels for four months while waiting to accompany the Prophet ﷺ.,42,فحبَس أبو بكرٍ نَفْسَهُ على رسولِ الله صلى الله عليه وسلم لِيصحبَهُ، وعلَف راحِلتينِ كانتا عنده وَرَقَ السَّمُرِ -وهو الخَبَطُ- أربعةَ أَشهُرٍ,https://dorar.net/history/event/42
Q32,العهد المدني,1,كم كان عدد المسلمين في غزوة بدر؟,How many Muslims took part in the Battle of Badr?,أكثر من ثلاثمائة,نحو مائة رجل;أكثر من ثلاثمائة;نحو ألف رجل,About a hundred;Over three hundred;About a thousand,كان المسلمون يوم بدر أكثر من ثلاثمائة، وكان المشركون يقاربون الألف.,"The Muslims at Badr were over three hundred, and the polytheists nearly a thousand.",59,وعددُ المسلمين أَكثرُ مِن ثلاثمائةٍ,https://dorar.net/history/event/59
Q33,العهد المدني,1,ما الذي قلب المعركة على المسلمين في غزوة أحد؟,What turned the Battle of Uhud against the Muslims?,ترك الرماة أماكنهم لجمع الغنائم,ترك الرماة أماكنهم لجمع الغنائم;نفاد الماء من المسلمين;وصول جيش آخر من اليمن,The archers left their posts for the spoils;The Muslims ran out of water;Another army arrived from Yemen,خالف الرماة وصية النبي ﷺ ونزلوا يجمعون الغنائم، فالتف خالد بن الوليد خلف المسلمين.,"The archers disobeyed the Prophet’s instruction ﷺ and went down for the spoils, so Khalid ibn al-Walid came round behind the Muslims.",69,أَهملَ الرُّماةُ وَصِيَّةَ نَبِيِّهِم لهم ونزلوا يَحصُدون الغَنائمَ,https://dorar.net/history/event/69
Q34,العهد المدني,2,كم ليلة استمر حصار الأحزاب للمدينة في غزوة الخندق؟,For how many nights did the confederate armies besiege Madinah at the Battle of the Trench?,أربعًا وعشرين ليلة,سبع ليال;أربعًا وعشرين ليلة;ثلاثة أشهر,Seven nights;Twenty-four nights;Three months,استمر الحصار أربعًا وعشرين ليلة، ثم رحلت الأحزاب بعد أن أرسل الله عليهم الريح.,The siege lasted twenty-four nights; then the confederates left after Allah sent the wind against them.,84,واسْتمرَّ الحِصارُ أربعًا وعِشرين ليلةً,https://dorar.net/history/event/84
Q35,العهد المدني,2,آخى النبي ﷺ بين عبد الرحمن بن عوف رضي الله عنه وأحد الأنصار، فمن هو؟,The Prophet ﷺ made Abd al-Rahman ibn Awf a brother to one of the Ansar. Who?,سعد بن الربيع,سعد بن معاذ;أبو أيوب الأنصاري;سعد بن الربيع,Sa‘d ibn Mu‘adh;Abu Ayyub al-Ansari;Sa‘d ibn al-Rabi‘,آخى النبي ﷺ بين عبد الرحمن بن عوف وسعد بن الربيع رضي الله عنهما، فعرض عليه سعد نصف ماله.,"The Prophet ﷺ made Abd al-Rahman ibn Awf and Sa‘d ibn al-Rabi‘ brothers, and Sa‘d offered him half his wealth.",45,آخى رسولُ الله صلى الله عليه وسلم بيني وبين سعدِ بنِ الرَّبيعِ,https://dorar.net/history/event/45
Q36,العهد المدني,2,مَن جعله النبي ﷺ أميرًا على الرماة يوم أحد؟,Whom did the Prophet ﷺ put in command of the archers at Uhud?,عبد الله بن جبير,عبد الله بن جبير;مصعب بن عمير;الزبير بن العوام,Abdullah ibn Jubayr;Mus‘ab ibn Umayr;Al-Zubayr ibn al-Awwam,أمّر النبي ﷺ على الرماة عبد الله بن جبير رضي الله عنه، وأعطى اللواء مصعب بن عمير رضي الله عنه.,"The Prophet ﷺ put Abdullah ibn Jubayr in command of the archers, and gave the banner to Mus‘ab ibn Umayr.",69,وأمَّرَ على الرُّماةِ عبدَ الله بنَ جُبَيْرٍ,https://dorar.net/history/event/69
Q37,العهد المدني,3,عرض الغلامان اليتيمان أن يهبا للنبي ﷺ الأرض التي بُني عليها مسجده، فماذا فعل؟,The two orphan boys offered the Prophet ﷺ the land where his mosque was built as a gift. What did he do?,اشتراها منهما,قبلها منهما هبة;اشتراها منهما;بنى المسجد في مكان آخر,Accepted it as a gift;Bought it from them;Built the mosque elsewhere,أبى النبي ﷺ أن يقبل الأرض هبة حتى اشتراها من الغلامين اليتيمين، ثم بناها مسجدًا.,"The Prophet ﷺ declined to take the land as a gift and bought it from the two orphans, then built the mosque on it.",44,فأبى رسولُ الله أن يَقبلَهُ منهُما هِبَةً حتَّى ابتاعَهُ منهُما,https://dorar.net/history/event/44
Q38,العهد المدني,3,لما تحولت القبلة إلى الكعبة، في أي صلاة تحوّل قوم من الأنصار وهم راكعون؟,"When the Qiblah changed to the Kaaba, during which prayer did some of the Ansar turn while bowing?",صلاة العصر,صلاة الفجر;صلاة العصر;صلاة العشاء,The Fajr prayer;The Asr prayer;The Isha prayer,مرّ رجل صلى مع النبي ﷺ على قوم من الأنصار في صلاة العصر، فأخبرهم فانحرفوا وهم ركوع.,"A man who had prayed with the Prophet ﷺ passed some of the Ansar at the Asr prayer and told them, so they turned while bowing.",55,فانحرفوا وهُم ركوعٌ في صلاةِ العصرِ,https://dorar.net/history/event/55
Q39,العهد المدني,1,ما سبب غزوة فتح مكة؟,What was the cause of the conquest of Makkah?,المشركون نقضوا العهد,المشركون هاجموا المدينة;المشركون نقضوا العهد;هوازن تجمعت لقتال المسلمين,The polytheists attacked Madinah;The polytheists broke the treaty;Hawazin gathered to fight Muslims,كان سبب فتح مكة أن المشركين نقضوا العهد، فأغاروا على قبيلة حليفة للنبي ﷺ.,The cause was that the polytheists broke the treaty and attacked a tribe allied with the Prophet ﷺ.,127,كان سببُها أنَّ المشركين نقَضوا العهدَ الذي بينهم وبين رسولِ الله صلى الله عليه وسلم، فأَغاروا على إحدى القَبائلِ المُحالفةِ للرَّسولِ,https://dorar.net/history/event/127
Q40,العهد المدني,1,كم كان عمر النبي ﷺ حين تُوفِّي؟,How old was the Prophet ﷺ when he passed away?,63 سنة,40 سنة;53 سنة;63 سنة,40 years;53 years;63 years,تُوفِّي النبي ﷺ وقد أتمَّ 63 سنة من عمره.,The Prophet ﷺ passed away at the age of 63.,145,وقد تَمَّ له مِنَ العُمُرِ 63 سَنَةً,https://dorar.net/history/event/145
Q41,العهد المدني,2,ما مدة وقف الحرب التي اتُّفِق عليها في صلح الحديبية؟,For how long did the Treaty of al-Hudaybiyah stop the war?,عشر سنين,خمس سنين;عشر سنين;عشرون سنة,Five years;Ten years;Twenty years,اتُّفِق في صلح الحديبية على وضع الحرب عشر سنين يأمن فيها الناس.,"The Treaty of al-Hudaybiyah stopped the war for ten years, during which people would be safe.",101,فصالَحهُ النَّبيُّ صلى الله عليه وسلم على أن تُوضَعَ الحربُ عشرَ سنين يأمنُ فيها النَّاسُ,https://dorar.net/history/event/101
Q42,العهد المدني,2,على يد مَن جعل الله فتح خيبر؟,At whose hands did Allah grant the conquest of Khaybar?,علي بن أبي طالب,علي بن أبي طالب;خالد بن الوليد;زيد بن حارثة,Ali ibn Abi Talib;Khalid ibn al-Walid;Zayd ibn Harithah,جعل الله فتح خيبر على يد علي بن أبي طالب رضي الله عنه.,Allah granted the conquest of Khaybar at the hands of Ali ibn Abi Talib (may Allah be pleased with him).,102,وقد جعَل الله تعالى فتحَ خَيبرَ على يَدِ عليِّ بنِ أبي طالبٍ رضي الله عنه,https://dorar.net/history/event/102
Q43,العهد المدني,2,في غزوة حنين، مَن أمره النبي ﷺ أن ينادي الناس بالثبات؟,"At the Battle of Hunayn, whom did the Prophet ﷺ order to call out to the people to stand firm?",العباس,بلال;أبو بكر;العباس,Bilal;Abu Bakr;Al-Abbas,أمر النبي ﷺ عمَّه العباس رضي الله عنه، وكان جهوري الصوت، أن ينادي الناس بالثبات.,"The Prophet ﷺ ordered his uncle al-Abbas (may Allah be pleased with him), who had a loud voice, to call the people to stand firm.",132,وأمَر الرَّسولُ صلى الله عليه وسلم عَمَّهُ العبَّاسَ -وكان جَهْوَرِيَّ الصَّوتِ- أن يُنادِيَ النَّاسَ بالثَّباتِ,https://dorar.net/history/event/132
Q44,العهد المدني,3,أيُّ هؤلاء الملوك أسلم حين وصله كتاب النبي ﷺ؟,Which of these kings accepted Islam when the letter of the Prophet ﷺ reached him?,المنذر ملك البحرين,المنذر ملك البحرين;قيصر ملك الروم;كسرى ملك الفرس,"Al-Mundhir, king of Bahrain;Caesar, king of the Romans;Kisra, king of the Persians",أسلم ملك البحرين المنذر بن ساوى رضي الله عنه حين أتاه كتاب النبي ﷺ.,"The king of Bahrain, al-Mundhir ibn Sawa (may Allah be pleased with him), accepted Islam when the letter of the Prophet ﷺ reached him.",106,وبعَث العَلاءَ بنَ الحَضرميِّ إلى المُنذِرِ بنِ ساوى العَبديِّ مَلكِ البَحريْنِ فلمَّا أَتاهُ كِتابُ رسولِ الله صلى الله عليه وسلم أَسلمَ,https://dorar.net/history/event/106
Q45,العهد المدني,3,كم ليلةً أقام النبي ﷺ بتبوك قبل أن يرجع إلى المدينة؟,How many nights did the Prophet ﷺ stay at Tabuk before returning to Madinah?,عشرون ليلة,سبع ليالٍ;عشرون ليلة;أربعون ليلة,Seven nights;Twenty nights;Forty nights,أقام النبي ﷺ بتبوك عشرين ليلة، ثم رجع إلى المدينة دون أن يلقى حربًا.,"The Prophet ﷺ stayed at Tabuk for twenty nights, then returned to Madinah without any battle taking place.",138,لم يَلْقَ حَربًا مِنَ الأعداءِ، فرجَع إلى المدينةِ مُنتصِرًا بعدَ أن أقامَ بتَبوكَ عِشرين ليلةً,https://dorar.net/history/event/138
